path,type,required,constraints,description
ITR.ITR4.CreationInfo,object,Y,,This element will be used by third party vendors and intermediaries to give details of their software or JSON creation.
ITR.ITR4.CreationInfo.SWVersionNo,string,Y,"{""minLength"":1,""maxLength"":10,""pattern"":""|(\\s*([\\w\\d_=!@#$%\\^*\\(\\){}\\[\\]\\|\\\\:;',\\.\\?/~`\\-\\+<>&\""][\\s\\w\\d_=!@#$%\\^*\\(\\){}\\[\\]\\|\\\\:;',\\.\\?/~`\\-\\+<>&\""]*)\\s*)"",""default"":""1.0""}",
ITR.ITR4.CreationInfo.SWCreatedBy,string,Y,"{""allOfPatterns"":[""|(\\s*([\\w\\d_=!@#$%\\^*\\(\\){}\\[\\]\\|\\\\:;',\\.\\?/~`\\-\\+<>&\""][\\s\\w\\d_=!@#$%\\^*\\(\\){}\\[\\]\\|\\\\:;',\\.\\?/~`\\-\\+<>&\""]*)\\s*)"",""[S][W][0-9]{8}""]}",
ITR.ITR4.CreationInfo.JSONCreatedBy,string,Y,"{""allOfPatterns"":[""|(\\s*([\\w\\d_=!@#$%\\^*\\(\\){}\\[\\]\\|\\\\:;',\\.\\?/~`\\-\\+<>&\""][\\s\\w\\d_=!@#$%\\^*\\(\\){}\\[\\]\\|\\\\:;',\\.\\?/~`\\-\\+<>&\""]*)\\s*)"",""[S][W][0-9]{8}""]}",
ITR.ITR4.CreationInfo.JSONCreationDate,string,Y,"{""pattern"":""([12]\\d{3}-(0[1-9]|1[0-2])-(0[1-9]|[12]\\d|3[01]))""}",JSONCreationDate in YYYY-MM-DD format
ITR.ITR4.CreationInfo.IntermediaryCity,string,Y,"{""minLength"":1,""maxLength"":25,""pattern"":""|(\\s*([\\w\\d_=!@#$%\\^*\\(\\){}\\[\\]\\|\\\\:;',\\.\\?/~`\\-\\+<>&\""][\\s\\w\\d_=!@#$%\\^*\\(\\){}\\[\\]\\|\\\\:;',\\.\\?/~`\\-\\+<>&\""]*)\\s*)"",""default"":""Delhi""}",
ITR.ITR4.CreationInfo.Digest,string,Y,"{""allOfPatterns"":[""|(\\s*([\\w\\d_=!@#$%\\^*\\(\\){}\\[\\]\\|\\\\:;',\\.\\?/~`\\-\\+<>&\""][\\s\\w\\d_=!@#$%\\^*\\(\\){}\\[\\]\\|\\\\:;',\\.\\?/~`\\-\\+<>&\""]*)\\s*)"",""-|.{44}""]}",
ITR.ITR4.Form_ITR4,object,Y,,Enter details of IT return form
ITR.ITR4.Form_ITR4.FormName,string,Y,"{""allOfPatterns"":[""|(\\s*([\\w\\d_=!@#$%\\^*\\(\\){}\\[\\]\\|\\\\:;',\\.\\?/~`\\-\\+<>&\""][\\s\\w\\d_=!@#$%\\^*\\(\\){}\\[\\]\\|\\\\:;',\\.\\?/~`\\-\\+<>&\""]*)\\s*)"",""ITR-4""]}",
ITR.ITR4.Form_ITR4.Description,string,Y,"{""minLength"":1,""maxLength"":75,""pattern"":""|(\\s*([\\w\\d_=!@#$%\\^*\\(\\){}\\[\\]\\|\\\\:;',\\.\\?/~`\\-\\+<>&\""][\\s\\w\\d_=!@#$%\\^*\\(\\){}\\[\\]\\|\\\\:;',\\.\\?/~`\\-\\+<>&\""]*)\\s*)""}",
ITR.ITR4.Form_ITR4.AssessmentYear,string,Y,"{""minLength"":4,""maxLength"":4,""allOfPatterns"":[""|(\\s*([\\w\\d_=!@#$%\\^*\\(\\){}\\[\\]\\|\\\\:;',\\.\\?/~`\\-\\+<>&\""][\\s\\w\\d_=!@#$%\\^*\\(\\){}\\[\\]\\|\\\\:;',\\.\\?/~`\\-\\+<>&\""]*)\\s*)"",""2026""]}",
ITR.ITR4.Form_ITR4.SchemaVer,string,Y,"{""minLength"":1,""maxLength"":10,""allOfPatterns"":[""|(\\s*([\\w\\d_=!@#$%\\^*\\(\\){}\\[\\]\\|\\\\:;',\\.\\?/~`\\-\\+<>&\""][\\s\\w\\d_=!@#$%\\^*\\(\\){}\\[\\]\\|\\\\:;',\\.\\?/~`\\-\\+<>&\""]*)\\s*)"",""Ver1.0""]}",
ITR.ITR4.Form_ITR4.FormVer,string,Y,"{""minLength"":1,""maxLength"":10,""allOfPatterns"":[""|(\\s*([\\w\\d_=!@#$%\\^*\\(\\){}\\[\\]\\|\\\\:;',\\.\\?/~`\\-\\+<>&\""][\\s\\w\\d_=!@#$%\\^*\\(\\){}\\[\\]\\|\\\\:;',\\.\\?/~`\\-\\+<>&\""]*)\\s*)"",""Ver1.0""]}",
ITR.ITR4.PersonalInfo,object,Y,,Enter personal information
ITR.ITR4.PersonalInfo.AssesseeName,object,Y,,Assessee name with Surname mandatory.
ITR.ITR4.PersonalInfo.AssesseeName.FirstName,string,N,"{""maxLength"":25,""pattern"":""|(\\s*([\\w\\d_=!@#$%\\^*\\(\\){}\\[\\]\\|\\\\:;',\\.\\?/~`\\-\\+<>&\""][\\s\\w\\d_=!@#$%\\^*\\(\\){}\\[\\]\\|\\\\:;',\\.\\?/~`\\-\\+<>&\""]*)\\s*)""}",
ITR.ITR4.PersonalInfo.AssesseeName.MiddleName,string,N,"{""maxLength"":25,""pattern"":""|(\\s*([\\w\\d_=!@#$%\\^*\\(\\){}\\[\\]\\|\\\\:;',\\.\\?/~`\\-\\+<>&\""][\\s\\w\\d_=!@#$%\\^*\\(\\){}\\[\\]\\|\\\\:;',\\.\\?/~`\\-\\+<>&\""]*)\\s*)""}",
ITR.ITR4.PersonalInfo.AssesseeName.SurNameOrOrgName,string,Y,"{""minLength"":1,""maxLength"":75,""pattern"":""|(\\s*([\\w\\d_=!@#$%\\^*\\(\\){}\\[\\]\\|\\\\:;',\\.\\?/~`\\-\\+<>&\""][\\s\\w\\d_=!@#$%\\^*\\(\\){}\\[\\]\\|\\\\:;',\\.\\?/~`\\-\\+<>&\""]*)\\s*)""}",Enter Last or Sur name for Individual or HUF or Org name here
ITR.ITR4.PersonalInfo.PAN,string,Y,"{""allOfPatterns"":[""|(\\s*([\\w\\d_=!@#$%\\^*\\(\\){}\\[\\]\\|\\\\:;',\\.\\?/~`\\-\\+<>&\""][\\s\\w\\d_=!@#$%\\^*\\(\\){}\\[\\]\\|\\\\:;',\\.\\?/~`\\-\\+<>&\""]*)\\s*)"",""[A-Z]{5}[0-9]{4}[A-Z]""]}",
ITR.ITR4.PersonalInfo.Address,object,Y,,Address of assessee
ITR.ITR4.PersonalInfo.Address.ResidenceNo,string,Y,"{""minLength"":1,""maxLength"":50,""pattern"":""|(\\s*([\\w\\d_=!@#$%\\^*\\(\\){}\\[\\]\\|\\\\:;',\\.\\?/~`\\-\\+<>&\""][\\s\\w\\d_=!@#$%\\^*\\(\\){}\\[\\]\\|\\\\:;',\\.\\?/~`\\-\\+<>&\""]*)\\s*)""}",
ITR.ITR4.PersonalInfo.Address.ResidenceName,string,N,"{""maxLength"":50,""pattern"":""|(\\s*([\\w\\d_=!@#$%\\^*\\(\\){}\\[\\]\\|\\\\:;',\\.\\?/~`\\-\\+<>&\""][\\s\\w\\d_=!@#$%\\^*\\(\\){}\\[\\]\\|\\\\:;',\\.\\?/~`\\-\\+<>&\""]*)\\s*)""}",
ITR.ITR4.PersonalInfo.Address.RoadOrStreet,string,N,"{""maxLength"":50,""pattern"":""|(\\s*([\\w\\d_=!@#$%\\^*\\(\\){}\\[\\]\\|\\\\:;',\\.\\?/~`\\-\\+<>&\""][\\s\\w\\d_=!@#$%\\^*\\(\\){}\\[\\]\\|\\\\:;',\\.\\?/~`\\-\\+<>&\""]*)\\s*)""}",
ITR.ITR4.PersonalInfo.Address.LocalityOrArea,string,Y,"{""minLength"":1,""maxLength"":50,""pattern"":""|(\\s*([\\w\\d_=!@#$%\\^*\\(\\){}\\[\\]\\|\\\\:;',\\.\\?/~`\\-\\+<>&\""][\\s\\w\\d_=!@#$%\\^*\\(\\){}\\[\\]\\|\\\\:;',\\.\\?/~`\\-\\+<>&\""]*)\\s*)""}",
ITR.ITR4.PersonalInfo.Address.CityOrTownOrDistrict,string,Y,"{""minLength"":1,""maxLength"":50,""pattern"":""|(\\s*([\\w\\d_=!@#$%\\^*\\(\\){}\\[\\]\\|\\\\:;',\\.\\?/~`\\-\\+<>&\""][\\s\\w\\d_=!@#$%\\^*\\(\\){}\\[\\]\\|\\\\:;',\\.\\?/~`\\-\\+<>&\""]*)\\s*)""}",
ITR.ITR4.PersonalInfo.Address.StateCode,string,Y,"{""pattern"":""|(\\s*([\\w\\d_=!@#$%\\^*\\(\\){}\\[\\]\\|\\\\:;',\\.\\?/~`\\-\\+<>&\""][\\s\\w\\d_=!@#$%\\^*\\(\\){}\\[\\]\\|\\\\:;',\\.\\?/~`\\-\\+<>&\""]*)\\s*)"",""enum"":[""01"",""02"",""03"",""04"",""05"",""06"",""07"",""08"",""09"",""10"",""11"",""12"",""13"",""14"",""15"",""16"",""17"",""18"",""19"",""20"",""21"",""22"",""23"",""24"",""25"",""26"",""27"",""28"",""29"",""30"",""31"",""32"",""33"",""34"",""35"",""36"",""37"",""99""]}",01-Andaman and Nicobar islands; 02-Andhra Pradesh; 03-Arunachal Pradesh; 04-Assam; 05-Bihar; 06-Chandigarh; 07-Dadra Nagar and Haveli; 08-Daman and Diu; 09- Delhi; 10- Goa; 11-Gujarat; 12- Haryana; 13- Himachal Pradesh; 14-Jammu and Kashmir; 15- Karnataka; 16- Kerala; 17- Lakshadweep; 18-Madhya Pradesh; 19-Maharashtra; 20-Manipur; 21-meghalaya; 22-Mizoram; 23-Nagaland; 24- Odisha; 25- Puducherry; 26- Punjab; 27-Rajasthan; 28- Sikkim; 29-Tamil Nadu; 30- Tripura; 31-Uttar Pradesh; 32- West Bengal; 33- Chhattisgarh; 34- Uttarakhand; 35- Jharkhand; 36- Telangana; 37- Ladakh; 99- Foreign
ITR.ITR4.PersonalInfo.Address.CountryCode,string,Y,"{""pattern"":""|(\\s*([\\w\\d_=!@#$%\\^*\\(\\){}\\[\\]\\|\\\\:;',\\.\\?/~`\\-\\+<>&\""][\\s\\w\\d_=!@#$%\\^*\\(\\){}\\[\\]\\|\\\\:;',\\.\\?/~`\\-\\+<>&\""]*)\\s*)"",""enum"":[""93"",""1001"",""355"",""213"",""684"",""376"",""244"",""1264"",""1010"",""1268"",""54"",""374"",""297"",""61"",""43"",""994"",""1242"",""973"",""880"",""1246"",""375"",""32"",""501"",""229"",""1441"",""975"",""591"",""1002"",""387"",""267"",""1003"",""55"",""1014"",""673"",""359"",""226"",""257"",""238"",""855"",""237"",""1"",""1345"",""236"",""235"",""56"",""86"",""9"",""672"",""57"",""270"",""242"",""243"",""682"",""506"",""225"",""385"",""53"",""1015"",""357"",""420"",""45"",""253"",""1767"",""1809"",""593"",""20"",""503"",""240"",""291"",""372"",""251"",""500"",""298"",""679"",""358"",""33"",""594"",""689"",""1004"",""241"",""220"",""995"",""49"",""233"",""350"",""30"",""299"",""1473"",""590"",""1671"",""502"",""1481"",""224"",""245"",""592"",""509"",""1005"",""6"",""504"",""852"",""36"",""354"",""91"",""62"",""98"",""964"",""353"",""1624"",""972"",""5"",""1876"",""81"",""1534"",""962"",""7"",""254"",""686"",""850"",""82"",""965"",""996"",""856"",""371"",""961"",""266"",""231"",""218"",""423"",""370"",""352"",""853"",""389"",""261"",""265"",""60"",""960"",""223"",""356"",""692"",""596"",""222"",""230"",""269"",""52"",""691"",""373"",""377"",""976"",""382"",""1664"",""212"",""258"",""95"",""264"",""674"",""977"",""31"",""687"",""64"",""505"",""227"",""234"",""683"",""15"",""1670"",""47"",""968"",""92"",""680"",""970"",""507"",""675"",""595"",""51"",""63"",""1011"",""48"",""14"",""1787"",""974"",""262"",""40"",""8"",""250"",""1006"",""290"",""1869"",""1758"",""1007"",""508"",""1784"",""685"",""378"",""239"",""966"",""221"",""381"",""248"",""232"",""65"",""1721"",""421"",""386"",""677"",""252"",""28"",""1008"",""211"",""35"",""94"",""249"",""597"",""1012"",""268"",""46"",""41"",""963"",""886"",""992"",""255"",""66"",""670"",""228"",""690"",""676"",""1868"",""216"",""90"",""993"",""1649"",""688"",""256"",""380"",""971"",""44"",""2"",""1009"",""598"",""998"",""678"",""58"",""84"",""1284"",""1340"",""681"",""1013"",""967"",""260"",""263"",""9999""]}"," 93 : AFGHANISTAN, 1001 : ÅLAND ISLANDS, 355 : ALBANIA, 213 : ALGERIA, 684 : AMERICAN SAMOA, 376 : ANDORRA, 244 : ANGOLA, 1264 : ANGUILLA, 1010 : ANTARCTICA, 1268 : ANTIGUA AND BARBUDA, 54 : ARGENTINA, 374 : ARMENIA, 297 : ARUBA, 61 : AUSTRALIA, 43 : AUSTRIA, 994 : AZERBAIJAN, 1242 : BAHAMAS, 973 : BAHRAIN, 880 : BANGLADESH, 1246 : BARBADOS, 375 : BELARUS, 32 : BELGIUM, 501 : BELIZE, 229 : BENIN, 1441 : BERMUDA, 975 : BHUTAN, 591 : BOLIVIA (PLURINATIONAL STATE OF), 1002 : BONAIRE, SINT EUSTATIUS AND SABA, 387 : BOSNIA AND HERZEGOVINA, 267 : BOTSWANA, 1003 : BOUVET ISLAND, 55 : BRAZIL, 1014 : BRITISH INDIAN OCEAN TERRITORY, 673 : BRUNEI DARUSSALAM, 359 : BULGARIA, 226 :  BURKINA FASO, 257 : BURUNDI, 238 : CABO VERDE, 855 : CAMBODIA, 237 : CAMEROON, 1 : CANADA, 1345 : CAYMAN ISLANDS, 236 : CENTRAL AFRICAN REPUBLIC, 235 : CHAD, 56 : CHILE, 86 : CHINA, 9 : CHRISTMAS ISLAND, 672 : COCOS (KEELING) ISLANDS, 57 : COLOMBIA, 270 : COMOROS, 242 : CONGO, 243 : CONGO (DEMOCRATIC REPUBLIC OF THE), 682 : COOK ISLANDS, 506 : COSTA RICA, 225 : CÔTE D'IVOIRE, 385 : CROATIA, 53 : CUBA, 1015 : CURAÇAO, 357 : CYPRUS, 420 : CZECHIA, 45 : DENMARK, 253 : DJIBOUTI, 1767 : DOMINICA, 1809 : DOMINICAN REPUBLIC, 593 : ECUADOR, 20 : EGYPT, 503 : EL SALVADOR, 240 : EQUATORIAL GUINEA, 291 : ERITREA, 372 : ESTONIA, 251 : ETHIOPIA, 500 : FALKLAND ISLANDS (MALVINAS), 298 : FAROE ISLANDS, 679 : FIJI, 358 : FINLAND, 33 : FRANCE, 594 : FRENCH GUIANA, 689 : FRENCH POLYNESIA, 1004 : FRENCH SOUTHERN TERRITORIES, 241 : GABON, 220 : GAMBIA, 995 : GEORGIA, 49 : GERMANY, 233 : GHANA, 350 : GIBRALTAR, 30 : GREECE, 299 : GREENLAND, 1473 : GRENADA, 590 : GUADELOUPE, 1671 : GUAM, 502 : GUATEMALA, 1481 : GUERNSEY, 224 : GUINEA, 245 : GUINEA-BISSAU, 592 : GUYANA, 509 : HAITI, 1005 : HEARD ISLAND AND MCDONALD ISLANDS, 6 : HOLY SEE, 504 : HONDURAS, 852 : HONG KONG, 36 : HUNGARY, 354 : ICELAND, 91 : INDIA, 62 : INDONESIA, 98 : IRAN (ISLAMIC REPUBLIC OF), 964 : IRAQ, 353 : IRELAND, 1624 : ISLE OF MAN, 972 : ISRAEL, 5 : ITALY, 1876 : JAMAICA, 81 : JAPAN, 1534 : JERSEY, 962 : JORDAN, 7 : KAZAKHSTAN, 254 : KENYA, 686 : KIRIBATI, 850 : KOREA(DEMOCRATIC PEOPLE'S REPUBLIC OF), 82 : KOREA (REPUBLIC OF), 965 : KUWAIT, 996 : KYRGYZSTAN, 856 : LAO PEOPLE'S DEMOCRATIC REPUBLIC, 371 : LATVIA, 961 : LEBANON, 266 : LESOTHO, 231 : LIBERIA, 218 : LIBYA, 423 : LIECHTENSTEIN, 370 : LITHUANIA, 352 : LUXEMBOURG, 853 : MACAO, 389 : MACEDONIA(THE FORMER YUGOSLAV REPUBLIC OF), 261 : MADAGASCAR, 265 : MALAWI, 60 : MALAYSIA, 960 : MALDIVES, 223 : MALI, 356 : MALTA, 692 : MARSHALL ISLANDS, 596 : MARTINIQUE, 222 : MAURITANIA, 230 : MAURITIUS, 269 : MAYOTTE, 52 : MEXICO, 691 : MICRONESIA (FEDERATED STATES OF), 373 : MOLDOVA (REPUBLIC OF), 377 : MONACO, 976 : MONGOLIA, 382 : MONTENEGRO, 1664 : MONTSERRAT, 212 : MOROCCO, 258 : MOZAMBIQUE, 95 : MYANMAR, 264 : NAMIBIA, 674 : NAURU, 977 : NEPAL, 31 : NETHERLANDS, 687 : NEW CALEDONIA, 64 : NEW ZEALAND, 505 : NICARAGUA, 227 : NIGER, 234 : NIGERIA, 683 : NIUE, 15 : NORFOLK ISLAND, 1670 : NORTHERN MARIANA ISLANDS, 47 : NORWAY, 968 : OMAN, 92 : PAKISTAN, 680 : PALAU, 970 : PALESTINE, STATE OF, 507 : PANAMA, 675 : PAPUA NEW GUINEA, 595 : PARAGUAY, 51 : PERU, 63 : PHILIPPINES, 1011 : PITCAIRN, 48 : POLAND, 14 : PORTUGAL, 1787 : PUERTO RICO, 974 : QATAR, 262 : RÉUNION, 40 : ROMANIA, 8 : RUSSIAN FEDERATION, 250 : RWANDA, 1006 : SAINT BARTHÉLEMY, 290 :  SAINT HELENA, ASCENSION AND TRISTAN DA CUNHA, 1869 : SAINT KITTS AND NEVIS, 1758 : SAINT LUCIA, 1007 : SAINT MARTIN (FRENCH PART), 508 : SAINT PIERRE AND MIQUELON, 1784 : SAINT VINCENT AND THE GRENADINES, 685 : SAMOA, 378 : SAN MARINO, 239 : SAO TOME AND PRINCIPE, 966 : SAUDI ARABIA, 221 : SENEGAL, 381 : SERBIA, 248 : SEYCHELLES, 232 : SIERRA LEONE, 65 : SINGAPORE, 1721 : SINT MAARTEN (DUTCH PART), 421 : SLOVAKIA, 386 : SLOVENIA, 677 : SOLOMON ISLANDS, 252 : SOMALIA, 28 : SOUTH AFRICA, 1008 : SOUTH GEORGIA AND THE SOUTH SANDWICH ISLANDS, 211 : SOUTH SUDAN, 35 : SPAIN, 94 : SRI LANKA, 249 : SUDAN, 597 : SURINAME, 1012 : SVALBARD AND JAN MAYEN, 268 : SWAZILAND, 46 : SWEDEN, 41 : SWITZERLAND, 963 : SYRIAN ARAB REPUBLIC, 886 : TAIWAN, 992 : TAJIKISTAN, 255 : TANZANIA, UNITED REPUBLIC OF, 66 : THAILAND, 670 : TIMOR-LESTE (EAST TIMOR), 228 : TOGO, 690 : TOKELAU, 676 : TONGA, 1868 : TRINIDAD AND TOBAGO, 216 : TUNISIA, 90 : TURKEY, 993 : TURKMENISTAN, 1649 : TURKS AND CAICOS ISLANDS, 688 : TUVALU, 256 : UGANDA, 380 : UKRAINE, 971 : UNITED ARAB EMIRATES, 44 : UNITED KINGDOM OF GREAT BRITAIN AND NORTHERN IRELAND, 2 : UNITED STATES OF AMERICA, 1009 : UNITED STATES MINOR OUTLYING ISLANDS, 598 : URUGUAY, 998 : UZBEKISTAN, 678 : VANUATU, 58 : VENEZUELA (BOLIVARIAN REPUBLIC OF), 84 : VIET NAM, 1284 : VIRGIN ISLANDS (BRITISH), 1340 : VIRGIN ISLANDS (U.S.), 681 : WALLIS AND FUTUNA, 1013 : WESTERN SAHARA, 967 : YEMEN, 260 : ZAMBIA, 263 : ZIMBABWE, 9999 : OTHERS "
ITR.ITR4.PersonalInfo.Address.PinCode,integer,N,"{""minimum"":100000,""maximum"":999999,""exclusiveMinimum"":false,""pattern"":""[1-9]{1}[0-9]{5}""}",
ITR.ITR4.PersonalInfo.Address.ZipCode,string,N,"{""maxLength"":8}",
ITR.ITR4.PersonalInfo.Address.Phone,object,N,,
ITR.ITR4.PersonalInfo.Address.Phone.STDcode,integer,Y,"{""minimum"":0,""maximum"":99999,""exclusiveMinimum"":false,""default"":0}",
ITR.ITR4.PersonalInfo.Address.Phone.PhoneNo,string,Y,"{""pattern"":""[0-9]{1,12}"",""default"":""0""}",
ITR.ITR4.PersonalInfo.Address.CountryCodeMobile,integer,Y,"{""pattern"":""[0-9]{1,5}""}",
ITR.ITR4.PersonalInfo.Address.MobileNo,integer,Y,"{""pattern"":""[1-9]{1}[0-9]{9}|[1-9]{1}[0-9]{4,9}""}",
ITR.ITR4.PersonalInfo.Address.CountryCodeMobileNoSec,integer,N,"{""pattern"":""[0-9]{1,5}""}",
ITR.ITR4.PersonalInfo.Address.MobileNoSec,integer,N,"{""pattern"":""[1-9]{1}[0-9]{9}|[1-9]{1}[0-9]{4,9}""}",
ITR.ITR4.PersonalInfo.Address.EmailAddress,string,Y,"{""maxLength"":125,""allOfPatterns"":[""|(\\s*([\\w\\d_=!@#$%\\^*\\(\\){}\\[\\]\\|\\\\:;',\\.\\?/~`\\-\\+<>&\""][\\s\\w\\d_=!@#$%\\^*\\(\\){}\\[\\]\\|\\\\:;',\\.\\?/~`\\-\\+<>&\""]*)\\s*)"",""([\\.a-zA-Z0-9_\\-])+@([a-zA-Z0-9_\\-])+(([a-zA-Z0-9_\\-])*\\.([a-zA-Z0-9_\\-])+)+""]}",Email Id is required for receiving copy of ITR-V
ITR.ITR4.PersonalInfo.Address.EmailAddressSec,string,N,"{""maxLength"":125,""allOfPatterns"":[""|(\\s*([\\w\\d_=!@#$%\\^*\\(\\){}\\[\\]\\|\\\\:;',\\.\\?/~`\\-\\+<>&\""][\\s\\w\\d_=!@#$%\\^*\\(\\){}\\[\\]\\|\\\\:;',\\.\\?/~`\\-\\+<>&\""]*)\\s*)"",""([\\.a-zA-Z0-9_\\-])+@([a-zA-Z0-9_\\-])+(([a-zA-Z0-9_\\-])*\\.([a-zA-Z0-9_\\-])+)+""]}",Alternate Email Id
ITR.ITR4.PersonalInfo.SecondaryAdd,string,Y,"{""enum"":[""Y"",""N""]}","Y: Yes, N : No"
ITR.ITR4.PersonalInfo.AlternateAddress,object,N,,AlternateAddress of assessee
ITR.ITR4.PersonalInfo.AlternateAddress.ResidenceNo,string,Y,"{""minLength"":1,""maxLength"":50,""pattern"":""|(\\s*([\\w\\d_=!@#$%\\^*\\(\\){}\\[\\]\\|\\\\:;',\\.\\?/~`\\-\\+<>&\""][\\s\\w\\d_=!@#$%\\^*\\(\\){}\\[\\]\\|\\\\:;',\\.\\?/~`\\-\\+<>&\""]*)\\s*)""}",
ITR.ITR4.PersonalInfo.AlternateAddress.ResidenceName,string,N,"{""maxLength"":50,""pattern"":""|(\\s*([\\w\\d_=!@#$%\\^*\\(\\){}\\[\\]\\|\\\\:;',\\.\\?/~`\\-\\+<>&\""][\\s\\w\\d_=!@#$%\\^*\\(\\){}\\[\\]\\|\\\\:;',\\.\\?/~`\\-\\+<>&\""]*)\\s*)""}",
ITR.ITR4.PersonalInfo.AlternateAddress.RoadOrStreet,string,N,"{""maxLength"":50,""pattern"":""|(\\s*([\\w\\d_=!@#$%\\^*\\(\\){}\\[\\]\\|\\\\:;',\\.\\?/~`\\-\\+<>&\""][\\s\\w\\d_=!@#$%\\^*\\(\\){}\\[\\]\\|\\\\:;',\\.\\?/~`\\-\\+<>&\""]*)\\s*)""}",
ITR.ITR4.PersonalInfo.AlternateAddress.LocalityOrArea,string,Y,"{""minLength"":1,""maxLength"":50,""pattern"":""|(\\s*([\\w\\d_=!@#$%\\^*\\(\\){}\\[\\]\\|\\\\:;',\\.\\?/~`\\-\\+<>&\""][\\s\\w\\d_=!@#$%\\^*\\(\\){}\\[\\]\\|\\\\:;',\\.\\?/~`\\-\\+<>&\""]*)\\s*)""}",
ITR.ITR4.PersonalInfo.AlternateAddress.CityOrTownOrDistrict,string,Y,"{""minLength"":1,""maxLength"":50,""pattern"":""|(\\s*([\\w\\d_=!@#$%\\^*\\(\\){}\\[\\]\\|\\\\:;',\\.\\?/~`\\-\\+<>&\""][\\s\\w\\d_=!@#$%\\^*\\(\\){}\\[\\]\\|\\\\:;',\\.\\?/~`\\-\\+<>&\""]*)\\s*)""}",
ITR.ITR4.PersonalInfo.AlternateAddress.StateCode,string,Y,"{""pattern"":""|(\\s*([\\w\\d_=!@#$%\\^*\\(\\){}\\[\\]\\|\\\\:;',\\.\\?/~`\\-\\+<>&\""][\\s\\w\\d_=!@#$%\\^*\\(\\){}\\[\\]\\|\\\\:;',\\.\\?/~`\\-\\+<>&\""]*)\\s*)"",""enum"":[""01"",""02"",""03"",""04"",""05"",""06"",""07"",""08"",""09"",""10"",""11"",""12"",""13"",""14"",""15"",""16"",""17"",""18"",""19"",""20"",""21"",""22"",""23"",""24"",""25"",""26"",""27"",""28"",""29"",""30"",""31"",""32"",""33"",""34"",""35"",""36"",""37"",""99""]}",01-Andaman and Nicobar islands; 02-Andhra Pradesh; 03-Arunachal Pradesh; 04-Assam; 05-Bihar; 06-Chandigarh; 07-Dadra Nagar and Haveli; 08-Daman and Diu; 09- Delhi; 10- Goa; 11-Gujarat; 12- Haryana; 13- Himachal Pradesh; 14-Jammu and Kashmir; 15- Karnataka; 16- Kerala; 17- Lakshadweep; 18-Madhya Pradesh; 19-Maharashtra; 20-Manipur; 21-meghalaya; 22-Mizoram; 23-Nagaland; 24- Odisha; 25- Puducherry; 26- Punjab; 27-Rajasthan; 28- Sikkim; 29-Tamil Nadu; 30- Tripura; 31-Uttar Pradesh; 32- West Bengal; 33- Chhattisgarh; 34- Uttarakhand; 35- Jharkhand; 36- Telangana; 37- Ladakh; 99- Foreign
ITR.ITR4.PersonalInfo.AlternateAddress.CountryCode,string,N,"{""pattern"":""|(\\s*([\\w\\d_=!@#$%\\^*\\(\\){}\\[\\]\\|\\\\:;',\\.\\?/~`\\-\\+<>&\""][\\s\\w\\d_=!@#$%\\^*\\(\\){}\\[\\]\\|\\\\:;',\\.\\?/~`\\-\\+<>&\""]*)\\s*)"",""enum"":[""93"",""1001"",""355"",""213"",""684"",""376"",""244"",""1264"",""1010"",""1268"",""54"",""374"",""297"",""61"",""43"",""994"",""1242"",""973"",""880"",""1246"",""375"",""32"",""501"",""229"",""1441"",""975"",""591"",""1002"",""387"",""267"",""1003"",""55"",""1014"",""673"",""359"",""226"",""257"",""238"",""855"",""237"",""1"",""1345"",""236"",""235"",""56"",""86"",""9"",""672"",""57"",""270"",""242"",""243"",""682"",""506"",""225"",""385"",""53"",""1015"",""357"",""420"",""45"",""253"",""1767"",""1809"",""593"",""20"",""503"",""240"",""291"",""372"",""251"",""500"",""298"",""679"",""358"",""33"",""594"",""689"",""1004"",""241"",""220"",""995"",""49"",""233"",""350"",""30"",""299"",""1473"",""590"",""1671"",""502"",""1481"",""224"",""245"",""592"",""509"",""1005"",""6"",""504"",""852"",""36"",""354"",""91"",""62"",""98"",""964"",""353"",""1624"",""972"",""5"",""1876"",""81"",""1534"",""962"",""7"",""254"",""686"",""850"",""82"",""965"",""996"",""856"",""371"",""961"",""266"",""231"",""218"",""423"",""370"",""352"",""853"",""389"",""261"",""265"",""60"",""960"",""223"",""356"",""692"",""596"",""222"",""230"",""269"",""52"",""691"",""373"",""377"",""976"",""382"",""1664"",""212"",""258"",""95"",""264"",""674"",""977"",""31"",""687"",""64"",""505"",""227"",""234"",""683"",""15"",""1670"",""47"",""968"",""92"",""680"",""970"",""507"",""675"",""595"",""51"",""63"",""1011"",""48"",""14"",""1787"",""974"",""262"",""40"",""8"",""250"",""1006"",""290"",""1869"",""1758"",""1007"",""508"",""1784"",""685"",""378"",""239"",""966"",""221"",""381"",""248"",""232"",""65"",""1721"",""421"",""386"",""677"",""252"",""28"",""1008"",""211"",""35"",""94"",""249"",""597"",""1012"",""268"",""46"",""41"",""963"",""886"",""992"",""255"",""66"",""670"",""228"",""690"",""676"",""1868"",""216"",""90"",""993"",""1649"",""688"",""256"",""380"",""971"",""44"",""2"",""1009"",""598"",""998"",""678"",""58"",""84"",""1284"",""1340"",""681"",""1013"",""967"",""260"",""263"",""9999""]}"," 93 : AFGHANISTAN, 1001 : ÅLAND ISLANDS, 355 : ALBANIA, 213 : ALGERIA, 684 : AMERICAN SAMOA, 376 : ANDORRA, 244 : ANGOLA, 1264 : ANGUILLA, 1010 : ANTARCTICA, 1268 : ANTIGUA AND BARBUDA, 54 : ARGENTINA, 374 : ARMENIA, 297 : ARUBA, 61 : AUSTRALIA, 43 : AUSTRIA, 994 : AZERBAIJAN, 1242 : BAHAMAS, 973 : BAHRAIN, 880 : BANGLADESH, 1246 : BARBADOS, 375 : BELARUS, 32 : BELGIUM, 501 : BELIZE, 229 : BENIN, 1441 : BERMUDA, 975 : BHUTAN, 591 : BOLIVIA (PLURINATIONAL STATE OF), 1002 : BONAIRE, SINT EUSTATIUS AND SABA, 387 : BOSNIA AND HERZEGOVINA, 267 : BOTSWANA, 1003 : BOUVET ISLAND, 55 : BRAZIL, 1014 : BRITISH INDIAN OCEAN TERRITORY, 673 : BRUNEI DARUSSALAM, 359 : BULGARIA, 226 :  BURKINA FASO, 257 : BURUNDI, 238 : CABO VERDE, 855 : CAMBODIA, 237 : CAMEROON, 1 : CANADA, 1345 : CAYMAN ISLANDS, 236 : CENTRAL AFRICAN REPUBLIC, 235 : CHAD, 56 : CHILE, 86 : CHINA, 9 : CHRISTMAS ISLAND, 672 : COCOS (KEELING) ISLANDS, 57 : COLOMBIA, 270 : COMOROS, 242 : CONGO, 243 : CONGO (DEMOCRATIC REPUBLIC OF THE), 682 : COOK ISLANDS, 506 : COSTA RICA, 225 : CÔTE D'IVOIRE, 385 : CROATIA, 53 : CUBA, 1015 : CURAÇAO, 357 : CYPRUS, 420 : CZECHIA, 45 : DENMARK, 253 : DJIBOUTI, 1767 : DOMINICA, 1809 : DOMINICAN REPUBLIC, 593 : ECUADOR, 20 : EGYPT, 503 : EL SALVADOR, 240 : EQUATORIAL GUINEA, 291 : ERITREA, 372 : ESTONIA, 251 : ETHIOPIA, 500 : FALKLAND ISLANDS (MALVINAS), 298 : FAROE ISLANDS, 679 : FIJI, 358 : FINLAND, 33 : FRANCE, 594 : FRENCH GUIANA, 689 : FRENCH POLYNESIA, 1004 : FRENCH SOUTHERN TERRITORIES, 241 : GABON, 220 : GAMBIA, 995 : GEORGIA, 49 : GERMANY, 233 : GHANA, 350 : GIBRALTAR, 30 : GREECE, 299 : GREENLAND, 1473 : GRENADA, 590 : GUADELOUPE, 1671 : GUAM, 502 : GUATEMALA, 1481 : GUERNSEY, 224 : GUINEA, 245 : GUINEA-BISSAU, 592 : GUYANA, 509 : HAITI, 1005 : HEARD ISLAND AND MCDONALD ISLANDS, 6 : HOLY SEE, 504 : HONDURAS, 852 : HONG KONG, 36 : HUNGARY, 354 : ICELAND, 91 : INDIA, 62 : INDONESIA, 98 : IRAN (ISLAMIC REPUBLIC OF), 964 : IRAQ, 353 : IRELAND, 1624 : ISLE OF MAN, 972 : ISRAEL, 5 : ITALY, 1876 : JAMAICA, 81 : JAPAN, 1534 : JERSEY, 962 : JORDAN, 7 : KAZAKHSTAN, 254 : KENYA, 686 : KIRIBATI, 850 : KOREA(DEMOCRATIC PEOPLE'S REPUBLIC OF), 82 : KOREA (REPUBLIC OF), 965 : KUWAIT, 996 : KYRGYZSTAN, 856 : LAO PEOPLE'S DEMOCRATIC REPUBLIC, 371 : LATVIA, 961 : LEBANON, 266 : LESOTHO, 231 : LIBERIA, 218 : LIBYA, 423 : LIECHTENSTEIN, 370 : LITHUANIA, 352 : LUXEMBOURG, 853 : MACAO, 389 : MACEDONIA(THE FORMER YUGOSLAV REPUBLIC OF), 261 : MADAGASCAR, 265 : MALAWI, 60 : MALAYSIA, 960 : MALDIVES, 223 : MALI, 356 : MALTA, 692 : MARSHALL ISLANDS, 596 : MARTINIQUE, 222 : MAURITANIA, 230 : MAURITIUS, 269 : MAYOTTE, 52 : MEXICO, 691 : MICRONESIA (FEDERATED STATES OF), 373 : MOLDOVA (REPUBLIC OF), 377 : MONACO, 976 : MONGOLIA, 382 : MONTENEGRO, 1664 : MONTSERRAT, 212 : MOROCCO, 258 : MOZAMBIQUE, 95 : MYANMAR, 264 : NAMIBIA, 674 : NAURU, 977 : NEPAL, 31 : NETHERLANDS, 687 : NEW CALEDONIA, 64 : NEW ZEALAND, 505 : NICARAGUA, 227 : NIGER, 234 : NIGERIA, 683 : NIUE, 15 : NORFOLK ISLAND, 1670 : NORTHERN MARIANA ISLANDS, 47 : NORWAY, 968 : OMAN, 92 : PAKISTAN, 680 : PALAU, 970 : PALESTINE, STATE OF, 507 : PANAMA, 675 : PAPUA NEW GUINEA, 595 : PARAGUAY, 51 : PERU, 63 : PHILIPPINES, 1011 : PITCAIRN, 48 : POLAND, 14 : PORTUGAL, 1787 : PUERTO RICO, 974 : QATAR, 262 : RÉUNION, 40 : ROMANIA, 8 : RUSSIAN FEDERATION, 250 : RWANDA, 1006 : SAINT BARTHÉLEMY, 290 :  SAINT HELENA, ASCENSION AND TRISTAN DA CUNHA, 1869 : SAINT KITTS AND NEVIS, 1758 : SAINT LUCIA, 1007 : SAINT MARTIN (FRENCH PART), 508 : SAINT PIERRE AND MIQUELON, 1784 : SAINT VINCENT AND THE GRENADINES, 685 : SAMOA, 378 : SAN MARINO, 239 : SAO TOME AND PRINCIPE, 966 : SAUDI ARABIA, 221 : SENEGAL, 381 : SERBIA, 248 : SEYCHELLES, 232 : SIERRA LEONE, 65 : SINGAPORE, 1721 : SINT MAARTEN (DUTCH PART), 421 : SLOVAKIA, 386 : SLOVENIA, 677 : SOLOMON ISLANDS, 252 : SOMALIA, 28 : SOUTH AFRICA, 1008 : SOUTH GEORGIA AND THE SOUTH SANDWICH ISLANDS, 211 : SOUTH SUDAN, 35 : SPAIN, 94 : SRI LANKA, 249 : SUDAN, 597 : SURINAME, 1012 : SVALBARD AND JAN MAYEN, 268 : SWAZILAND, 46 : SWEDEN, 41 : SWITZERLAND, 963 : SYRIAN ARAB REPUBLIC, 886 : TAIWAN, 992 : TAJIKISTAN, 255 : TANZANIA, UNITED REPUBLIC OF, 66 : THAILAND, 670 : TIMOR-LESTE (EAST TIMOR), 228 : TOGO, 690 : TOKELAU, 676 : TONGA, 1868 : TRINIDAD AND TOBAGO, 216 : TUNISIA, 90 : TURKEY, 993 : TURKMENISTAN, 1649 : TURKS AND CAICOS ISLANDS, 688 : TUVALU, 256 : UGANDA, 380 : UKRAINE, 971 : UNITED ARAB EMIRATES, 44 : UNITED KINGDOM OF GREAT BRITAIN AND NORTHERN IRELAND, 2 : UNITED STATES OF AMERICA, 1009 : UNITED STATES MINOR OUTLYING ISLANDS, 598 : URUGUAY, 998 : UZBEKISTAN, 678 : VANUATU, 58 : VENEZUELA (BOLIVARIAN REPUBLIC OF), 84 : VIET NAM, 1284 : VIRGIN ISLANDS (BRITISH), 1340 : VIRGIN ISLANDS (U.S.), 681 : WALLIS AND FUTUNA, 1013 : WESTERN SAHARA, 967 : YEMEN, 260 : ZAMBIA, 263 : ZIMBABWE, 9999 : OTHERS "
ITR.ITR4.PersonalInfo.AlternateAddress.PinCode,integer,N,"{""minimum"":100000,""maximum"":999999,""exclusiveMinimum"":false,""pattern"":""[1-9]{1}[0-9]{5}""}",
ITR.ITR4.PersonalInfo.AlternateAddress.ZipCode,string,N,"{""maxLength"":8}",
ITR.ITR4.PersonalInfo.DOB,string,Y,"{""pattern"":""([12]\\d{3}-(0[1-9]|1[0-2])-(0[1-9]|[12]\\d|3[01]))""}",Date of Birth of the Assessee format YYYY-MM-DD; maximum date allowed 2026-03-31
ITR.ITR4.PersonalInfo.EmployerCategory,string,Y,"{""enum"":[""CGOV"",""SGOV"",""PSU"",""PE"",""PESG"",""PEPS"",""PEO"",""OTH"",""NA""]}","CGOV:Central Government, SGOV:State Government, PSU:Public Sector Undertaking, PE:Pensioners - Central Government, PESG:Pensioners - State Government, PEPS:Pensioners - Public sector undertaking, PEO:Pensioners - Others, OTH:Others, NA:Not Applicable"
ITR.ITR4.PersonalInfo.Status,string,Y,"{""enum"":[""I"",""H"",""F""]}",I : Individual; H : HUF; F : Firm (other than LLP)
ITR.ITR4.PersonalInfo.AadhaarCardNo,string,N,"{""allOfPatterns"":[""|(\\s*([\\w\\d_=!@#$%\\^*\\(\\){}\\[\\]\\|\\\\:;',\\.\\?/~`\\-\\+<>&\""][\\s\\w\\d_=!@#$%\\^*\\(\\){}\\[\\]\\|\\\\:;',\\.\\?/~`\\-\\+<>&\""]*)\\s*)"",""[0-9]{12}""]}",
ITR.ITR4.FilingStatus,object,Y,,Filing status of assesse
ITR.ITR4.FilingStatus.ReturnFileSec,integer,Y,"{""minimum"":11,""maximum"":20,""exclusiveMinimum"":false,""enum"":[11,12,13,14,16,17,18,20],""default"":11}","11 : 139(1)-On or before due date; 12 : 139(4)-After due date; 13 : 142(1); 14 : 148; 16 : 153C, 17 : 139(5)-Revised Return; 18 : 139(9); 20 : 119(2)(b) - After condonation of delay"
ITR.ITR4.FilingStatus.Form10IEAEarlierAYOldRegime,string,Y,"{""enum"":[""Y"",""N"",""NA""]}","Y : Yes, N : No, NA : Not applicable"
ITR.ITR4.FilingStatus.Form10IEAAssYear,string,N,"{""enum"":[""2024-25"",""2025-26""]}","2024-25: 2024-25, 2025-26 : 2025-26"
ITR.ITR4.FilingStatus.Form10IEAEarlierAYAckOldRegime,integer,N,"{""minimum"":100000000000000,""maximum"":999999999999999,""exclusiveMinimum"":false}",
ITR.ITR4.FilingStatus.F10IEAEarlierAYNewRegime,string,N,"{""enum"":[""Y"",""N""]}","Y: Yes, N : No"
ITR.ITR4.FilingStatus.AssYrF10IEANewTaxReg,string,N,"{""enum"":[""2025-26""]}", 2025-26 : 2025-26
ITR.ITR4.FilingStatus.Form10IEAEarlierAYAckNewRegime,integer,N,"{""minimum"":100000000000000,""maximum"":999999999999999,""exclusiveMinimum"":false}",
ITR.ITR4.FilingStatus.F10IEACurrAYNewRegime,string,N,"{""enum"":[""Y"",""N""]}","Y: Yes, N : No"
ITR.ITR4.FilingStatus.F10IEADateCurrAYNewTax,string,N,"{""pattern"":""([12]\\d{3}-(0[1-9]|1[0-2])-(0[1-9]|[12]\\d|3[01]))""}",Form 10IEA filing date in YYYY-MM-DD format
ITR.ITR4.FilingStatus.F10IEAAckNoCurrAYNewTax,integer,N,"{""minimum"":100000000000000,""maximum"":999999999999999,""exclusiveMinimum"":false}",
ITR.ITR4.FilingStatus.F10IEACurrAYOldRegime,string,N,"{""enum"":[""Y"",""N""]}","Y: Yes, N : No"
ITR.ITR4.FilingStatus.F10IEADateCurrAYOldTax,string,N,"{""pattern"":""([12]\\d{3}-(0[1-9]|1[0-2])-(0[1-9]|[12]\\d|3[01]))""}",Form 10IEA filing date in YYYY-MM-DD format
ITR.ITR4.FilingStatus.F10IEAAckNoCurrAYOldTax,integer,N,"{""minimum"":100000000000000,""maximum"":999999999999999,""exclusiveMinimum"":false}",
ITR.ITR4.FilingStatus.SeventhProvisio139,string,N,"{""allOfPatterns"":[""|(\\s*([\\w\\d_=!@#$%\\^*\\(\\){}\\[\\]\\|\\\\:;',\\.\\?/~`\\-\\+<>&\""][\\s\\w\\d_=!@#$%\\^*\\(\\){}\\[\\]\\|\\\\:;',\\.\\?/~`\\-\\+<>&\""]*)\\s*)"",""Y|N""]}",
ITR.ITR4.FilingStatus.DepAmtAggAmtExcd1CrPrYrFlg,string,N,"{""allOfPatterns"":[""|(\\s*([\\w\\d_=!@#$%\\^*\\(\\){}\\[\\]\\|\\\\:;',\\.\\?/~`\\-\\+<>&\""][\\s\\w\\d_=!@#$%\\^*\\(\\){}\\[\\]\\|\\\\:;',\\.\\?/~`\\-\\+<>&\""]*)\\s*)"",""Y|N""]}",
ITR.ITR4.FilingStatus.AmtSeventhProvisio139i,integer,N,"{""minimum"":10000000,""maximum"":99999999999999,""exclusiveMinimum"":false}",
ITR.ITR4.FilingStatus.IncrExpAggAmt2LkTrvFrgnCntryFlg,string,N,"{""allOfPatterns"":[""|(\\s*([\\w\\d_=!@#$%\\^*\\(\\){}\\[\\]\\|\\\\:;',\\.\\?/~`\\-\\+<>&\""][\\s\\w\\d_=!@#$%\\^*\\(\\){}\\[\\]\\|\\\\:;',\\.\\?/~`\\-\\+<>&\""]*)\\s*)"",""Y|N""]}",
ITR.ITR4.FilingStatus.AmtSeventhProvisio139ii,integer,N,"{""minimum"":200000,""maximum"":99999999999999,""exclusiveMinimum"":false}",
ITR.ITR4.FilingStatus.IncrExpAggAmt1LkElctrctyPrYrFlg,string,N,"{""allOfPatterns"":[""|(\\s*([\\w\\d_=!@#$%\\^*\\(\\){}\\[\\]\\|\\\\:;',\\.\\?/~`\\-\\+<>&\""][\\s\\w\\d_=!@#$%\\^*\\(\\){}\\[\\]\\|\\\\:;',\\.\\?/~`\\-\\+<>&\""]*)\\s*)"",""Y|N""]}",
ITR.ITR4.FilingStatus.AmtSeventhProvisio139iii,integer,N,"{""minimum"":100000,""maximum"":99999999999999,""exclusiveMinimum"":false}",
ITR.ITR4.FilingStatus.clauseiv7provisio139i,string,N,"{""allOfPatterns"":[""|(\\s*([\\w\\d_=!@#$%\\^*\\(\\){}\\[\\]\\|\\\\:;',\\.\\?/~`\\-\\+<>&\""][\\s\\w\\d_=!@#$%\\^*\\(\\){}\\[\\]\\|\\\\:;',\\.\\?/~`\\-\\+<>&\""]*)\\s*)"",""Y|N""]}",
ITR.ITR4.FilingStatus.clauseiv7provisio139iDtls,array,N,,
ITR.ITR4.FilingStatus.clauseiv7provisio139iDtls[],object,Y,,
ITR.ITR4.FilingStatus.clauseiv7provisio139iDtls[].clauseiv7provisio139iNature,string,Y,"{""enum"":[""1"",""2"",""3"",""4""]}","1 -  The total sales, turnover or gross receipts, as the case may be, of the person in the business exceeds sixty lakh rupees during the previous year; 2 -  The total gross receipts of the person in profession exceeds ten lakh rupees during the previous year; 3 - The aggregate of tax deducted at source and tax collected at source during the previous year, in the case of the person, is twenty-five thousand rupees or more(fifty thousand for resident senior citizen); 4 - The deposit in one or more savings bank account of the person, in aggregate, is fifty lakh rupees or more, in the previous year"
ITR.ITR4.FilingStatus.clauseiv7provisio139iDtls[].clauseiv7provisio139iAmount,integer,Y,"{""minimum"":0,""maximum"":99999999999999,""exclusiveMinimum"":false}",
ITR.ITR4.FilingStatus.ReceiptNo,string,N,"{""pattern"":""[0-9]{15}""}",Enter the Receipt number of the; original return.
ITR.ITR4.FilingStatus.NoticeNo,string,N,"{""maxLength"":100,""pattern"":""|(\\s*([\\w\\d_=!@#$%\\^*\\(\\){}\\[\\]\\|\\\\:;',\\.\\?/~`\\-\\+<>&\""][\\s\\w\\d_=!@#$%\\^*\\(\\){}\\[\\]\\|\\\\:;',\\.\\?/~`\\-\\+<>&\""]*)\\s*)""}",
ITR.ITR4.FilingStatus.OrigRetFiledDate,string,N,"{""pattern"":""([12]\\d{3}-(0[1-9]|1[0-2])-(0[1-9]|[12]\\d|3[01]))""}",Enter Date of filing of Original return in YYYY-MM-DD format
ITR.ITR4.FilingStatus.NoticeDateUnderSec,string,N,"{""pattern"":""([12]\\d{3}-(0[1-9]|1[0-2])-(0[1-9]|[12]\\d|3[01]))""}",Date of Order or Notice in YYYY-MM-DD format
ITR.ITR4.FilingStatus.AsseseeRepFlg,string,Y,"{""pattern"":""|(\\s*([\\w\\d_=!@#$%\\^*\\(\\){}\\[\\]\\|\\\\:;',\\.\\?/~`\\-\\+<>&\""][\\s\\w\\d_=!@#$%\\^*\\(\\){}\\[\\]\\|\\\\:;',\\.\\?/~`\\-\\+<>&\""]*)\\s*)"",""enum"":[""Y"",""N""]}",Y - Yes; N - No
ITR.ITR4.FilingStatus.AssesseeRep,object,N,,Assessee representative
ITR.ITR4.FilingStatus.AssesseeRep.RepName,string,Y,"{""minLength"":1,""maxLength"":125,""pattern"":""|(\\s*([\\w\\d_=!@#$%\\^*\\(\\){}\\[\\]\\|\\\\:;',\\.\\?/~`\\-\\+<>&\""][\\s\\w\\d_=!@#$%\\^*\\(\\){}\\[\\]\\|\\\\:;',\\.\\?/~`\\-\\+<>&\""]*)\\s*)""}",
ITR.ITR4.FilingStatus.AssesseeRep.RepEmailID,string,Y,"{""maxLength"":125,""allOfPatterns"":[""|(\\s*([\\w\\d_=!@#$%\\^*\\(\\){}\\[\\]\\|\\\\:;',\\.\\?/~`\\-\\+<>&\""][\\s\\w\\d_=!@#$%\\^*\\(\\){}\\[\\]\\|\\\\:;',\\.\\?/~`\\-\\+<>&\""]*)\\s*)"",""([\\.a-zA-Z0-9_\\-])+@([a-zA-Z0-9_\\-])+(([a-zA-Z0-9_\\-])*\\.([a-zA-Z0-9_\\-])+)+""]}",Email-id of the representative
ITR.ITR4.FilingStatus.AssesseeRep.CountryCodeRepMobileNo,integer,Y,"{""pattern"":""[0-9]{1,5}""}",
ITR.ITR4.FilingStatus.AssesseeRep.RepMobileNo,integer,Y,"{""pattern"":""[1-9]{1}[0-9]{9}|[1-9]{1}[0-9]{4,9}""}",
ITR.ITR4.FilingStatus.ItrFilingDueDate,string,Y,"{""minLength"":9,""maxLength"":10,""allOfPatterns"":[""|(\\s*([\\w\\d_=!@#$%\\^*\\(\\){}\\[\\]\\|\\\\:;',\\.\\?/~`\\-\\+<>&\""][\\s\\w\\d_=!@#$%\\^*\\(\\){}\\[\\]\\|\\\\:;',\\.\\?/~`\\-\\+<>&\""]*)\\s*)"",""2026-08-31""]}",
ITR.ITR4.IncomeDeductions,object,Y,,Income and deduction details
ITR.ITR4.IncomeDeductions.IncomeFromBusinessProf,integer,Y,"{""minimum"":0,""maximum"":99999999999999,""exclusiveMinimum"":false,""default"":0}",
ITR.ITR4.IncomeDeductions.GrossSalary,integer,Y,"{""minimum"":0,""maximum"":99999999999999,""exclusiveMinimum"":false,""default"":0}",
ITR.ITR4.IncomeDeductions.Salary,integer,N,"{""minimum"":0,""maximum"":99999999999999,""exclusiveMinimum"":false}",
ITR.ITR4.IncomeDeductions.PerquisitesValue,integer,N,"{""minimum"":0,""maximum"":99999999999999,""exclusiveMinimum"":false}",
ITR.ITR4.IncomeDeductions.ProfitsInSalary,integer,N,"{""minimum"":0,""maximum"":99999999999999,""exclusiveMinimum"":false}",
ITR.ITR4.IncomeDeductions.AllwncExemptUs10,object,N,,
ITR.ITR4.IncomeDeductions.AllwncExemptUs10.AllwncExemptUs10Dtls,array,N,,
ITR.ITR4.IncomeDeductions.AllwncExemptUs10.AllwncExemptUs10Dtls[],object,Y,,
ITR.ITR4.IncomeDeductions.AllwncExemptUs10.AllwncExemptUs10Dtls[].SalNatureDesc,string,Y,"{""pattern"":""|(\\s*([\\w\\d_=!@#$%\\^*\\(\\){}\\[\\]\\|\\\\:;',\\.\\?/~`\\-\\+<>&\""][\\s\\w\\d_=!@#$%\\^*\\(\\){}\\[\\]\\|\\\\:;',\\.\\?/~`\\-\\+<>&\""]*)\\s*)"",""enum"":[""10(5)"",""10(6)"",""10(7)"",""10(10)"",""10(10A)"",""10(10AA)"",""10(10B)(i)"",""10(10B)(ii)"",""10(10C)"",""10(10CC)"",""10(13A)"",""10(14)(i)"",""10(14)(ii)"",""10(14)(i)(115BAC)"",""10(14)(ii)(115BAC)"",""EIC"",""10(17)""]}","10(5) - Sec 10(5)-Leave Travel concession/assistance; 10(6) - Sec 10(6)-Remuneration received as an official, by whatever name called, of an embassy, high commission etc.; 10(7) - Sec 10(7)-Allowances or perquisites paid or allowed as such outside India by the Government to a citizen of India for rendering service outside India; 10(10) - Sec 10(10)-Death-cum-retirement gratuity received ; 10(10A) - Sec 10(10A)-Commuted value of pension received; 10(10AA) - Sec 10(10AA)-Earned leave encashment on Retirement; 10(10B)(i) - Sec 10(10B)-First proviso - Compensation limit notified by CG in the Official Gazette; 10(10B)(ii) - Sec 10(10B)-Second proviso - Compensation under scheme approved by the Central Government; 10(10C) - Sec 10(10C)- Amount received/receivable on voluntary retirement or termination of service; 10(10CC) - Sec 10(10CC)-Tax paid by employer on non-monetary perquisite; 10(13A) - Sec 10(13A)-Allowance to meet expenditure incurred on house rent; 10(14)(i) - Sec 10(14)(i)- Prescribed Allowances or benefits (not in a nature of perquisite) specifically granted to meet expenses wholly, necessarily and exclusively and to the extent actually incurred, in performance of duties of office or employment; 10(14)(ii) - Sec 10(14)(ii) -Prescribed Allowances or benefits granted to meetg personal expenses in performance of duties of office or employment or to compensate him for increased cost of living. ; 10(14)(i)(115BAC) - Sec 10(14)(i) -Allowances referred in sub-clauses (a) to (c) of sub-rule (1) in Rule 2BB ; 10(14)(ii)(115BAC) - Sec 10(14)(ii) -Transport allowance granted to certain physically handicapped assessee ; EIC - Exempt income received by a judge covered under the payment of salaries to Supreme Court/High Court judges Act /Rules ; 10(17):Sec 10(17)- Allowance MP/MLA/MLC"
ITR.ITR4.IncomeDeductions.AllwncExemptUs10.AllwncExemptUs10Dtls[].SalOthAmount,integer,Y,"{""minimum"":0,""maximum"":99999999999999,""exclusiveMinimum"":false}",
ITR.ITR4.IncomeDeductions.AllwncExemptUs10.TotalAllwncExemptUs10,integer,Y,"{""minimum"":0,""maximum"":99999999999999,""exclusiveMinimum"":false,""default"":0}",
ITR.ITR4.IncomeDeductions.NetSalary,integer,Y,"{""minimum"":0,""maximum"":99999999999999,""exclusiveMinimum"":false,""default"":0}",
ITR.ITR4.IncomeDeductions.DeductionUs16,integer,Y,"{""minimum"":0,""maximum"":99999999999999,""exclusiveMinimum"":false,""default"":0}",
ITR.ITR4.IncomeDeductions.DeductionUs16ia,integer,N,"{""minimum"":0,""maximum"":75000,""exclusiveMinimum"":false,""exclusiveMaximum"":false}",
ITR.ITR4.IncomeDeductions.EntertainmntalwncUs16ii,integer,N,"{""minimum"":0,""maximum"":5000,""exclusiveMinimum"":false,""exclusiveMaximum"":false}",
ITR.ITR4.IncomeDeductions.ProfessionalTaxUs16iii,integer,N,"{""minimum"":0,""maximum"":5000,""exclusiveMinimum"":false,""exclusiveMaximum"":false}",
ITR.ITR4.IncomeDeductions.IncomeFromSal,integer,Y,"{""minimum"":0,""maximum"":99999999999999,""exclusiveMinimum"":false,""default"":0}",
ITR.ITR4.IncomeDeductions.PropertyDetails,array,N,"{""maxItems"":2}",
ITR.ITR4.IncomeDeductions.PropertyDetails[],object,Y,,Individual property details
ITR.ITR4.IncomeDeductions.PropertyDetails[].HPSNo,integer,Y,,
ITR.ITR4.IncomeDeductions.PropertyDetails[].AddressDetailWithZipCode,object,Y,,
ITR.ITR4.IncomeDeductions.PropertyDetails[].AddressDetailWithZipCode.AddrDetail,string,Y,"{""minLength"":1,""maxLength"":50,""pattern"":""|(\\s*([\\w\\d_=!@#$%\\^*\\(\\){}\\[\\]\\|\\\\:;',\\.\\?/~`\\-\\+<>&\""][\\s\\w\\d_=!@#$%\\^*\\(\\){}\\[\\]\\|\\\\:;',\\.\\?/~`\\-\\+<>&\""]*)\\s*)""}",
ITR.ITR4.IncomeDeductions.PropertyDetails[].AddressDetailWithZipCode.CityOrTownOrDistrict,string,Y,"{""minLength"":1,""maxLength"":50,""pattern"":""|(\\s*([\\w\\d_=!@#$%\\^*\\(\\){}\\[\\]\\|\\\\:;',\\.\\?/~`\\-\\+<>&\""][\\s\\w\\d_=!@#$%\\^*\\(\\){}\\[\\]\\|\\\\:;',\\.\\?/~`\\-\\+<>&\""]*)\\s*)""}",
ITR.ITR4.IncomeDeductions.PropertyDetails[].AddressDetailWithZipCode.StateCode,string,Y,"{""pattern"":""|(\\s*([\\w\\d_=!@#$%\\^*\\(\\){}\\[\\]\\|\\\\:;',\\.\\?/~`\\-\\+<>&\""][\\s\\w\\d_=!@#$%\\^*\\(\\){}\\[\\]\\|\\\\:;',\\.\\?/~`\\-\\+<>&\""]*)\\s*)"",""enum"":[""01"",""02"",""03"",""04"",""05"",""06"",""07"",""08"",""09"",""10"",""11"",""12"",""13"",""14"",""15"",""16"",""17"",""18"",""19"",""20"",""21"",""22"",""23"",""24"",""25"",""26"",""27"",""28"",""29"",""30"",""31"",""32"",""33"",""34"",""35"",""36"",""37"",""99""]}",01-Andaman and Nicobar islands; 02-Andhra Pradesh; 03-Arunachal Pradesh; 04-Assam; 05-Bihar; 06-Chandigarh; 07-Dadra Nagar and Haveli; 08-Daman and Diu; 09- Delhi; 10- Goa; 11-Gujarat; 12- Haryana; 13- Himachal Pradesh; 14-Jammu and Kashmir; 15- Karnataka; 16- Kerala; 17- Lakshadweep; 18-Madhya Pradesh; 19-Maharashtra; 20-Manipur; 21-meghalaya; 22-Mizoram; 23-Nagaland; 24- Odisha; 25- Puducherry; 26- Punjab; 27-Rajasthan; 28- Sikkim; 29-Tamil Nadu; 30- Tripura; 31-Uttar Pradesh; 32- West Bengal; 33- Chhattisgarh; 34- Uttarakhand; 35- Jharkhand; 36- Telangana; 37- Ladakh; 99- Foreign
ITR.ITR4.IncomeDeductions.PropertyDetails[].AddressDetailWithZipCode.CountryCode,string,Y,"{""pattern"":""|(\\s*([\\w\\d_=!@#$%\\^*\\(\\){}\\[\\]\\|\\\\:;',\\.\\?/~`\\-\\+<>&\""][\\s\\w\\d_=!@#$%\\^*\\(\\){}\\[\\]\\|\\\\:;',\\.\\?/~`\\-\\+<>&\""]*)\\s*)"",""enum"":[""93"",""1001"",""355"",""213"",""684"",""376"",""244"",""1264"",""1010"",""1268"",""54"",""374"",""297"",""61"",""43"",""994"",""1242"",""973"",""880"",""1246"",""375"",""32"",""501"",""229"",""1441"",""975"",""591"",""1002"",""387"",""267"",""1003"",""55"",""1014"",""673"",""359"",""226"",""257"",""238"",""855"",""237"",""1"",""1345"",""236"",""235"",""56"",""86"",""9"",""672"",""57"",""270"",""242"",""243"",""682"",""506"",""225"",""385"",""53"",""1015"",""357"",""420"",""45"",""253"",""1767"",""1809"",""593"",""20"",""503"",""240"",""291"",""372"",""251"",""500"",""298"",""679"",""358"",""33"",""594"",""689"",""1004"",""241"",""220"",""995"",""49"",""233"",""350"",""30"",""299"",""1473"",""590"",""1671"",""502"",""1481"",""224"",""245"",""592"",""509"",""1005"",""6"",""504"",""852"",""36"",""354"",""91"",""62"",""98"",""964"",""353"",""1624"",""972"",""5"",""1876"",""81"",""1534"",""962"",""7"",""254"",""686"",""850"",""82"",""965"",""996"",""856"",""371"",""961"",""266"",""231"",""218"",""423"",""370"",""352"",""853"",""389"",""261"",""265"",""60"",""960"",""223"",""356"",""692"",""596"",""222"",""230"",""269"",""52"",""691"",""373"",""377"",""976"",""382"",""1664"",""212"",""258"",""95"",""264"",""674"",""977"",""31"",""687"",""64"",""505"",""227"",""234"",""683"",""15"",""1670"",""47"",""968"",""92"",""680"",""970"",""507"",""675"",""595"",""51"",""63"",""1011"",""48"",""14"",""1787"",""974"",""262"",""40"",""8"",""250"",""1006"",""290"",""1869"",""1758"",""1007"",""508"",""1784"",""685"",""378"",""239"",""966"",""221"",""381"",""248"",""232"",""65"",""1721"",""421"",""386"",""677"",""252"",""28"",""1008"",""211"",""35"",""94"",""249"",""597"",""1012"",""268"",""46"",""41"",""963"",""886"",""992"",""255"",""66"",""670"",""228"",""690"",""676"",""1868"",""216"",""90"",""993"",""1649"",""688"",""256"",""380"",""971"",""44"",""2"",""1009"",""598"",""998"",""678"",""58"",""84"",""1284"",""1340"",""681"",""1013"",""967"",""260"",""263"",""9999""]}"," 93 : AFGHANISTAN, 1001 : ÅLAND ISLANDS, 355 : ALBANIA, 213 : ALGERIA, 684 : AMERICAN SAMOA, 376 : ANDORRA, 244 : ANGOLA, 1264 : ANGUILLA, 1010 : ANTARCTICA, 1268 : ANTIGUA AND BARBUDA, 54 : ARGENTINA, 374 : ARMENIA, 297 : ARUBA, 61 : AUSTRALIA, 43 : AUSTRIA, 994 : AZERBAIJAN, 1242 : BAHAMAS, 973 : BAHRAIN, 880 : BANGLADESH, 1246 : BARBADOS, 375 : BELARUS, 32 : BELGIUM, 501 : BELIZE, 229 : BENIN, 1441 : BERMUDA, 975 : BHUTAN, 591 : BOLIVIA (PLURINATIONAL STATE OF), 1002 : BONAIRE, SINT EUSTATIUS AND SABA, 387 : BOSNIA AND HERZEGOVINA, 267 : BOTSWANA, 1003 : BOUVET ISLAND, 55 : BRAZIL, 1014 : BRITISH INDIAN OCEAN TERRITORY, 673 : BRUNEI DARUSSALAM, 359 : BULGARIA, 226 :  BURKINA FASO, 257 : BURUNDI, 238 : CABO VERDE, 855 : CAMBODIA, 237 : CAMEROON, 1 : CANADA, 1345 : CAYMAN ISLANDS, 236 : CENTRAL AFRICAN REPUBLIC, 235 : CHAD, 56 : CHILE, 86 : CHINA, 9 : CHRISTMAS ISLAND, 672 : COCOS (KEELING) ISLANDS, 57 : COLOMBIA, 270 : COMOROS, 242 : CONGO, 243 : CONGO (DEMOCRATIC REPUBLIC OF THE), 682 : COOK ISLANDS, 506 : COSTA RICA, 225 : CÔTE D'IVOIRE, 385 : CROATIA, 53 : CUBA, 1015 : CURAÇAO, 357 : CYPRUS, 420 : CZECHIA, 45 : DENMARK, 253 : DJIBOUTI, 1767 : DOMINICA, 1809 : DOMINICAN REPUBLIC, 593 : ECUADOR, 20 : EGYPT, 503 : EL SALVADOR, 240 : EQUATORIAL GUINEA, 291 : ERITREA, 372 : ESTONIA, 251 : ETHIOPIA, 500 : FALKLAND ISLANDS (MALVINAS), 298 : FAROE ISLANDS, 679 : FIJI, 358 : FINLAND, 33 : FRANCE, 594 : FRENCH GUIANA, 689 : FRENCH POLYNESIA, 1004 : FRENCH SOUTHERN TERRITORIES, 241 : GABON, 220 : GAMBIA, 995 : GEORGIA, 49 : GERMANY, 233 : GHANA, 350 : GIBRALTAR, 30 : GREECE, 299 : GREENLAND, 1473 : GRENADA, 590 : GUADELOUPE, 1671 : GUAM, 502 : GUATEMALA, 1481 : GUERNSEY, 224 : GUINEA, 245 : GUINEA-BISSAU, 592 : GUYANA, 509 : HAITI, 1005 : HEARD ISLAND AND MCDONALD ISLANDS, 6 : HOLY SEE, 504 : HONDURAS, 852 : HONG KONG, 36 : HUNGARY, 354 : ICELAND, 91 : INDIA, 62 : INDONESIA, 98 : IRAN (ISLAMIC REPUBLIC OF), 964 : IRAQ, 353 : IRELAND, 1624 : ISLE OF MAN, 972 : ISRAEL, 5 : ITALY, 1876 : JAMAICA, 81 : JAPAN, 1534 : JERSEY, 962 : JORDAN, 7 : KAZAKHSTAN, 254 : KENYA, 686 : KIRIBATI, 850 : KOREA(DEMOCRATIC PEOPLE'S REPUBLIC OF), 82 : KOREA (REPUBLIC OF), 965 : KUWAIT, 996 : KYRGYZSTAN, 856 : LAO PEOPLE'S DEMOCRATIC REPUBLIC, 371 : LATVIA, 961 : LEBANON, 266 : LESOTHO, 231 : LIBERIA, 218 : LIBYA, 423 : LIECHTENSTEIN, 370 : LITHUANIA, 352 : LUXEMBOURG, 853 : MACAO, 389 : MACEDONIA(THE FORMER YUGOSLAV REPUBLIC OF), 261 : MADAGASCAR, 265 : MALAWI, 60 : MALAYSIA, 960 : MALDIVES, 223 : MALI, 356 : MALTA, 692 : MARSHALL ISLANDS, 596 : MARTINIQUE, 222 : MAURITANIA, 230 : MAURITIUS, 269 : MAYOTTE, 52 : MEXICO, 691 : MICRONESIA (FEDERATED STATES OF), 373 : MOLDOVA (REPUBLIC OF), 377 : MONACO, 976 : MONGOLIA, 382 : MONTENEGRO, 1664 : MONTSERRAT, 212 : MOROCCO, 258 : MOZAMBIQUE, 95 : MYANMAR, 264 : NAMIBIA, 674 : NAURU, 977 : NEPAL, 31 : NETHERLANDS, 687 : NEW CALEDONIA, 64 : NEW ZEALAND, 505 : NICARAGUA, 227 : NIGER, 234 : NIGERIA, 683 : NIUE, 15 : NORFOLK ISLAND, 1670 : NORTHERN MARIANA ISLANDS, 47 : NORWAY, 968 : OMAN, 92 : PAKISTAN, 680 : PALAU, 970 : PALESTINE, STATE OF, 507 : PANAMA, 675 : PAPUA NEW GUINEA, 595 : PARAGUAY, 51 : PERU, 63 : PHILIPPINES, 1011 : PITCAIRN, 48 : POLAND, 14 : PORTUGAL, 1787 : PUERTO RICO, 974 : QATAR, 262 : RÉUNION, 40 : ROMANIA, 8 : RUSSIAN FEDERATION, 250 : RWANDA, 1006 : SAINT BARTHÉLEMY, 290 :  SAINT HELENA, ASCENSION AND TRISTAN DA CUNHA, 1869 : SAINT KITTS AND NEVIS, 1758 : SAINT LUCIA, 1007 : SAINT MARTIN (FRENCH PART), 508 : SAINT PIERRE AND MIQUELON, 1784 : SAINT VINCENT AND THE GRENADINES, 685 : SAMOA, 378 : SAN MARINO, 239 : SAO TOME AND PRINCIPE, 966 : SAUDI ARABIA, 221 : SENEGAL, 381 : SERBIA, 248 : SEYCHELLES, 232 : SIERRA LEONE, 65 : SINGAPORE, 1721 : SINT MAARTEN (DUTCH PART), 421 : SLOVAKIA, 386 : SLOVENIA, 677 : SOLOMON ISLANDS, 252 : SOMALIA, 28 : SOUTH AFRICA, 1008 : SOUTH GEORGIA AND THE SOUTH SANDWICH ISLANDS, 211 : SOUTH SUDAN, 35 : SPAIN, 94 : SRI LANKA, 249 : SUDAN, 597 : SURINAME, 1012 : SVALBARD AND JAN MAYEN, 268 : SWAZILAND, 46 : SWEDEN, 41 : SWITZERLAND, 963 : SYRIAN ARAB REPUBLIC, 886 : TAIWAN, 992 : TAJIKISTAN, 255 : TANZANIA, UNITED REPUBLIC OF, 66 : THAILAND, 670 : TIMOR-LESTE (EAST TIMOR), 228 : TOGO, 690 : TOKELAU, 676 : TONGA, 1868 : TRINIDAD AND TOBAGO, 216 : TUNISIA, 90 : TURKEY, 993 : TURKMENISTAN, 1649 : TURKS AND CAICOS ISLANDS, 688 : TUVALU, 256 : UGANDA, 380 : UKRAINE, 971 : UNITED ARAB EMIRATES, 44 : UNITED KINGDOM OF GREAT BRITAIN AND NORTHERN IRELAND, 2 : UNITED STATES OF AMERICA, 1009 : UNITED STATES MINOR OUTLYING ISLANDS, 598 : URUGUAY, 998 : UZBEKISTAN, 678 : VANUATU, 58 : VENEZUELA (BOLIVARIAN REPUBLIC OF), 84 : VIET NAM, 1284 : VIRGIN ISLANDS (BRITISH), 1340 : VIRGIN ISLANDS (U.S.), 681 : WALLIS AND FUTUNA, 1013 : WESTERN SAHARA, 967 : YEMEN, 260 : ZAMBIA, 263 : ZIMBABWE, 9999 : OTHERS "
ITR.ITR4.IncomeDeductions.PropertyDetails[].AddressDetailWithZipCode.PinCode,integer,N,"{""minimum"":100000,""maximum"":999999,""exclusiveMinimum"":false,""pattern"":""[1-9]{1}[0-9]{5}""}",
ITR.ITR4.IncomeDeductions.PropertyDetails[].AddressDetailWithZipCode.ZipCode,string,N,"{""maxLength"":8,""pattern"":""|(\\s*([\\w\\d_=!@#$%\\^*\\(\\){}\\[\\]\\|\\\\:;',\\.\\?/~`\\-\\+<>&\""][\\s\\w\\d_=!@#$%\\^*\\(\\){}\\[\\]\\|\\\\:;',\\.\\?/~`\\-\\+<>&\""]*)\\s*)""}",
ITR.ITR4.IncomeDeductions.PropertyDetails[].PropertyOwner,string,Y,"{""pattern"":""|(\\s*([\\w\\d_=!@#$%\\^*\\(\\){}\\[\\]\\|\\\\:;',\\.\\?/~`\\-\\+<>&\""][\\s\\w\\d_=!@#$%\\^*\\(\\){}\\[\\]\\|\\\\:;',\\.\\?/~`\\-\\+<>&\""]*)\\s*)"",""enum"":[""SE"",""MI"",""SP"",""OT""]}",SE - Self; MI - Minor; SP - Spouse; OT - Others
ITR.ITR4.IncomeDeductions.PropertyDetails[].PropertyOwnerOther,string,N,"{""maxLength"":50,""pattern"":""|(\\s*([\\w\\d_=!@#$%\\^*\\(\\){}\\[\\]\\|\\\\:;',\\.\\?/~`\\-\\+<>&\""][\\s\\w\\d_=!@#$%\\^*\\(\\){}\\[\\]\\|\\\\:;',\\.\\?/~`\\-\\+<>&\""]*)\\s*)""}",
ITR.ITR4.IncomeDeductions.PropertyDetails[].PropCoOwnedFlg,string,Y,"{""pattern"":""|(\\s*([\\w\\d_=!@#$%\\^*\\(\\){}\\[\\]\\|\\\\:;',\\.\\?/~`\\-\\+<>&\""][\\s\\w\\d_=!@#$%\\^*\\(\\){}\\[\\]\\|\\\\:;',\\.\\?/~`\\-\\+<>&\""]*)\\s*)"",""enum"":[""YES"",""NO""]}",Property co-owned by other than the taxpayer
ITR.ITR4.IncomeDeductions.PropertyDetails[].AsseseeShareProperty,number,N,"{""minimum"":0,""maximum"":100,""exclusiveMinimum"":false,""exclusiveMaximum"":false,""multipleOf"":0.01}",
ITR.ITR4.IncomeDeductions.PropertyDetails[].CoOwners,array,N,,
ITR.ITR4.IncomeDeductions.PropertyDetails[].CoOwners[],object,Y,,
ITR.ITR4.IncomeDeductions.PropertyDetails[].CoOwners[].CoOwnersSNo,integer,Y,"{""minimum"":1,""maximum"":99999999999999}",
ITR.ITR4.IncomeDeductions.PropertyDetails[].CoOwners[].NameCoOwner,string,Y,"{""minLength"":1,""maxLength"":125,""pattern"":""|(\\s*([\\w\\d_=!@#$%\\^*\\(\\){}\\[\\]\\|\\\\:;',\\.\\?/~`\\-\\+<>&\""][\\s\\w\\d_=!@#$%\\^*\\(\\){}\\[\\]\\|\\\\:;',\\.\\?/~`\\-\\+<>&\""]*)\\s*)""}",
ITR.ITR4.IncomeDeductions.PropertyDetails[].CoOwners[].PAN_CoOwner,string,N,"{""minLength"":10,""maxLength"":10,""allOfPatterns"":[""|(\\s*([\\w\\d_=!@#$%\\^*\\(\\){}\\[\\]\\|\\\\:;',\\.\\?/~`\\-\\+<>&\""][\\s\\w\\d_=!@#$%\\^*\\(\\){}\\[\\]\\|\\\\:;',\\.\\?/~`\\-\\+<>&\""]*)\\s*)"",""[A-Z]{5}[0-9]{4}[A-Z]""]}",
ITR.ITR4.IncomeDeductions.PropertyDetails[].CoOwners[].Aadhaar_CoOwner,string,N,"{""allOfPatterns"":[""|(\\s*([\\w\\d_=!@#$%\\^*\\(\\){}\\[\\]\\|\\\\:;',\\.\\?/~`\\-\\+<>&\""][\\s\\w\\d_=!@#$%\\^*\\(\\){}\\[\\]\\|\\\\:;',\\.\\?/~`\\-\\+<>&\""]*)\\s*)"",""[0-9]{12}""]}",
ITR.ITR4.IncomeDeductions.PropertyDetails[].CoOwners[].PercentShareProperty,number,N,"{""minimum"":0,""maximum"":100,""exclusiveMinimum"":false,""exclusiveMaximum"":false,""multipleOf"":0.01}",
ITR.ITR4.IncomeDeductions.PropertyDetails[].ifLetOut,string,Y,"{""maxLength"":1,""pattern"":""|(\\s*([\\w\\d_=!@#$%\\^*\\(\\){}\\[\\]\\|\\\\:;',\\.\\?/~`\\-\\+<>&\""][\\s\\w\\d_=!@#$%\\^*\\(\\){}\\[\\]\\|\\\\:;',\\.\\?/~`\\-\\+<>&\""]*)\\s*)"",""enum"":[""L"",""D"",""S""],""default"":""Y""}",L - Let Out; D - Deemed let out; S - Self Occupied
ITR.ITR4.IncomeDeductions.PropertyDetails[].TenantDetails,array,N,,
ITR.ITR4.IncomeDeductions.PropertyDetails[].TenantDetails[],object,Y,,
ITR.ITR4.IncomeDeductions.PropertyDetails[].TenantDetails[].TenantSNo,integer,Y,"{""minimum"":1,""maximum"":99999999999999}",
ITR.ITR4.IncomeDeductions.PropertyDetails[].TenantDetails[].NameofTenant,string,Y,"{""minLength"":1,""maxLength"":125,""pattern"":""|(\\s*([\\w\\d_=!@#$%\\^*\\(\\){}\\[\\]\\|\\\\:;',\\.\\?/~`\\-\\+<>&\""][\\s\\w\\d_=!@#$%\\^*\\(\\){}\\[\\]\\|\\\\:;',\\.\\?/~`\\-\\+<>&\""]*)\\s*)""}",
ITR.ITR4.IncomeDeductions.PropertyDetails[].TenantDetails[].PANofTenant,string,N,"{""allOfPatterns"":[""|(\\s*([\\w\\d_=!@#$%\\^*\\(\\){}\\[\\]\\|\\\\:;',\\.\\?/~`\\-\\+<>&\""][\\s\\w\\d_=!@#$%\\^*\\(\\){}\\[\\]\\|\\\\:;',\\.\\?/~`\\-\\+<>&\""]*)\\s*)"",""[A-Z]{5}[0-9]{4}[A-Z]""]}",
ITR.ITR4.IncomeDeductions.PropertyDetails[].TenantDetails[].AadhaarofTenant,string,N,"{""allOfPatterns"":[""|(\\s*([\\w\\d_=!@#$%\\^*\\(\\){}\\[\\]\\|\\\\:;',\\.\\?/~`\\-\\+<>&\""][\\s\\w\\d_=!@#$%\\^*\\(\\){}\\[\\]\\|\\\\:;',\\.\\?/~`\\-\\+<>&\""]*)\\s*)"",""[0-9]{12}""]}",
ITR.ITR4.IncomeDeductions.PropertyDetails[].TenantDetails[].PANTANofTenant,string,N,"{""allOfPatterns"":[""|(\\s*([\\w\\d_=!@#$%\\^*\\(\\){}\\[\\]\\|\\\\:;',\\.\\?/~`\\-\\+<>&\""][\\s\\w\\d_=!@#$%\\^*\\(\\){}\\[\\]\\|\\\\:;',\\.\\?/~`\\-\\+<>&\""]*)\\s*)"",""[A-Z]{4}[0-9]{5}[A-Z]|[A-Z]{5}[0-9]{4}[A-Z]""]}",
ITR.ITR4.IncomeDeductions.PropertyDetails[].Rentdetails,object,N,,Rent Details
ITR.ITR4.IncomeDeductions.PropertyDetails[].Rentdetails.AnnualLetableValue,integer,Y,"{""minimum"":0,""maximum"":99999999999999,""exclusiveMinimum"":false,""default"":0}",
ITR.ITR4.IncomeDeductions.PropertyDetails[].Rentdetails.RentNotRealized,integer,N,"{""minimum"":0,""maximum"":99999999999999,""exclusiveMinimum"":false,""default"":0}",
ITR.ITR4.IncomeDeductions.PropertyDetails[].Rentdetails.LocalTaxes,integer,N,"{""minimum"":0,""maximum"":99999999999999,""exclusiveMinimum"":false,""default"":0}",
ITR.ITR4.IncomeDeductions.PropertyDetails[].Rentdetails.TotalUnrealizedAndTax,integer,Y,"{""minimum"":0,""maximum"":99999999999999,""exclusiveMinimum"":false,""default"":0}",
ITR.ITR4.IncomeDeductions.PropertyDetails[].Rentdetails.BalanceALV,integer,Y,"{""minimum"":0,""maximum"":99999999999999,""exclusiveMinimum"":false,""default"":0}",
ITR.ITR4.IncomeDeductions.PropertyDetails[].Rentdetails.AnnualOfPropOwned,integer,Y,"{""minimum"":0,""maximum"":99999999999999,""default"":0}",
ITR.ITR4.IncomeDeductions.PropertyDetails[].Rentdetails.ThirtyPercentOfBalance,integer,Y,"{""minimum"":0,""maximum"":99999999999999,""exclusiveMinimum"":false,""default"":0}",
ITR.ITR4.IncomeDeductions.PropertyDetails[].Rentdetails.IntOnBorwCap,integer,Y,"{""minimum"":0,""maximum"":99999999999999,""exclusiveMinimum"":false,""default"":0}",Interest payable on borrowed capital
ITR.ITR4.IncomeDeductions.PropertyDetails[].Rentdetails.Section24B,object,N,,
ITR.ITR4.IncomeDeductions.PropertyDetails[].Rentdetails.Section24B.Section24BDtls,array,Y,,
ITR.ITR4.IncomeDeductions.PropertyDetails[].Rentdetails.Section24B.Section24BDtls[],object,Y,,
ITR.ITR4.IncomeDeductions.PropertyDetails[].Rentdetails.Section24B.Section24BDtls[].LoanTknFrom,string,Y,"{""enum"":[""B"",""I""]}","B: Bank, I: Other than Bank"
ITR.ITR4.IncomeDeductions.PropertyDetails[].Rentdetails.Section24B.Section24BDtls[].BankOrInstnName,string,Y,"{""minLength"":1,""maxLength"":125,""pattern"":""|(\\s*([\\w\\d_=!@#$%\\^*\\(\\){}\\[\\]\\|\\\\:;',\\.\\?/~`\\-\\+<>&\""][\\s\\w\\d_=!@#$%\\^*\\(\\){}\\[\\]\\|\\\\:;',\\.\\?/~`\\-\\+<>&\""]*)\\s*)""}",
ITR.ITR4.IncomeDeductions.PropertyDetails[].Rentdetails.Section24B.Section24BDtls[].LoanAccNoOfBankOrInstnRefNo,string,Y,"{""minLength"":1,""maxLength"":20,""allOfPatterns"":["".*[0-9]"","".*[1-9].*""]}",
ITR.ITR4.IncomeDeductions.PropertyDetails[].Rentdetails.Section24B.Section24BDtls[].DateofLoan,string,Y,"{""pattern"":""([12]\\d{3}-(0[1-9]|1[0-2])-(0[1-9]|[12]\\d|3[01]))""}",Date in YYYY-MM-DD format
ITR.ITR4.IncomeDeductions.PropertyDetails[].Rentdetails.Section24B.Section24BDtls[].TotalLoanAmt,integer,Y,"{""minimum"":0,""maximum"":99999999999999,""exclusiveMinimum"":false,""default"":0}",
ITR.ITR4.IncomeDeductions.PropertyDetails[].Rentdetails.Section24B.Section24BDtls[].LoanOutstndngAmt,integer,Y,"{""minimum"":0,""maximum"":99999999999999,""exclusiveMinimum"":false,""default"":0}",
ITR.ITR4.IncomeDeductions.PropertyDetails[].Rentdetails.Section24B.Section24BDtls[].InterestUs24B,integer,Y,"{""minimum"":0,""maximum"":99999999999999,""exclusiveMinimum"":false,""default"":0}",
ITR.ITR4.IncomeDeductions.PropertyDetails[].Rentdetails.Section24B.TotalInterestUs24B,integer,Y,"{""minimum"":0,""maximum"":99999999999999,""exclusiveMinimum"":false,""default"":0}",
ITR.ITR4.IncomeDeductions.PropertyDetails[].Rentdetails.TotalDeduct,integer,Y,"{""minimum"":0,""maximum"":99999999999999,""exclusiveMinimum"":false,""default"":0}",interest plus 30% of balanace
ITR.ITR4.IncomeDeductions.PropertyDetails[].Rentdetails.ArrearsUnrealizedRentRcvd,integer,N,"{""minimum"":0,""maximum"":99999999999999,""exclusiveMinimum"":false,""default"":0}",
ITR.ITR4.IncomeDeductions.PropertyDetails[].Rentdetails.IncomeOfHP,integer,Y,"{""minimum"":-99999999999999,""maximum"":99999999999999,""default"":0}",
ITR.ITR4.IncomeDeductions.TotalIncomeChargeableUnHP,integer,Y,"{""maximum"":99999999999999,""default"":0}",House Property income
ITR.ITR4.IncomeDeductions.IncomeOthSrc,integer,Y,"{""maximum"":99999999999999,""default"":0}",
ITR.ITR4.IncomeDeductions.OthersInc,object,N,,
ITR.ITR4.IncomeDeductions.OthersInc.OthersIncDtlsOthSrc,array,N,,
ITR.ITR4.IncomeDeductions.OthersInc.OthersIncDtlsOthSrc[],object,Y,,
ITR.ITR4.IncomeDeductions.OthersInc.OthersIncDtlsOthSrc[].OthSrcNatureDesc,string,Y,"{""pattern"":""|(\\s*([\\w\\d_=!@#$%\\^*\\(\\){}\\[\\]\\|\\\\:;',\\.\\?/~`\\-\\+<>&\""][\\s\\w\\d_=!@#$%\\^*\\(\\){}\\[\\]\\|\\\\:;',\\.\\?/~`\\-\\+<>&\""]*)\\s*)"",""enum"":[""SAV"",""IFD"",""TAX"",""FAP"",""DIV"",""10(11)(iP)"",""10(11)(iiP)"",""10(12)(iP)"",""10(12)(iiP)"",""OTH""]}",SAV : Interest from Saving Account; IFD : Interest from Deposit(Bank/Post Office/Cooperative Society); TAX : Interest from Income Tax Refund; FAP : Family pension; DIV : Dividend; 10(11)(iP) : Interest accrued on contributions to provident fund to the extent taxable as per first proviso to section 10(11); 10(11)(iiP) : Interest accrued on contributions to provident fund to the extent taxable as per second proviso to section 10(11); 10(12)(iP) : Interest accrued on contributions to provident fund to the extent taxable as per first proviso to section 10(12); 10(12)(iiP) : Interest accrued on contributions to provident fund to the extent taxable as per second proviso to section 10(12); OTH : Any Other
ITR.ITR4.IncomeDeductions.OthersInc.OthersIncDtlsOthSrc[].OthSrcOthNatOfInc,string,N,"{""maxLength"":125,""pattern"":""|(\\s*([\\w\\d_=!@#$%\\^*\\(\\){}\\[\\]\\|\\\\:;',\\.\\?/~`\\-\\+<>&\""][\\s\\w\\d_=!@#$%\\^*\\(\\){}\\[\\]\\|\\\\:;',\\.\\?/~`\\-\\+<>&\""]*)\\s*)""}",
ITR.ITR4.IncomeDeductions.OthersInc.OthersIncDtlsOthSrc[].OthSrcOthAmount,integer,Y,"{""minimum"":0,""maximum"":99999999999999,""exclusiveMinimum"":false}",
ITR.ITR4.IncomeDeductions.OthersInc.OthersIncDtlsOthSrc[].DividendInc,object,N,,
ITR.ITR4.IncomeDeductions.OthersInc.OthersIncDtlsOthSrc[].DividendInc.DateRange,object,Y,,
ITR.ITR4.IncomeDeductions.OthersInc.OthersIncDtlsOthSrc[].DividendInc.DateRange.Upto15Of6,integer,Y,"{""minimum"":0,""maximum"":99999999999999,""exclusiveMinimum"":false}",
ITR.ITR4.IncomeDeductions.OthersInc.OthersIncDtlsOthSrc[].DividendInc.DateRange.Upto15Of9,integer,Y,"{""minimum"":0,""maximum"":99999999999999,""exclusiveMinimum"":false}",
ITR.ITR4.IncomeDeductions.OthersInc.OthersIncDtlsOthSrc[].DividendInc.DateRange.Up16Of9To15Of12,integer,Y,"{""minimum"":0,""maximum"":99999999999999,""exclusiveMinimum"":false}",
ITR.ITR4.IncomeDeductions.OthersInc.OthersIncDtlsOthSrc[].DividendInc.DateRange.Up16Of12To15Of3,integer,Y,"{""minimum"":0,""maximum"":99999999999999,""exclusiveMinimum"":false}",
ITR.ITR4.IncomeDeductions.OthersInc.OthersIncDtlsOthSrc[].DividendInc.DateRange.Up16Of3To31Of3,integer,Y,"{""minimum"":0,""maximum"":99999999999999,""exclusiveMinimum"":false}",
ITR.ITR4.IncomeDeductions.DeductionUs57iia,integer,N,"{""minimum"":0,""maximum"":25000,""exclusiveMinimum"":false,""exclusiveMaximum"":false}",
ITR.ITR4.IncomeDeductions.GrossTotIncome,integer,Y,"{""maximum"":99999999999999,""default"":0}",Gross Total Income without LTCG u/s 112A
ITR.ITR4.IncomeDeductions.GrossTotIncomeIncLTCG112A,integer,Y,"{""maximum"":99999999999999,""default"":0}",Gross Total Income including LTCG u/s 112A
ITR.ITR4.IncomeDeductions.UsrDeductUndChapVIA,object,Y,,Deductions from income
ITR.ITR4.IncomeDeductions.UsrDeductUndChapVIA.Section80C,integer,Y,"{""minimum"":0,""maximum"":99999999999999,""exclusiveMinimum"":false}",
ITR.ITR4.IncomeDeductions.UsrDeductUndChapVIA.Section80CCC,integer,Y,"{""minimum"":0,""maximum"":99999999999999,""exclusiveMinimum"":false}",
ITR.ITR4.IncomeDeductions.UsrDeductUndChapVIA.PensionContribution80CCC,array,N,,
ITR.ITR4.IncomeDeductions.UsrDeductUndChapVIA.PensionContribution80CCC[],object,Y,,
ITR.ITR4.IncomeDeductions.UsrDeductUndChapVIA.PensionContribution80CCC[].TypeofIdentifier,string,Y,"{""enum"":[""PRAN"",""OTHPRAN""]}",PRAN: PRAN; OTHPRAN: Other than PRAN
ITR.ITR4.IncomeDeductions.UsrDeductUndChapVIA.PensionContribution80CCC[].NameofIdentifier,string,Y,"{""minLength"":1,""maxLength"":125,""pattern"":""|(\\s*([\\w\\d_=!@#$%\\^*\\(\\){}\\[\\]\\|\\\\:;',\\.\\?/~`\\-\\+<>&\""][\\s\\w\\d_=!@#$%\\^*\\(\\){}\\[\\]\\|\\\\:;',\\.\\?/~`\\-\\+<>&\""]*)\\s*)""}",
ITR.ITR4.IncomeDeductions.UsrDeductUndChapVIA.PensionContribution80CCC[].Amount,integer,Y,"{""minimum"":0,""maximum"":99999999999999,""exclusiveMinimum"":false}",
ITR.ITR4.IncomeDeductions.UsrDeductUndChapVIA.Section80CCDEmployeeOrSE,integer,Y,"{""minimum"":0,""maximum"":99999999999999,""exclusiveMinimum"":false}",For Employee/SelfEmployed
ITR.ITR4.IncomeDeductions.UsrDeductUndChapVIA.Section80CCD1B,integer,Y,"{""minimum"":0,""maximum"":99999999999999,""exclusiveMinimum"":false}",
ITR.ITR4.IncomeDeductions.UsrDeductUndChapVIA.Section80CCDEmployer,integer,Y,"{""minimum"":0,""maximum"":99999999999999,""exclusiveMinimum"":false}",
ITR.ITR4.IncomeDeductions.UsrDeductUndChapVIA.PRANDtls,array,N,,
ITR.ITR4.IncomeDeductions.UsrDeductUndChapVIA.PRANDtls[],object,Y,,
ITR.ITR4.IncomeDeductions.UsrDeductUndChapVIA.PRANDtls[].PRANNum,string,N,"{""pattern"":""[0-9]{12}""}",
ITR.ITR4.IncomeDeductions.UsrDeductUndChapVIA.Section80D,integer,Y,"{""minimum"":0,""maximum"":99999999999999,""exclusiveMinimum"":false}",
ITR.ITR4.IncomeDeductions.UsrDeductUndChapVIA.Section80DD,integer,Y,"{""minimum"":0,""maximum"":99999999999999,""exclusiveMinimum"":false}",
ITR.ITR4.IncomeDeductions.UsrDeductUndChapVIA.Section80DDBUsrType,string,N,"{""pattern"":""|(\\s*([\\w\\d_=!@#$%\\^*\\(\\){}\\[\\]\\|\\\\:;',\\.\\?/~`\\-\\+<>&\""][\\s\\w\\d_=!@#$%\\^*\\(\\){}\\[\\]\\|\\\\:;',\\.\\?/~`\\-\\+<>&\""]*)\\s*)"",""enum"":[""1"",""2""]}","1 : Self or dependent , 2 : Self or dependent - Senior Citizen"
ITR.ITR4.IncomeDeductions.UsrDeductUndChapVIA.NameOfSpecDisease80DDB,string,N,"{""pattern"":""|(\\s*([\\w\\d_=!@#$%\\^*\\(\\){}\\[\\]\\|\\\\:;',\\.\\?/~`\\-\\+<>&\""][\\s\\w\\d_=!@#$%\\^*\\(\\){}\\[\\]\\|\\\\:;',\\.\\?/~`\\-\\+<>&\""]*)\\s*)"",""enum"":[""a"",""b"",""c"",""d"",""e"",""f"",""g"",""h"",""i"",""j"",""k"",""l"",""m"",""n""]}",a : Dementia; b : Dystonia Musculorum Deformans; c : Motor Neuron Disease; d : Ataxia; e : Chorea; f : Hemiballismus; g : Aphasia; h: Parkinsons Disease; i : Malignant Cancers; j : Full Blown Acquired Immuno-Deficiency Syndrome (AIDS); k:Chronic Renal failure; l:Hematological disorders; m: Hemophilia; n:Thalassaemia
ITR.ITR4.IncomeDeductions.UsrDeductUndChapVIA.Section80DDB,integer,Y,"{""minimum"":0,""maximum"":99999999999999,""exclusiveMinimum"":false}",
ITR.ITR4.IncomeDeductions.UsrDeductUndChapVIA.Section80E,integer,Y,"{""minimum"":0,""maximum"":99999999999999,""exclusiveMinimum"":false}",
ITR.ITR4.IncomeDeductions.UsrDeductUndChapVIA.Section80EE,integer,N,"{""minimum"":0,""maximum"":99999999999999,""exclusiveMinimum"":false,""default"":0}",
ITR.ITR4.IncomeDeductions.UsrDeductUndChapVIA.Section80EEA,integer,N,"{""minimum"":0,""maximum"":99999999999999,""exclusiveMinimum"":false,""default"":0}",
ITR.ITR4.IncomeDeductions.UsrDeductUndChapVIA.Section80EEB,integer,N,"{""minimum"":0,""maximum"":99999999999999,""exclusiveMinimum"":false,""default"":0}",
ITR.ITR4.IncomeDeductions.UsrDeductUndChapVIA.Section80G,integer,Y,"{""minimum"":0,""maximum"":99999999999999,""exclusiveMinimum"":false}",
ITR.ITR4.IncomeDeductions.UsrDeductUndChapVIA.Section80GG,integer,Y,"{""minimum"":0,""maximum"":99999999999999,""exclusiveMinimum"":false}",
ITR.ITR4.IncomeDeductions.UsrDeductUndChapVIA.Form10BAAckNum,string,N,"{""maxLength"":15}",
ITR.ITR4.IncomeDeductions.UsrDeductUndChapVIA.Section80GGC,integer,Y,"{""minimum"":0,""maximum"":99999999999999,""exclusiveMinimum"":false}",
ITR.ITR4.IncomeDeductions.UsrDeductUndChapVIA.Section80U,integer,Y,"{""minimum"":0,""maximum"":99999999999999,""exclusiveMinimum"":false}",
ITR.ITR4.IncomeDeductions.UsrDeductUndChapVIA.Section80TTA,integer,Y,"{""minimum"":0,""maximum"":99999999999999,""exclusiveMinimum"":false}",
ITR.ITR4.IncomeDeductions.UsrDeductUndChapVIA.Section80TTB,integer,Y,"{""minimum"":0,""maximum"":99999999999999,""exclusiveMinimum"":false}",
ITR.ITR4.IncomeDeductions.UsrDeductUndChapVIA.AnyOthSec80CCH,integer,Y,"{""minimum"":0,""maximum"":99999999999999,""exclusiveMinimum"":false,""default"":0}",
ITR.ITR4.IncomeDeductions.UsrDeductUndChapVIA.TotalChapVIADeductions,integer,Y,"{""minimum"":0,""maximum"":99999999999999,""exclusiveMinimum"":false,""default"":0}",
ITR.ITR4.IncomeDeductions.DeductUndChapVIA,object,Y,,Deductions from income
ITR.ITR4.IncomeDeductions.DeductUndChapVIA.Section80C,integer,Y,"{""minimum"":0,""maximum"":150000,""exclusiveMinimum"":false}",
ITR.ITR4.IncomeDeductions.DeductUndChapVIA.Section80CCC,integer,Y,"{""minimum"":0,""maximum"":150000,""exclusiveMinimum"":false}",
ITR.ITR4.IncomeDeductions.DeductUndChapVIA.Section80CCDEmployeeOrSE,integer,Y,"{""minimum"":0,""maximum"":150000,""exclusiveMinimum"":false}",For Employee/SelfEmployed
ITR.ITR4.IncomeDeductions.DeductUndChapVIA.Section80CCD1B,integer,Y,"{""minimum"":0,""maximum"":50000,""exclusiveMinimum"":false,""exclusiveMaximum"":false}",
ITR.ITR4.IncomeDeductions.DeductUndChapVIA.Section80CCDEmployer,integer,Y,"{""minimum"":0,""maximum"":99999999999999,""exclusiveMinimum"":false}",
ITR.ITR4.IncomeDeductions.DeductUndChapVIA.Section80D,integer,Y,"{""minimum"":0,""maximum"":100000,""exclusiveMinimum"":false,""exclusiveMaximum"":false}",
ITR.ITR4.IncomeDeductions.DeductUndChapVIA.Section80DD,integer,Y,"{""minimum"":0,""maximum"":125000,""exclusiveMinimum"":false,""exclusiveMaximum"":false}",
ITR.ITR4.IncomeDeductions.DeductUndChapVIA.Section80DDB,integer,Y,"{""minimum"":0,""maximum"":100000,""exclusiveMinimum"":false,""exclusiveMaximum"":false}",
ITR.ITR4.IncomeDeductions.DeductUndChapVIA.Section80E,integer,Y,"{""minimum"":0,""maximum"":99999999999999,""exclusiveMinimum"":false}",
ITR.ITR4.IncomeDeductions.DeductUndChapVIA.Section80EE,integer,N,"{""minimum"":0,""maximum"":50000,""exclusiveMinimum"":false,""exclusiveMaximum"":false,""default"":0}",
ITR.ITR4.IncomeDeductions.DeductUndChapVIA.Section80EEA,integer,N,"{""minimum"":0,""maximum"":150000,""exclusiveMinimum"":false,""exclusiveMaximum"":false,""default"":0}",
ITR.ITR4.IncomeDeductions.DeductUndChapVIA.Section80EEB,integer,N,"{""minimum"":0,""maximum"":150000,""exclusiveMinimum"":false,""exclusiveMaximum"":false,""default"":0}",
ITR.ITR4.IncomeDeductions.DeductUndChapVIA.Section80G,integer,Y,"{""minimum"":0,""maximum"":99999999999999,""exclusiveMinimum"":false}",
ITR.ITR4.IncomeDeductions.DeductUndChapVIA.Section80GG,integer,Y,"{""minimum"":0,""maximum"":60000,""exclusiveMinimum"":false,""exclusiveMaximum"":false}",
ITR.ITR4.IncomeDeductions.DeductUndChapVIA.Section80GGC,integer,Y,"{""minimum"":0,""maximum"":99999999999999,""exclusiveMinimum"":false}",
ITR.ITR4.IncomeDeductions.DeductUndChapVIA.Section80U,integer,Y,"{""minimum"":0,""maximum"":125000,""exclusiveMinimum"":false,""exclusiveMaximum"":false}",
ITR.ITR4.IncomeDeductions.DeductUndChapVIA.Section80TTA,integer,Y,"{""minimum"":0,""maximum"":10000,""exclusiveMinimum"":false,""exclusiveMaximum"":false}",
ITR.ITR4.IncomeDeductions.DeductUndChapVIA.Section80TTB,integer,Y,"{""minimum"":0,""maximum"":50000,""exclusiveMinimum"":false,""exclusiveMaximum"":false}",
ITR.ITR4.IncomeDeductions.DeductUndChapVIA.AnyOthSec80CCH,integer,Y,"{""minimum"":0,""maximum"":288000,""exclusiveMinimum"":false,""default"":0}",
ITR.ITR4.IncomeDeductions.DeductUndChapVIA.TotalChapVIADeductions,integer,Y,"{""minimum"":0,""maximum"":99999999999999,""exclusiveMinimum"":false,""default"":0}",
ITR.ITR4.IncomeDeductions.TotalIncome,integer,Y,"{""minimum"":0,""maximum"":5125000,""exclusiveMinimum"":false,""exclusiveMaximum"":false,""default"":0}",
ITR.ITR4.TaxComputation,object,Y,,Tax computation details
ITR.ITR4.TaxComputation.TotalTaxPayable,integer,Y,"{""minimum"":0,""maximum"":99999999999999,""exclusiveMinimum"":false,""default"":0}",
ITR.ITR4.TaxComputation.Rebate87A,integer,Y,"{""minimum"":0,""maximum"":60000,""exclusiveMinimum"":false,""exclusiveMaximum"":false,""default"":0}",
ITR.ITR4.TaxComputation.TaxPayableOnRebate,integer,Y,"{""minimum"":0,""maximum"":99999999999999,""exclusiveMinimum"":false,""default"":0}",
ITR.ITR4.TaxComputation.EducationCess,integer,Y,"{""minimum"":0,""maximum"":99999999999999,""exclusiveMinimum"":false,""default"":0}",
ITR.ITR4.TaxComputation.GrossTaxLiability,integer,Y,"{""minimum"":0,""maximum"":99999999999999,""exclusiveMinimum"":false,""default"":0}",
ITR.ITR4.TaxComputation.Section89,integer,N,"{""minimum"":0,""maximum"":99999999999999,""exclusiveMinimum"":false,""default"":0}",
ITR.ITR4.TaxComputation.NetTaxLiability,integer,Y,"{""minimum"":0,""maximum"":99999999999999,""exclusiveMinimum"":false,""default"":0}",Balance Tax After Relief
ITR.ITR4.TaxComputation.IntrstPay,object,Y,,
ITR.ITR4.TaxComputation.IntrstPay.IntrstPayUs234A,integer,Y,"{""minimum"":0,""maximum"":99999999999999,""exclusiveMinimum"":false,""default"":0}",
ITR.ITR4.TaxComputation.IntrstPay.IntrstPayUs234B,integer,Y,"{""minimum"":0,""maximum"":99999999999999,""exclusiveMinimum"":false,""default"":0}",
ITR.ITR4.TaxComputation.IntrstPay.IntrstPayUs234C,integer,Y,"{""minimum"":0,""maximum"":99999999999999,""exclusiveMinimum"":false,""default"":0}",
ITR.ITR4.TaxComputation.IntrstPay.LateFilingFee234F,integer,Y,"{""minimum"":0,""maximum"":5000,""exclusiveMinimum"":false,""exclusiveMaximum"":false,""default"":0}",
ITR.ITR4.TaxComputation.IntrstPay.FeeFurnish234I,integer,N,"{""minimum"":0,""maximum"":5000,""exclusiveMinimum"":false,""exclusiveMaximum"":false,""default"":0}",
ITR.ITR4.TaxComputation.TotTaxPlusIntrstPay,integer,Y,"{""minimum"":0,""maximum"":99999999999999,""exclusiveMinimum"":false,""default"":0}",
ITR.ITR4.TaxPaid,object,Y,,Tax paid details
ITR.ITR4.TaxPaid.TaxesPaid,object,Y,,
ITR.ITR4.TaxPaid.TaxesPaid.AdvanceTax,integer,Y,"{""minimum"":0,""maximum"":99999999999999,""exclusiveMinimum"":false}",
ITR.ITR4.TaxPaid.TaxesPaid.TDS,integer,Y,"{""minimum"":0,""maximum"":99999999999999,""exclusiveMinimum"":false}",
ITR.ITR4.TaxPaid.TaxesPaid.TCS,integer,Y,"{""minimum"":0,""maximum"":99999999999999,""exclusiveMinimum"":false}",Required for ITR4
ITR.ITR4.TaxPaid.TaxesPaid.SelfAssessmentTax,integer,Y,"{""minimum"":0,""maximum"":99999999999999,""exclusiveMinimum"":false}",
ITR.ITR4.TaxPaid.TaxesPaid.TotalTaxesPaid,integer,Y,"{""minimum"":0,""maximum"":99999999999999,""exclusiveMinimum"":false}",
ITR.ITR4.TaxPaid.BalTaxPayable,integer,Y,"{""minimum"":0,""maximum"":99999999999999,""exclusiveMinimum"":false,""default"":0}",
ITR.ITR4.Refund,object,Y,,Refund details
ITR.ITR4.Refund.RefundDue,integer,Y,"{""minimum"":0,""maximum"":99999999999999,""exclusiveMinimum"":false,""default"":0}",Refund due if Total Taxes Paid is greater than AggregateTaxInterest
ITR.ITR4.Refund.BankAccountDtls,object,Y,,Bank details
ITR.ITR4.Refund.BankAccountDtls.AddtnlBankDetails,array,N,"{""minItems"":1}",
ITR.ITR4.Refund.BankAccountDtls.AddtnlBankDetails[],object,Y,,
ITR.ITR4.Refund.BankAccountDtls.AddtnlBankDetails[].IFSCCode,string,Y,"{""allOfPatterns"":[""|(\\s*([\\w\\d_=!@#$%\\^*\\(\\){}\\[\\]\\|\\\\:;',\\.\\?/~`\\-\\+<>&\""][\\s\\w\\d_=!@#$%\\^*\\(\\){}\\[\\]\\|\\\\:;',\\.\\?/~`\\-\\+<>&\""]*)\\s*)"",""[A-Z]{4}[0][A-Z0-9]{6}""]}",
ITR.ITR4.Refund.BankAccountDtls.AddtnlBankDetails[].BankName,string,Y,"{""minLength"":1,""maxLength"":125,""pattern"":""|(\\s*([\\w\\d_=!@#$%\\^*\\(\\){}\\[\\]\\|\\\\:;',\\.\\?/~`\\-\\+<>&\""][\\s\\w\\d_=!@#$%\\^*\\(\\){}\\[\\]\\|\\\\:;',\\.\\?/~`\\-\\+<>&\""]*)\\s*)""}",
ITR.ITR4.Refund.BankAccountDtls.AddtnlBankDetails[].BankAccountNo,string,Y,"{""minLength"":1,""maxLength"":20,""allOfPatterns"":["".*[0-9]"","".*[1-9].*""]}",
ITR.ITR4.Refund.BankAccountDtls.AddtnlBankDetails[].AccountType,string,Y,"{""enum"":[""SB"",""CA"",""CC"",""OD"",""NRO"",""OTH""]}","SB: Savings Account, CA: Current Account,CC: Cash Credit Account, OD: Over draft account, NRO: Non Resident Account, OTH: Other"
ITR.ITR4.Refund.BankAccountDtls.AddtnlBankDetails[].UseForRefund,string,Y,"{""pattern"":""|(\\s*([\\w\\d_=!@#$%\\^*\\(\\){}\\[\\]\\|\\\\:;',\\.\\?/~`\\-\\+<>&\""][\\s\\w\\d_=!@#$%\\^*\\(\\){}\\[\\]\\|\\\\:;',\\.\\?/~`\\-\\+<>&\""]*)\\s*)"",""enum"":[""true"",""false""],""default"":""false""}",
ITR.ITR4.Schedule80G,object,N,,
ITR.ITR4.Schedule80G.Don100Percent,object,N,,
ITR.ITR4.Schedule80G.Don100Percent.DoneeWithPan,array,N,"{""minItems"":1}",
ITR.ITR4.Schedule80G.Don100Percent.DoneeWithPan[],object,Y,,
ITR.ITR4.Schedule80G.Don100Percent.DoneeWithPan[].DoneeWithPanName,string,Y,"{""minLength"":1,""maxLength"":125,""pattern"":""|(\\s*([\\w\\d_=!@#$%\\^*\\(\\){}\\[\\]\\|\\\\:;',\\.\\?/~`\\-\\+<>&\""][\\s\\w\\d_=!@#$%\\^*\\(\\){}\\[\\]\\|\\\\:;',\\.\\?/~`\\-\\+<>&\""]*)\\s*)""}",
ITR.ITR4.Schedule80G.Don100Percent.DoneeWithPan[].ArnNbr,string,N,"{""maxLength"":25,""pattern"":""|(\\s*([\\w\\d_=!@#$%\\^*\\(\\){}\\[\\]\\|\\\\:;',\\.\\?/~`\\-\\+<>&\""][\\s\\w\\d_=!@#$%\\^*\\(\\){}\\[\\]\\|\\\\:;',\\.\\?/~`\\-\\+<>&\""]*)\\s*)""}",Please enter ARN (Donation reference Number)
ITR.ITR4.Schedule80G.Don100Percent.DoneeWithPan[].DoneePAN,string,Y,"{""allOfPatterns"":[""|(\\s*([\\w\\d_=!@#$%\\^*\\(\\){}\\[\\]\\|\\\\:;',\\.\\?/~`\\-\\+<>&\""][\\s\\w\\d_=!@#$%\\^*\\(\\){}\\[\\]\\|\\\\:;',\\.\\?/~`\\-\\+<>&\""]*)\\s*)"",""[A-Z]{5}[0-9]{4}[A-Z]""]}",
ITR.ITR4.Schedule80G.Don100Percent.DoneeWithPan[].AddressDetail,object,Y,,
ITR.ITR4.Schedule80G.Don100Percent.DoneeWithPan[].AddressDetail.AddrDetail,string,Y,"{""minLength"":1,""maxLength"":200,""pattern"":""|(\\s*([\\w\\d_=!@#$%\\^*\\(\\){}\\[\\]\\|\\\\:;',\\.\\?/~`\\-\\+<>&\""][\\s\\w\\d_=!@#$%\\^*\\(\\){}\\[\\]\\|\\\\:;',\\.\\?/~`\\-\\+<>&\""]*)\\s*)""}",
ITR.ITR4.Schedule80G.Don100Percent.DoneeWithPan[].AddressDetail.CityOrTownOrDistrict,string,Y,"{""minLength"":1,""maxLength"":50,""pattern"":""|(\\s*([\\w\\d_=!@#$%\\^*\\(\\){}\\[\\]\\|\\\\:;',\\.\\?/~`\\-\\+<>&\""][\\s\\w\\d_=!@#$%\\^*\\(\\){}\\[\\]\\|\\\\:;',\\.\\?/~`\\-\\+<>&\""]*)\\s*)""}",
ITR.ITR4.Schedule80G.Don100Percent.DoneeWithPan[].AddressDetail.StateCode,string,Y,"{""pattern"":""|(\\s*([\\w\\d_=!@#$%\\^*\\(\\){}\\[\\]\\|\\\\:;',\\.\\?/~`\\-\\+<>&\""][\\s\\w\\d_=!@#$%\\^*\\(\\){}\\[\\]\\|\\\\:;',\\.\\?/~`\\-\\+<>&\""]*)\\s*)"",""enum"":[""01"",""02"",""03"",""04"",""05"",""06"",""07"",""08"",""09"",""10"",""11"",""12"",""13"",""14"",""15"",""16"",""17"",""18"",""19"",""20"",""21"",""22"",""23"",""24"",""25"",""26"",""27"",""28"",""29"",""30"",""31"",""32"",""33"",""34"",""35"",""36"",""37""]}","01-Andaman and Nicobar islands, 02-Andhra Pradesh, 03-Arunachal Pradesh, 04-Assam, 05-Bihar, 06-Chandigarh, 07-Dadra Nagar and Haveli, 08-Daman and Diu, 09- Delhi, 10- Goa, 11-Gujarat, 12- Haryana, 13- Himachal Pradesh, 14-Jammu and Kashmir, 15- Karnataka, 16- Kerala, 17- Lakshadweep, 18-Madhya Pradesh, 19-Maharashtra, 20-Manipur, 21-Meghalaya, 22-Mizoram, 23-Nagaland, 24- Odisha, 25- Puducherry, 26- Punjab, 27-Rajasthan, 28- Sikkim, 29-Tamil Nadu, 30- Tripura, 31-Uttar Pradesh, 32- West Bengal, 33- Chhattisgarh, 34- Uttarakhand, 35- Jharkhand, 36- Telangana, 37- Ladakh"
ITR.ITR4.Schedule80G.Don100Percent.DoneeWithPan[].AddressDetail.PinCode,integer,Y,"{""minimum"":100000,""maximum"":999999,""exclusiveMinimum"":false,""pattern"":""[1-9]{1}[0-9]{5}""}",
ITR.ITR4.Schedule80G.Don100Percent.DoneeWithPan[].DonationAmtCash,integer,N,"{""minimum"":0,""maximum"":99999999999999,""exclusiveMinimum"":false,""default"":0}",
ITR.ITR4.Schedule80G.Don100Percent.DoneeWithPan[].DonationAmtOtherMode,integer,N,"{""minimum"":0,""maximum"":99999999999999,""exclusiveMinimum"":false,""default"":0}",
ITR.ITR4.Schedule80G.Don100Percent.DoneeWithPan[].TransactionRefNum,string,N,"{""maxLength"":50}",
ITR.ITR4.Schedule80G.Don100Percent.DoneeWithPan[].IFSCCode,string,N,"{""maxLength"":11,""allOfPatterns"":[""|(\\s*([\\w\\d_=!@#$%\\^*\\(\\){}\\[\\]\\|\\\\:;',\\.\\?/~`\\-\\+<>&\""][\\s\\w\\d_=!@#$%\\^*\\(\\){}\\[\\]\\|\\\\:;',\\.\\?/~`\\-\\+<>&\""]*)\\s*)"",""[A-Z]{4}[0][A-Z0-9]{6}""]}",
ITR.ITR4.Schedule80G.Don100Percent.DoneeWithPan[].DonationAmt,integer,Y,"{""minimum"":0,""maximum"":99999999999999,""exclusiveMinimum"":false,""default"":0}",
ITR.ITR4.Schedule80G.Don100Percent.DoneeWithPan[].EligibleDonationAmt,integer,Y,"{""minimum"":0,""maximum"":99999999999999,""exclusiveMinimum"":false,""default"":0}",
ITR.ITR4.Schedule80G.Don100Percent.TotDon100PercentCash,integer,Y,"{""minimum"":0,""maximum"":99999999999999,""exclusiveMinimum"":false,""default"":0}",
ITR.ITR4.Schedule80G.Don100Percent.TotDon100PercentOtherMode,integer,Y,"{""minimum"":0,""maximum"":99999999999999,""exclusiveMinimum"":false,""default"":0}",
ITR.ITR4.Schedule80G.Don100Percent.TotDon100Percent,integer,Y,"{""minimum"":0,""maximum"":99999999999999,""exclusiveMinimum"":false,""default"":0}",
ITR.ITR4.Schedule80G.Don100Percent.TotEligibleDon100Percent,integer,Y,"{""minimum"":0,""maximum"":99999999999999,""exclusiveMinimum"":false,""default"":0}",
ITR.ITR4.Schedule80G.Don50PercentNoApprReqd,object,N,,
ITR.ITR4.Schedule80G.Don50PercentNoApprReqd.DoneeWithPan,array,N,"{""minItems"":1}",
ITR.ITR4.Schedule80G.Don50PercentNoApprReqd.DoneeWithPan[],object,Y,,
ITR.ITR4.Schedule80G.Don50PercentNoApprReqd.DoneeWithPan[].DoneeWithPanName,string,Y,"{""minLength"":1,""maxLength"":125,""pattern"":""|(\\s*([\\w\\d_=!@#$%\\^*\\(\\){}\\[\\]\\|\\\\:;',\\.\\?/~`\\-\\+<>&\""][\\s\\w\\d_=!@#$%\\^*\\(\\){}\\[\\]\\|\\\\:;',\\.\\?/~`\\-\\+<>&\""]*)\\s*)""}",
ITR.ITR4.Schedule80G.Don50PercentNoApprReqd.DoneeWithPan[].ArnNbr,string,N,"{""maxLength"":25,""pattern"":""|(\\s*([\\w\\d_=!@#$%\\^*\\(\\){}\\[\\]\\|\\\\:;',\\.\\?/~`\\-\\+<>&\""][\\s\\w\\d_=!@#$%\\^*\\(\\){}\\[\\]\\|\\\\:;',\\.\\?/~`\\-\\+<>&\""]*)\\s*)""}",Please enter ARN (Donation reference Number)
ITR.ITR4.Schedule80G.Don50PercentNoApprReqd.DoneeWithPan[].DoneePAN,string,Y,"{""allOfPatterns"":[""|(\\s*([\\w\\d_=!@#$%\\^*\\(\\){}\\[\\]\\|\\\\:;',\\.\\?/~`\\-\\+<>&\""][\\s\\w\\d_=!@#$%\\^*\\(\\){}\\[\\]\\|\\\\:;',\\.\\?/~`\\-\\+<>&\""]*)\\s*)"",""[A-Z]{5}[0-9]{4}[A-Z]""]}",
ITR.ITR4.Schedule80G.Don50PercentNoApprReqd.DoneeWithPan[].AddressDetail,object,Y,,
ITR.ITR4.Schedule80G.Don50PercentNoApprReqd.DoneeWithPan[].AddressDetail.AddrDetail,string,Y,"{""minLength"":1,""maxLength"":200,""pattern"":""|(\\s*([\\w\\d_=!@#$%\\^*\\(\\){}\\[\\]\\|\\\\:;',\\.\\?/~`\\-\\+<>&\""][\\s\\w\\d_=!@#$%\\^*\\(\\){}\\[\\]\\|\\\\:;',\\.\\?/~`\\-\\+<>&\""]*)\\s*)""}",
ITR.ITR4.Schedule80G.Don50PercentNoApprReqd.DoneeWithPan[].AddressDetail.CityOrTownOrDistrict,string,Y,"{""minLength"":1,""maxLength"":50,""pattern"":""|(\\s*([\\w\\d_=!@#$%\\^*\\(\\){}\\[\\]\\|\\\\:;',\\.\\?/~`\\-\\+<>&\""][\\s\\w\\d_=!@#$%\\^*\\(\\){}\\[\\]\\|\\\\:;',\\.\\?/~`\\-\\+<>&\""]*)\\s*)""}",
ITR.ITR4.Schedule80G.Don50PercentNoApprReqd.DoneeWithPan[].AddressDetail.StateCode,string,Y,"{""pattern"":""|(\\s*([\\w\\d_=!@#$%\\^*\\(\\){}\\[\\]\\|\\\\:;',\\.\\?/~`\\-\\+<>&\""][\\s\\w\\d_=!@#$%\\^*\\(\\){}\\[\\]\\|\\\\:;',\\.\\?/~`\\-\\+<>&\""]*)\\s*)"",""enum"":[""01"",""02"",""03"",""04"",""05"",""06"",""07"",""08"",""09"",""10"",""11"",""12"",""13"",""14"",""15"",""16"",""17"",""18"",""19"",""20"",""21"",""22"",""23"",""24"",""25"",""26"",""27"",""28"",""29"",""30"",""31"",""32"",""33"",""34"",""35"",""36"",""37""]}","01-Andaman and Nicobar islands, 02-Andhra Pradesh, 03-Arunachal Pradesh, 04-Assam, 05-Bihar, 06-Chandigarh, 07-Dadra Nagar and Haveli, 08-Daman and Diu, 09- Delhi, 10- Goa, 11-Gujarat, 12- Haryana, 13- Himachal Pradesh, 14-Jammu and Kashmir, 15- Karnataka, 16- Kerala, 17- Lakshadweep, 18-Madhya Pradesh, 19-Maharashtra, 20-Manipur, 21-Meghalaya, 22-Mizoram, 23-Nagaland, 24- Odisha, 25- Puducherry, 26- Punjab, 27-Rajasthan, 28- Sikkim, 29-Tamil Nadu, 30- Tripura, 31-Uttar Pradesh, 32- West Bengal, 33- Chhattisgarh, 34- Uttarakhand, 35- Jharkhand, 36- Telangana, 37- Ladakh"
ITR.ITR4.Schedule80G.Don50PercentNoApprReqd.DoneeWithPan[].AddressDetail.PinCode,integer,Y,"{""minimum"":100000,""maximum"":999999,""exclusiveMinimum"":false,""pattern"":""[1-9]{1}[0-9]{5}""}",
ITR.ITR4.Schedule80G.Don50PercentNoApprReqd.DoneeWithPan[].DonationAmtCash,integer,N,"{""minimum"":0,""maximum"":99999999999999,""exclusiveMinimum"":false,""default"":0}",
ITR.ITR4.Schedule80G.Don50PercentNoApprReqd.DoneeWithPan[].DonationAmtOtherMode,integer,N,"{""minimum"":0,""maximum"":99999999999999,""exclusiveMinimum"":false,""default"":0}",
ITR.ITR4.Schedule80G.Don50PercentNoApprReqd.DoneeWithPan[].TransactionRefNum,string,N,"{""maxLength"":50}",
ITR.ITR4.Schedule80G.Don50PercentNoApprReqd.DoneeWithPan[].IFSCCode,string,N,"{""maxLength"":11,""allOfPatterns"":[""|(\\s*([\\w\\d_=!@#$%\\^*\\(\\){}\\[\\]\\|\\\\:;',\\.\\?/~`\\-\\+<>&\""][\\s\\w\\d_=!@#$%\\^*\\(\\){}\\[\\]\\|\\\\:;',\\.\\?/~`\\-\\+<>&\""]*)\\s*)"",""[A-Z]{4}[0][A-Z0-9]{6}""]}",
ITR.ITR4.Schedule80G.Don50PercentNoApprReqd.DoneeWithPan[].DonationAmt,integer,Y,"{""minimum"":0,""maximum"":99999999999999,""exclusiveMinimum"":false,""default"":0}",
ITR.ITR4.Schedule80G.Don50PercentNoApprReqd.DoneeWithPan[].EligibleDonationAmt,integer,Y,"{""minimum"":0,""maximum"":99999999999999,""exclusiveMinimum"":false,""default"":0}",
ITR.ITR4.Schedule80G.Don50PercentNoApprReqd.TotDon50PercentNoApprReqdCash,integer,Y,"{""minimum"":0,""maximum"":99999999999999,""exclusiveMinimum"":false,""default"":0}",
ITR.ITR4.Schedule80G.Don50PercentNoApprReqd.TotDon50PercentNoApprReqdOtherMode,integer,Y,"{""minimum"":0,""maximum"":99999999999999,""exclusiveMinimum"":false,""default"":0}",
ITR.ITR4.Schedule80G.Don50PercentNoApprReqd.TotDon50PercentNoApprReqd,integer,Y,"{""minimum"":0,""maximum"":99999999999999,""exclusiveMinimum"":false,""default"":0}",
ITR.ITR4.Schedule80G.Don50PercentNoApprReqd.TotEligibleDon50Percent,integer,Y,"{""minimum"":0,""maximum"":99999999999999,""exclusiveMinimum"":false,""default"":0}",
ITR.ITR4.Schedule80G.Don100PercentApprReqd,object,N,,
ITR.ITR4.Schedule80G.Don100PercentApprReqd.DoneeWithPan,array,N,"{""minItems"":1}",
ITR.ITR4.Schedule80G.Don100PercentApprReqd.DoneeWithPan[],object,Y,,
ITR.ITR4.Schedule80G.Don100PercentApprReqd.DoneeWithPan[].DoneeWithPanName,string,Y,"{""minLength"":1,""maxLength"":125,""pattern"":""|(\\s*([\\w\\d_=!@#$%\\^*\\(\\){}\\[\\]\\|\\\\:;',\\.\\?/~`\\-\\+<>&\""][\\s\\w\\d_=!@#$%\\^*\\(\\){}\\[\\]\\|\\\\:;',\\.\\?/~`\\-\\+<>&\""]*)\\s*)""}",
ITR.ITR4.Schedule80G.Don100PercentApprReqd.DoneeWithPan[].ArnNbr,string,N,"{""maxLength"":25,""pattern"":""|(\\s*([\\w\\d_=!@#$%\\^*\\(\\){}\\[\\]\\|\\\\:;',\\.\\?/~`\\-\\+<>&\""][\\s\\w\\d_=!@#$%\\^*\\(\\){}\\[\\]\\|\\\\:;',\\.\\?/~`\\-\\+<>&\""]*)\\s*)""}",Please enter ARN (Donation reference Number)
ITR.ITR4.Schedule80G.Don100PercentApprReqd.DoneeWithPan[].DoneePAN,string,Y,"{""allOfPatterns"":[""|(\\s*([\\w\\d_=!@#$%\\^*\\(\\){}\\[\\]\\|\\\\:;',\\.\\?/~`\\-\\+<>&\""][\\s\\w\\d_=!@#$%\\^*\\(\\){}\\[\\]\\|\\\\:;',\\.\\?/~`\\-\\+<>&\""]*)\\s*)"",""[A-Z]{5}[0-9]{4}[A-Z]""]}",
ITR.ITR4.Schedule80G.Don100PercentApprReqd.DoneeWithPan[].AddressDetail,object,Y,,
ITR.ITR4.Schedule80G.Don100PercentApprReqd.DoneeWithPan[].AddressDetail.AddrDetail,string,Y,"{""minLength"":1,""maxLength"":200,""pattern"":""|(\\s*([\\w\\d_=!@#$%\\^*\\(\\){}\\[\\]\\|\\\\:;',\\.\\?/~`\\-\\+<>&\""][\\s\\w\\d_=!@#$%\\^*\\(\\){}\\[\\]\\|\\\\:;',\\.\\?/~`\\-\\+<>&\""]*)\\s*)""}",
ITR.ITR4.Schedule80G.Don100PercentApprReqd.DoneeWithPan[].AddressDetail.CityOrTownOrDistrict,string,Y,"{""minLength"":1,""maxLength"":50,""pattern"":""|(\\s*([\\w\\d_=!@#$%\\^*\\(\\){}\\[\\]\\|\\\\:;',\\.\\?/~`\\-\\+<>&\""][\\s\\w\\d_=!@#$%\\^*\\(\\){}\\[\\]\\|\\\\:;',\\.\\?/~`\\-\\+<>&\""]*)\\s*)""}",
ITR.ITR4.Schedule80G.Don100PercentApprReqd.DoneeWithPan[].AddressDetail.StateCode,string,Y,"{""pattern"":""|(\\s*([\\w\\d_=!@#$%\\^*\\(\\){}\\[\\]\\|\\\\:;',\\.\\?/~`\\-\\+<>&\""][\\s\\w\\d_=!@#$%\\^*\\(\\){}\\[\\]\\|\\\\:;',\\.\\?/~`\\-\\+<>&\""]*)\\s*)"",""enum"":[""01"",""02"",""03"",""04"",""05"",""06"",""07"",""08"",""09"",""10"",""11"",""12"",""13"",""14"",""15"",""16"",""17"",""18"",""19"",""20"",""21"",""22"",""23"",""24"",""25"",""26"",""27"",""28"",""29"",""30"",""31"",""32"",""33"",""34"",""35"",""36"",""37""]}","01-Andaman and Nicobar islands, 02-Andhra Pradesh, 03-Arunachal Pradesh, 04-Assam, 05-Bihar, 06-Chandigarh, 07-Dadra Nagar and Haveli, 08-Daman and Diu, 09- Delhi, 10- Goa, 11-Gujarat, 12- Haryana, 13- Himachal Pradesh, 14-Jammu and Kashmir, 15- Karnataka, 16- Kerala, 17- Lakshadweep, 18-Madhya Pradesh, 19-Maharashtra, 20-Manipur, 21-Meghalaya, 22-Mizoram, 23-Nagaland, 24- Odisha, 25- Puducherry, 26- Punjab, 27-Rajasthan, 28- Sikkim, 29-Tamil Nadu, 30- Tripura, 31-Uttar Pradesh, 32- West Bengal, 33- Chhattisgarh, 34- Uttarakhand, 35- Jharkhand, 36- Telangana, 37- Ladakh"
ITR.ITR4.Schedule80G.Don100PercentApprReqd.DoneeWithPan[].AddressDetail.PinCode,integer,Y,"{""minimum"":100000,""maximum"":999999,""exclusiveMinimum"":false,""pattern"":""[1-9]{1}[0-9]{5}""}",
ITR.ITR4.Schedule80G.Don100PercentApprReqd.DoneeWithPan[].DonationAmtCash,integer,N,"{""minimum"":0,""maximum"":99999999999999,""exclusiveMinimum"":false,""default"":0}",
ITR.ITR4.Schedule80G.Don100PercentApprReqd.DoneeWithPan[].DonationAmtOtherMode,integer,N,"{""minimum"":0,""maximum"":99999999999999,""exclusiveMinimum"":false,""default"":0}",
ITR.ITR4.Schedule80G.Don100PercentApprReqd.DoneeWithPan[].TransactionRefNum,string,N,"{""maxLength"":50}",
ITR.ITR4.Schedule80G.Don100PercentApprReqd.DoneeWithPan[].IFSCCode,string,N,"{""maxLength"":11,""allOfPatterns"":[""|(\\s*([\\w\\d_=!@#$%\\^*\\(\\){}\\[\\]\\|\\\\:;',\\.\\?/~`\\-\\+<>&\""][\\s\\w\\d_=!@#$%\\^*\\(\\){}\\[\\]\\|\\\\:;',\\.\\?/~`\\-\\+<>&\""]*)\\s*)"",""[A-Z]{4}[0][A-Z0-9]{6}""]}",
ITR.ITR4.Schedule80G.Don100PercentApprReqd.DoneeWithPan[].DonationAmt,integer,Y,"{""minimum"":0,""maximum"":99999999999999,""exclusiveMinimum"":false,""default"":0}",
ITR.ITR4.Schedule80G.Don100PercentApprReqd.DoneeWithPan[].EligibleDonationAmt,integer,Y,"{""minimum"":0,""maximum"":99999999999999,""exclusiveMinimum"":false,""default"":0}",
ITR.ITR4.Schedule80G.Don100PercentApprReqd.TotDon100PercentApprReqdCash,integer,Y,"{""minimum"":0,""maximum"":99999999999999,""exclusiveMinimum"":false,""default"":0}",
ITR.ITR4.Schedule80G.Don100PercentApprReqd.TotDon100PercentApprReqdOtherMode,integer,Y,"{""minimum"":0,""maximum"":99999999999999,""exclusiveMinimum"":false,""default"":0}",
ITR.ITR4.Schedule80G.Don100PercentApprReqd.TotDon100PercentApprReqd,integer,Y,"{""minimum"":0,""maximum"":99999999999999,""exclusiveMinimum"":false,""default"":0}",
ITR.ITR4.Schedule80G.Don100PercentApprReqd.TotEligibleDon100PercentApprReqd,integer,Y,"{""minimum"":0,""maximum"":99999999999999,""exclusiveMinimum"":false,""default"":0}",
ITR.ITR4.Schedule80G.Don50PercentApprReqd,object,N,,
ITR.ITR4.Schedule80G.Don50PercentApprReqd.DoneeWithPan,array,N,"{""minItems"":1}",
ITR.ITR4.Schedule80G.Don50PercentApprReqd.DoneeWithPan[],object,Y,,
ITR.ITR4.Schedule80G.Don50PercentApprReqd.DoneeWithPan[].DoneeWithPanName,string,Y,"{""minLength"":1,""maxLength"":125,""pattern"":""|(\\s*([\\w\\d_=!@#$%\\^*\\(\\){}\\[\\]\\|\\\\:;',\\.\\?/~`\\-\\+<>&\""][\\s\\w\\d_=!@#$%\\^*\\(\\){}\\[\\]\\|\\\\:;',\\.\\?/~`\\-\\+<>&\""]*)\\s*)""}",
ITR.ITR4.Schedule80G.Don50PercentApprReqd.DoneeWithPan[].ArnNbr,string,N,"{""maxLength"":25,""pattern"":""|(\\s*([\\w\\d_=!@#$%\\^*\\(\\){}\\[\\]\\|\\\\:;',\\.\\?/~`\\-\\+<>&\""][\\s\\w\\d_=!@#$%\\^*\\(\\){}\\[\\]\\|\\\\:;',\\.\\?/~`\\-\\+<>&\""]*)\\s*)""}",Please enter ARN (Donation reference Number)
ITR.ITR4.Schedule80G.Don50PercentApprReqd.DoneeWithPan[].DoneePAN,string,Y,"{""allOfPatterns"":[""|(\\s*([\\w\\d_=!@#$%\\^*\\(\\){}\\[\\]\\|\\\\:;',\\.\\?/~`\\-\\+<>&\""][\\s\\w\\d_=!@#$%\\^*\\(\\){}\\[\\]\\|\\\\:;',\\.\\?/~`\\-\\+<>&\""]*)\\s*)"",""[A-Z]{5}[0-9]{4}[A-Z]""]}",
ITR.ITR4.Schedule80G.Don50PercentApprReqd.DoneeWithPan[].AddressDetail,object,Y,,
ITR.ITR4.Schedule80G.Don50PercentApprReqd.DoneeWithPan[].AddressDetail.AddrDetail,string,Y,"{""minLength"":1,""maxLength"":200,""pattern"":""|(\\s*([\\w\\d_=!@#$%\\^*\\(\\){}\\[\\]\\|\\\\:;',\\.\\?/~`\\-\\+<>&\""][\\s\\w\\d_=!@#$%\\^*\\(\\){}\\[\\]\\|\\\\:;',\\.\\?/~`\\-\\+<>&\""]*)\\s*)""}",
ITR.ITR4.Schedule80G.Don50PercentApprReqd.DoneeWithPan[].AddressDetail.CityOrTownOrDistrict,string,Y,"{""minLength"":1,""maxLength"":50,""pattern"":""|(\\s*([\\w\\d_=!@#$%\\^*\\(\\){}\\[\\]\\|\\\\:;',\\.\\?/~`\\-\\+<>&\""][\\s\\w\\d_=!@#$%\\^*\\(\\){}\\[\\]\\|\\\\:;',\\.\\?/~`\\-\\+<>&\""]*)\\s*)""}",
ITR.ITR4.Schedule80G.Don50PercentApprReqd.DoneeWithPan[].AddressDetail.StateCode,string,Y,"{""pattern"":""|(\\s*([\\w\\d_=!@#$%\\^*\\(\\){}\\[\\]\\|\\\\:;',\\.\\?/~`\\-\\+<>&\""][\\s\\w\\d_=!@#$%\\^*\\(\\){}\\[\\]\\|\\\\:;',\\.\\?/~`\\-\\+<>&\""]*)\\s*)"",""enum"":[""01"",""02"",""03"",""04"",""05"",""06"",""07"",""08"",""09"",""10"",""11"",""12"",""13"",""14"",""15"",""16"",""17"",""18"",""19"",""20"",""21"",""22"",""23"",""24"",""25"",""26"",""27"",""28"",""29"",""30"",""31"",""32"",""33"",""34"",""35"",""36"",""37""]}","01-Andaman and Nicobar islands, 02-Andhra Pradesh, 03-Arunachal Pradesh, 04-Assam, 05-Bihar, 06-Chandigarh, 07-Dadra Nagar and Haveli, 08-Daman and Diu, 09- Delhi, 10- Goa, 11-Gujarat, 12- Haryana, 13- Himachal Pradesh, 14-Jammu and Kashmir, 15- Karnataka, 16- Kerala, 17- Lakshadweep, 18-Madhya Pradesh, 19-Maharashtra, 20-Manipur, 21-Meghalaya, 22-Mizoram, 23-Nagaland, 24- Odisha, 25- Puducherry, 26- Punjab, 27-Rajasthan, 28- Sikkim, 29-Tamil Nadu, 30- Tripura, 31-Uttar Pradesh, 32- West Bengal, 33- Chhattisgarh, 34- Uttarakhand, 35- Jharkhand, 36- Telangana, 37- Ladakh"
ITR.ITR4.Schedule80G.Don50PercentApprReqd.DoneeWithPan[].AddressDetail.PinCode,integer,Y,"{""minimum"":100000,""maximum"":999999,""exclusiveMinimum"":false,""pattern"":""[1-9]{1}[0-9]{5}""}",
ITR.ITR4.Schedule80G.Don50PercentApprReqd.DoneeWithPan[].DonationAmtCash,integer,N,"{""minimum"":0,""maximum"":99999999999999,""exclusiveMinimum"":false,""default"":0}",
ITR.ITR4.Schedule80G.Don50PercentApprReqd.DoneeWithPan[].DonationAmtOtherMode,integer,N,"{""minimum"":0,""maximum"":99999999999999,""exclusiveMinimum"":false,""default"":0}",
ITR.ITR4.Schedule80G.Don50PercentApprReqd.DoneeWithPan[].TransactionRefNum,string,N,"{""maxLength"":50}",
ITR.ITR4.Schedule80G.Don50PercentApprReqd.DoneeWithPan[].IFSCCode,string,N,"{""maxLength"":11,""allOfPatterns"":[""|(\\s*([\\w\\d_=!@#$%\\^*\\(\\){}\\[\\]\\|\\\\:;',\\.\\?/~`\\-\\+<>&\""][\\s\\w\\d_=!@#$%\\^*\\(\\){}\\[\\]\\|\\\\:;',\\.\\?/~`\\-\\+<>&\""]*)\\s*)"",""[A-Z]{4}[0][A-Z0-9]{6}""]}",
ITR.ITR4.Schedule80G.Don50PercentApprReqd.DoneeWithPan[].DonationAmt,integer,Y,"{""minimum"":0,""maximum"":99999999999999,""exclusiveMinimum"":false,""default"":0}",
ITR.ITR4.Schedule80G.Don50PercentApprReqd.DoneeWithPan[].EligibleDonationAmt,integer,Y,"{""minimum"":0,""maximum"":99999999999999,""exclusiveMinimum"":false,""default"":0}",
ITR.ITR4.Schedule80G.Don50PercentApprReqd.TotDon50PercentApprReqdCash,integer,Y,"{""minimum"":0,""maximum"":99999999999999,""exclusiveMinimum"":false,""default"":0}",
ITR.ITR4.Schedule80G.Don50PercentApprReqd.TotDon50PercentApprReqdOtherMode,integer,Y,"{""minimum"":0,""maximum"":99999999999999,""exclusiveMinimum"":false,""default"":0}",
ITR.ITR4.Schedule80G.Don50PercentApprReqd.TotDon50PercentApprReqd,integer,Y,"{""minimum"":0,""maximum"":99999999999999,""exclusiveMinimum"":false,""default"":0}",
ITR.ITR4.Schedule80G.Don50PercentApprReqd.TotEligibleDon50PercentApprReqd,integer,Y,"{""minimum"":0,""maximum"":99999999999999,""exclusiveMinimum"":false,""default"":0}",
ITR.ITR4.Schedule80G.TotalDonationsUs80GCash,integer,Y,"{""minimum"":0,""maximum"":99999999999999,""exclusiveMinimum"":false,""default"":0}",
ITR.ITR4.Schedule80G.TotalDonationsUs80GOtherMode,integer,Y,"{""minimum"":0,""maximum"":99999999999999,""exclusiveMinimum"":false,""default"":0}",
ITR.ITR4.Schedule80G.TotalDonationsUs80G,integer,Y,"{""minimum"":0,""maximum"":99999999999999,""exclusiveMinimum"":false,""default"":0}",
ITR.ITR4.Schedule80G.TotalEligibleDonationsUs80G,integer,Y,"{""minimum"":0,""maximum"":99999999999999,""exclusiveMinimum"":false,""default"":0}",
ITR.ITR4.Schedule80GGC,object,N,,
ITR.ITR4.Schedule80GGC.Schedule80GGCDetails,array,N,,
ITR.ITR4.Schedule80GGC.Schedule80GGCDetails[],object,Y,,
ITR.ITR4.Schedule80GGC.Schedule80GGCDetails[].DonationDate,string,Y,"{""pattern"":""([12]\\d{3}-(0[1-9]|1[0-2])-(0[1-9]|[12]\\d|3[01]))""}",Date of Donation in YYYY-MM-DD format
ITR.ITR4.Schedule80GGC.Schedule80GGCDetails[].DonationAmtCash,integer,Y,"{""minimum"":0,""maximum"":99999999999999,""exclusiveMinimum"":false}",
ITR.ITR4.Schedule80GGC.Schedule80GGCDetails[].DonationAmtOtherMode,integer,Y,"{""minimum"":0,""maximum"":99999999999999,""exclusiveMinimum"":false}",
ITR.ITR4.Schedule80GGC.Schedule80GGCDetails[].TransactionRefNum,string,N,"{""maxLength"":50}",
ITR.ITR4.Schedule80GGC.Schedule80GGCDetails[].IFSCCode,string,N,"{""maxLength"":11,""allOfPatterns"":[""|(\\s*([\\w\\d_=!@#$%\\^*\\(\\){}\\[\\]\\|\\\\:;',\\.\\?/~`\\-\\+<>&\""][\\s\\w\\d_=!@#$%\\^*\\(\\){}\\[\\]\\|\\\\:;',\\.\\?/~`\\-\\+<>&\""]*)\\s*)"",""[A-Z]{4}[0][A-Z0-9]{6}""]}",
ITR.ITR4.Schedule80GGC.Schedule80GGCDetails[].DonationAmt,integer,Y,"{""minimum"":0,""maximum"":99999999999999,""exclusiveMinimum"":false}",
ITR.ITR4.Schedule80GGC.Schedule80GGCDetails[].EligibleDonationAmt,integer,Y,"{""minimum"":0,""maximum"":99999999999999,""exclusiveMinimum"":false}",
ITR.ITR4.Schedule80GGC.Schedule80GGCDetails[].PoliticalPartyName,string,N,"{""minLength"":1,""maxLength"":125,""pattern"":""|(\\s*([\\w\\d_=!@#$%\\^*\\(\\){}\\[\\]\\|\\\\:;',\\.\\?/~`\\-\\+<>&\""][\\s\\w\\d_=!@#$%\\^*\\(\\){}\\[\\]\\|\\\\:;',\\.\\?/~`\\-\\+<>&\""]*)\\s*)""}",
ITR.ITR4.Schedule80GGC.Schedule80GGCDetails[].PoliticalPartyPAN,string,N,"{""allOfPatterns"":[""|(\\s*([\\w\\d_=!@#$%\\^*\\(\\){}\\[\\]\\|\\\\:;',\\.\\?/~`\\-\\+<>&\""][\\s\\w\\d_=!@#$%\\^*\\(\\){}\\[\\]\\|\\\\:;',\\.\\?/~`\\-\\+<>&\""]*)\\s*)"",""[A-Z]{5}[0-9]{4}[A-Z]""]}",
ITR.ITR4.Schedule80GGC.TotalDonationAmtCash80GGC,integer,Y,"{""minimum"":0,""maximum"":99999999999999,""exclusiveMinimum"":false,""default"":0}",
ITR.ITR4.Schedule80GGC.TotalDonationAmtOtherMode80GGC,integer,Y,"{""minimum"":0,""maximum"":99999999999999,""exclusiveMinimum"":false,""default"":0}",
ITR.ITR4.Schedule80GGC.TotalDonationsUs80GGC,integer,Y,"{""minimum"":0,""maximum"":99999999999999,""exclusiveMinimum"":false,""default"":0}",
ITR.ITR4.Schedule80GGC.TotalEligibleDonationAmt80GGC,integer,Y,"{""minimum"":0,""maximum"":99999999999999,""exclusiveMinimum"":false,""default"":0}",
ITR.ITR4.Schedule80DD,object,N,,
ITR.ITR4.Schedule80DD.NatureOfDisability,string,Y,"{""pattern"":""|(\\s*([\\w\\d_=!@#$%\\^*\\(\\){}\\[\\]\\|\\\\:;',\\.\\?/~`\\-\\+<>&\""][\\s\\w\\d_=!@#$%\\^*\\(\\){}\\[\\]\\|\\\\:;',\\.\\?/~`\\-\\+<>&\""]*)\\s*)"",""enum"":[""1"",""2""]}",1 : Dependent person with disability  ; 2 : Dependent person with severe disability
ITR.ITR4.Schedule80DD.TypeOfDisability,string,Y,"{""pattern"":""|(\\s*([\\w\\d_=!@#$%\\^*\\(\\){}\\[\\]\\|\\\\:;',\\.\\?/~`\\-\\+<>&\""][\\s\\w\\d_=!@#$%\\^*\\(\\){}\\[\\]\\|\\\\:;',\\.\\?/~`\\-\\+<>&\""]*)\\s*)"",""enum"":[""1"",""2""]}","1 : autism, cerebral palsy, or multiple disabilities ; 2 : others; "
ITR.ITR4.Schedule80DD.DeductionAmount,integer,Y,"{""minimum"":0,""maximum"":99999999999999}",
ITR.ITR4.Schedule80DD.DependentType,string,Y,"{""pattern"":""|(\\s*([\\w\\d_=!@#$%\\^*\\(\\){}\\[\\]\\|\\\\:;',\\.\\?/~`\\-\\+<>&\""][\\s\\w\\d_=!@#$%\\^*\\(\\){}\\[\\]\\|\\\\:;',\\.\\?/~`\\-\\+<>&\""]*)\\s*)"",""enum"":[""1"",""2"",""3"",""4"",""5"",""6"",""7"",""8""]}",1. Spouse; 2. Son; 3. Daughter; 4. Father; 5. Mother; 6. Brother; 7. Sister; 8. Member of the HUF (in case of HUF)
ITR.ITR4.Schedule80DD.DependentPan,string,N,"{""allOfPatterns"":[""|(\\s*([\\w\\d_=!@#$%\\^*\\(\\){}\\[\\]\\|\\\\:;',\\.\\?/~`\\-\\+<>&\""][\\s\\w\\d_=!@#$%\\^*\\(\\){}\\[\\]\\|\\\\:;',\\.\\?/~`\\-\\+<>&\""]*)\\s*)"",""[A-Z]{5}[0-9]{4}[A-Z]""]}",
ITR.ITR4.Schedule80DD.DependentAadhaar,string,N,"{""allOfPatterns"":[""|(\\s*([\\w\\d_=!@#$%\\^*\\(\\){}\\[\\]\\|\\\\:;',\\.\\?/~`\\-\\+<>&\""][\\s\\w\\d_=!@#$%\\^*\\(\\){}\\[\\]\\|\\\\:;',\\.\\?/~`\\-\\+<>&\""]*)\\s*)"",""[0-9]{12}""]}",
ITR.ITR4.Schedule80DD.Form10IAAckNum,string,N,"{""maxLength"":15}",
ITR.ITR4.Schedule80DD.UDIDNum,string,N,"{""maxLength"":18}",
ITR.ITR4.Schedule80U,object,N,,
ITR.ITR4.Schedule80U.NatureOfDisability,string,Y,"{""pattern"":""|(\\s*([\\w\\d_=!@#$%\\^*\\(\\){}\\[\\]\\|\\\\:;',\\.\\?/~`\\-\\+<>&\""][\\s\\w\\d_=!@#$%\\^*\\(\\){}\\[\\]\\|\\\\:;',\\.\\?/~`\\-\\+<>&\""]*)\\s*)"",""enum"":[""1"",""2""]}",1 : Self with disability  ; 2 : Self with severe disability
ITR.ITR4.Schedule80U.TypeOfDisability,string,Y,"{""pattern"":""|(\\s*([\\w\\d_=!@#$%\\^*\\(\\){}\\[\\]\\|\\\\:;',\\.\\?/~`\\-\\+<>&\""][\\s\\w\\d_=!@#$%\\^*\\(\\){}\\[\\]\\|\\\\:;',\\.\\?/~`\\-\\+<>&\""]*)\\s*)"",""enum"":[""1"",""2""]}","1 : autism, cerebral palsy, or multiple disabilities ; 2 : others; "
ITR.ITR4.Schedule80U.DeductionAmount,integer,Y,"{""minimum"":0,""maximum"":99999999999999}",
ITR.ITR4.Schedule80U.Form10IAAckNum,string,N,"{""maxLength"":15}",
ITR.ITR4.Schedule80U.UDIDNum,string,N,"{""maxLength"":18}",
ITR.ITR4.Schedule80E,object,N,,
ITR.ITR4.Schedule80E.Schedule80EDtls,array,Y,,
ITR.ITR4.Schedule80E.Schedule80EDtls[],object,Y,,
ITR.ITR4.Schedule80E.Schedule80EDtls[].LoanTknFrom,string,Y,"{""enum"":[""B"",""I""]}","B: Bank, I: Institution"
ITR.ITR4.Schedule80E.Schedule80EDtls[].BankOrInstnName,string,Y,"{""minLength"":1,""maxLength"":125,""pattern"":""|(\\s*([\\w\\d_=!@#$%\\^*\\(\\){}\\[\\]\\|\\\\:;',\\.\\?/~`\\-\\+<>&\""][\\s\\w\\d_=!@#$%\\^*\\(\\){}\\[\\]\\|\\\\:;',\\.\\?/~`\\-\\+<>&\""]*)\\s*)""}",
ITR.ITR4.Schedule80E.Schedule80EDtls[].LoanAccNoOfBankOrInstnRefNo,string,Y,"{""minLength"":1,""maxLength"":20,""allOfPatterns"":["".*[0-9]"","".*[1-9].*""]}",
ITR.ITR4.Schedule80E.Schedule80EDtls[].DateofLoan,string,Y,"{""pattern"":""([12]\\d{3}-(0[1-9]|1[0-2])-(0[1-9]|[12]\\d|3[01]))""}",Date in YYYY-MM-DD format
ITR.ITR4.Schedule80E.Schedule80EDtls[].TotalLoanAmt,integer,Y,"{""minimum"":0,""maximum"":99999999999999,""exclusiveMinimum"":false,""default"":0}",
ITR.ITR4.Schedule80E.Schedule80EDtls[].LoanOutstndngAmt,integer,Y,"{""minimum"":0,""maximum"":99999999999999,""exclusiveMinimum"":false,""default"":0}",
ITR.ITR4.Schedule80E.Schedule80EDtls[].Interest80E,integer,Y,"{""minimum"":0,""maximum"":99999999999999,""exclusiveMinimum"":false,""default"":0}",
ITR.ITR4.Schedule80E.TotalInterest80E,integer,Y,"{""minimum"":0,""maximum"":99999999999999,""exclusiveMinimum"":false,""default"":0}",
ITR.ITR4.Schedule80EE,object,N,,
ITR.ITR4.Schedule80EE.Schedule80EEDtls,array,Y,,
ITR.ITR4.Schedule80EE.Schedule80EEDtls[],object,Y,,
ITR.ITR4.Schedule80EE.Schedule80EEDtls[].LoanTknFrom,string,Y,"{""enum"":[""B"",""I""]}","B: Bank, I: Institution"
ITR.ITR4.Schedule80EE.Schedule80EEDtls[].BankOrInstnName,string,Y,"{""minLength"":1,""maxLength"":125,""pattern"":""|(\\s*([\\w\\d_=!@#$%\\^*\\(\\){}\\[\\]\\|\\\\:;',\\.\\?/~`\\-\\+<>&\""][\\s\\w\\d_=!@#$%\\^*\\(\\){}\\[\\]\\|\\\\:;',\\.\\?/~`\\-\\+<>&\""]*)\\s*)""}",
ITR.ITR4.Schedule80EE.Schedule80EEDtls[].LoanAccNoOfBankOrInstnRefNo,string,Y,"{""minLength"":1,""maxLength"":20,""allOfPatterns"":["".*[0-9]"","".*[1-9].*""]}",
ITR.ITR4.Schedule80EE.Schedule80EEDtls[].DateofLoan,string,Y,"{""pattern"":""([12]\\d{3}-(0[1-9]|1[0-2])-(0[1-9]|[12]\\d|3[01]))""}",Date in YYYY-MM-DD format
ITR.ITR4.Schedule80EE.Schedule80EEDtls[].TotalLoanAmt,integer,Y,"{""minimum"":0,""maximum"":3500000,""exclusiveMinimum"":false,""default"":0}",
ITR.ITR4.Schedule80EE.Schedule80EEDtls[].LoanOutstndngAmt,integer,Y,"{""minimum"":0,""maximum"":99999999999999,""exclusiveMinimum"":false,""default"":0}",
ITR.ITR4.Schedule80EE.Schedule80EEDtls[].Interest80EE,integer,Y,"{""minimum"":0,""maximum"":99999999999999,""exclusiveMinimum"":false,""default"":0}",
ITR.ITR4.Schedule80EE.TotalInterest80EE,integer,Y,"{""minimum"":0,""maximum"":99999999999999,""exclusiveMinimum"":false,""default"":0}",
ITR.ITR4.Schedule80EEA,object,N,,
ITR.ITR4.Schedule80EEA.PropStmpDtyVal,integer,Y,"{""minimum"":0,""maximum"":4500000,""exclusiveMinimum"":false,""default"":0}",
ITR.ITR4.Schedule80EEA.Schedule80EEADtls,array,Y,,
ITR.ITR4.Schedule80EEA.Schedule80EEADtls[],object,Y,,
ITR.ITR4.Schedule80EEA.Schedule80EEADtls[].LoanTknFrom,string,Y,"{""enum"":[""B"",""I""]}","B: Bank, I: Institution"
ITR.ITR4.Schedule80EEA.Schedule80EEADtls[].BankOrInstnName,string,Y,"{""minLength"":1,""maxLength"":125,""pattern"":""|(\\s*([\\w\\d_=!@#$%\\^*\\(\\){}\\[\\]\\|\\\\:;',\\.\\?/~`\\-\\+<>&\""][\\s\\w\\d_=!@#$%\\^*\\(\\){}\\[\\]\\|\\\\:;',\\.\\?/~`\\-\\+<>&\""]*)\\s*)""}",
ITR.ITR4.Schedule80EEA.Schedule80EEADtls[].LoanAccNoOfBankOrInstnRefNo,string,Y,"{""minLength"":1,""maxLength"":20,""allOfPatterns"":["".*[0-9]"","".*[1-9].*""]}",
ITR.ITR4.Schedule80EEA.Schedule80EEADtls[].DateofLoan,string,Y,"{""pattern"":""([12]\\d{3}-(0[1-9]|1[0-2])-(0[1-9]|[12]\\d|3[01]))""}",Date in YYYY-MM-DD format
ITR.ITR4.Schedule80EEA.Schedule80EEADtls[].TotalLoanAmt,integer,Y,"{""minimum"":0,""maximum"":99999999999999,""exclusiveMinimum"":false,""default"":0}",
ITR.ITR4.Schedule80EEA.Schedule80EEADtls[].LoanOutstndngAmt,integer,Y,"{""minimum"":0,""maximum"":99999999999999,""exclusiveMinimum"":false,""default"":0}",
ITR.ITR4.Schedule80EEA.Schedule80EEADtls[].Interest80EEA,integer,Y,"{""minimum"":0,""maximum"":99999999999999,""exclusiveMinimum"":false,""default"":0}",
ITR.ITR4.Schedule80EEA.TotalInterest80EEA,integer,Y,"{""minimum"":0,""maximum"":99999999999999,""exclusiveMinimum"":false,""default"":0}",
ITR.ITR4.Schedule80EEB,object,N,,
ITR.ITR4.Schedule80EEB.Schedule80EEBDtls,array,Y,,
ITR.ITR4.Schedule80EEB.Schedule80EEBDtls[],object,Y,,
ITR.ITR4.Schedule80EEB.Schedule80EEBDtls[].LoanTknFrom,string,Y,"{""enum"":[""B"",""I""]}","B: Bank, I: Institution"
ITR.ITR4.Schedule80EEB.Schedule80EEBDtls[].BankOrInstnName,string,Y,"{""minLength"":1,""maxLength"":125,""pattern"":""|(\\s*([\\w\\d_=!@#$%\\^*\\(\\){}\\[\\]\\|\\\\:;',\\.\\?/~`\\-\\+<>&\""][\\s\\w\\d_=!@#$%\\^*\\(\\){}\\[\\]\\|\\\\:;',\\.\\?/~`\\-\\+<>&\""]*)\\s*)""}",
ITR.ITR4.Schedule80EEB.Schedule80EEBDtls[].LoanAccNoOfBankOrInstnRefNo,string,Y,"{""minLength"":1,""maxLength"":20,""allOfPatterns"":["".*[0-9]"","".*[1-9].*""]}",
ITR.ITR4.Schedule80EEB.Schedule80EEBDtls[].DateofLoan,string,Y,"{""pattern"":""([12]\\d{3}-(0[1-9]|1[0-2])-(0[1-9]|[12]\\d|3[01]))""}",Date in YYYY-MM-DD format
ITR.ITR4.Schedule80EEB.Schedule80EEBDtls[].TotalLoanAmt,integer,Y,"{""minimum"":0,""maximum"":99999999999999,""exclusiveMinimum"":false,""default"":0}",
ITR.ITR4.Schedule80EEB.Schedule80EEBDtls[].LoanOutstndngAmt,integer,Y,"{""minimum"":0,""maximum"":99999999999999,""exclusiveMinimum"":false,""default"":0}",
ITR.ITR4.Schedule80EEB.Schedule80EEBDtls[].VehicleRegNo,string,Y,"{""minLength"":1,""maxLength"":11,""pattern"":""|(\\s*([\\w\\d_=!@#$%\\^*\\(\\){}\\[\\]\\|\\\\:;',\\.\\?/~`\\-\\+<>&\""][\\s\\w\\d_=!@#$%\\^*\\(\\){}\\[\\]\\|\\\\:;',\\.\\?/~`\\-\\+<>&\""]*)\\s*)""}",
ITR.ITR4.Schedule80EEB.Schedule80EEBDtls[].Interest80EEB,integer,Y,"{""minimum"":0,""maximum"":99999999999999,""exclusiveMinimum"":false,""default"":0}",
ITR.ITR4.Schedule80EEB.TotalInterest80EEB,integer,Y,"{""minimum"":0,""maximum"":99999999999999,""exclusiveMinimum"":false,""default"":0}",
ITR.ITR4.Schedule80C,object,N,,
ITR.ITR4.Schedule80C.Schedule80CDtls,array,Y,,
ITR.ITR4.Schedule80C.Schedule80CDtls[],object,Y,,
ITR.ITR4.Schedule80C.Schedule80CDtls[].Amount,integer,Y,"{""minimum"":0,""maximum"":99999999999999,""exclusiveMinimum"":false,""default"":0}",
ITR.ITR4.Schedule80C.Schedule80CDtls[].IdentificationNo,string,Y,"{""maxLength"":50}",
ITR.ITR4.Schedule80C.TotalAmt,integer,Y,"{""minimum"":0,""maximum"":99999999999999,""exclusiveMinimum"":false,""default"":0}",
ITR.ITR4.ScheduleEA10_13A,object,N,,
ITR.ITR4.ScheduleEA10_13A.Placeofwork,string,Y,"{""enum"":[""1"",""2""]}","1: Metro, 2: Non-Metro"
ITR.ITR4.ScheduleEA10_13A.ActlHRARecv,integer,Y,"{""minimum"":0,""maximum"":99999999999999,""exclusiveMinimum"":false,""default"":0}",
ITR.ITR4.ScheduleEA10_13A.ActlRentPaid,integer,Y,"{""minimum"":0,""maximum"":99999999999999,""exclusiveMinimum"":false,""default"":0}",
ITR.ITR4.ScheduleEA10_13A.DtlsSalUsSec171,integer,Y,"{""minimum"":0,""maximum"":99999999999999,""exclusiveMinimum"":false,""default"":0}",
ITR.ITR4.ScheduleEA10_13A.BasicSalary,integer,Y,"{""minimum"":0,""maximum"":99999999999999,""exclusiveMinimum"":false,""default"":0}",
ITR.ITR4.ScheduleEA10_13A.DearnessAllwnc,integer,N,"{""minimum"":0,""maximum"":99999999999999,""exclusiveMinimum"":false,""default"":0}",
ITR.ITR4.ScheduleEA10_13A.ActlRentPaid10Per,integer,Y,"{""minimum"":0,""maximum"":99999999999999,""exclusiveMinimum"":false,""default"":0}",
ITR.ITR4.ScheduleEA10_13A.Sal40Or50Per,integer,Y,"{""minimum"":0,""maximum"":99999999999999,""exclusiveMinimum"":false,""default"":0}",
ITR.ITR4.ScheduleEA10_13A.EligbleExmpAllwncUs13A,integer,Y,"{""minimum"":0,""maximum"":99999999999999,""exclusiveMinimum"":false,""default"":0}",
ITR.ITR4.Schedule80D,object,N,,
ITR.ITR4.Schedule80D.Sec80DSelfFamSrCtznHealth,object,Y,,
ITR.ITR4.Schedule80D.Sec80DSelfFamSrCtznHealth.SeniorCitizenFlag,string,N,"{""allOfPatterns"":[""|(\\s*([\\w\\d_=!@#$%\\^*\\(\\){}\\[\\]\\|\\\\:;',\\.\\?/~`\\-\\+<>&\""][\\s\\w\\d_=!@#$%\\^*\\(\\){}\\[\\]\\|\\\\:;',\\.\\?/~`\\-\\+<>&\""]*)\\s*)"",""Y|N|S""]}",Y - Yes; N - No; S - Not claiming for Self/ Family
ITR.ITR4.Schedule80D.Sec80DSelfFamSrCtznHealth.SelfAndFamily,integer,N,"{""minimum"":0,""maximum"":25000,""exclusiveMinimum"":false,""exclusiveMaximum"":false}",
ITR.ITR4.Schedule80D.Sec80DSelfFamSrCtznHealth.HealthInsPremSlfFam,integer,N,"{""minimum"":0,""maximum"":99999999999999,""exclusiveMinimum"":false}",
ITR.ITR4.Schedule80D.Sec80DSelfFamSrCtznHealth.Sec80DSelfFamHIDtls,object,N,,
ITR.ITR4.Schedule80D.Sec80DSelfFamSrCtznHealth.Sec80DSelfFamHIDtls.Sch80DInsDtls,array,Y,,
ITR.ITR4.Schedule80D.Sec80DSelfFamSrCtznHealth.Sec80DSelfFamHIDtls.Sch80DInsDtls[],object,Y,,
ITR.ITR4.Schedule80D.Sec80DSelfFamSrCtznHealth.Sec80DSelfFamHIDtls.Sch80DInsDtls[].InsurerName,string,Y,"{""maxLength"":125}",
ITR.ITR4.Schedule80D.Sec80DSelfFamSrCtznHealth.Sec80DSelfFamHIDtls.Sch80DInsDtls[].PolicyNo,string,Y,"{""maxLength"":75}",
ITR.ITR4.Schedule80D.Sec80DSelfFamSrCtznHealth.Sec80DSelfFamHIDtls.Sch80DInsDtls[].HealthInsAmt,integer,Y,"{""minimum"":0,""maximum"":99999999999999,""exclusiveMinimum"":false}",
ITR.ITR4.Schedule80D.Sec80DSelfFamSrCtznHealth.Sec80DSelfFamHIDtls.TotalPayments,integer,Y,"{""minimum"":0,""maximum"":99999999999999,""exclusiveMinimum"":false,""default"":0}",
ITR.ITR4.Schedule80D.Sec80DSelfFamSrCtznHealth.PrevHlthChckUpSlfFam,integer,N,"{""minimum"":0,""maximum"":5000,""exclusiveMinimum"":false,""exclusiveMaximum"":false}",
ITR.ITR4.Schedule80D.Sec80DSelfFamSrCtznHealth.SelfAndFamilySeniorCitizen,integer,N,"{""minimum"":0,""maximum"":50000,""exclusiveMinimum"":false,""exclusiveMaximum"":false}",
ITR.ITR4.Schedule80D.Sec80DSelfFamSrCtznHealth.HlthInsPremSlfFamSrCtzn,integer,N,"{""minimum"":0,""maximum"":99999999999999,""exclusiveMinimum"":false}",
ITR.ITR4.Schedule80D.Sec80DSelfFamSrCtznHealth.Sec80DSelfFamSrCtznHIDtls,object,N,,
ITR.ITR4.Schedule80D.Sec80DSelfFamSrCtznHealth.Sec80DSelfFamSrCtznHIDtls.Sch80DInsDtls,array,Y,,
ITR.ITR4.Schedule80D.Sec80DSelfFamSrCtznHealth.Sec80DSelfFamSrCtznHIDtls.Sch80DInsDtls[],object,Y,,
ITR.ITR4.Schedule80D.Sec80DSelfFamSrCtznHealth.Sec80DSelfFamSrCtznHIDtls.Sch80DInsDtls[].InsurerName,string,Y,"{""maxLength"":125}",
ITR.ITR4.Schedule80D.Sec80DSelfFamSrCtznHealth.Sec80DSelfFamSrCtznHIDtls.Sch80DInsDtls[].PolicyNo,string,Y,"{""maxLength"":75}",
ITR.ITR4.Schedule80D.Sec80DSelfFamSrCtznHealth.Sec80DSelfFamSrCtznHIDtls.Sch80DInsDtls[].HealthInsAmt,integer,Y,"{""minimum"":0,""maximum"":99999999999999,""exclusiveMinimum"":false}",
ITR.ITR4.Schedule80D.Sec80DSelfFamSrCtznHealth.Sec80DSelfFamSrCtznHIDtls.TotalPayments,integer,Y,"{""minimum"":0,""maximum"":99999999999999,""exclusiveMinimum"":false,""default"":0}",
ITR.ITR4.Schedule80D.Sec80DSelfFamSrCtznHealth.PrevHlthChckUpSlfFamSrCtzn,integer,N,"{""minimum"":0,""maximum"":5000,""exclusiveMinimum"":false,""exclusiveMaximum"":false}",
ITR.ITR4.Schedule80D.Sec80DSelfFamSrCtznHealth.MedicalExpSlfFamSrCtzn,integer,N,"{""minimum"":0,""maximum"":99999999999999,""exclusiveMinimum"":false}",
ITR.ITR4.Schedule80D.Sec80DSelfFamSrCtznHealth.ParentsSeniorCitizenFlag,string,N,"{""allOfPatterns"":[""|(\\s*([\\w\\d_=!@#$%\\^*\\(\\){}\\[\\]\\|\\\\:;',\\.\\?/~`\\-\\+<>&\""][\\s\\w\\d_=!@#$%\\^*\\(\\){}\\[\\]\\|\\\\:;',\\.\\?/~`\\-\\+<>&\""]*)\\s*)"",""Y|N|P""]}",Y - Yes; N - No; P - Not claiming for Parents
ITR.ITR4.Schedule80D.Sec80DSelfFamSrCtznHealth.Parents,integer,N,"{""minimum"":0,""maximum"":25000,""exclusiveMinimum"":false,""exclusiveMaximum"":false}",
ITR.ITR4.Schedule80D.Sec80DSelfFamSrCtznHealth.HlthInsPremParents,integer,N,"{""minimum"":0,""maximum"":99999999999999,""exclusiveMinimum"":false}",
ITR.ITR4.Schedule80D.Sec80DSelfFamSrCtznHealth.Sec80DParentsHIDtls,object,N,,
ITR.ITR4.Schedule80D.Sec80DSelfFamSrCtznHealth.Sec80DParentsHIDtls.Sch80DInsDtls,array,Y,,
ITR.ITR4.Schedule80D.Sec80DSelfFamSrCtznHealth.Sec80DParentsHIDtls.Sch80DInsDtls[],object,Y,,
ITR.ITR4.Schedule80D.Sec80DSelfFamSrCtznHealth.Sec80DParentsHIDtls.Sch80DInsDtls[].InsurerName,string,Y,"{""maxLength"":125}",
ITR.ITR4.Schedule80D.Sec80DSelfFamSrCtznHealth.Sec80DParentsHIDtls.Sch80DInsDtls[].PolicyNo,string,Y,"{""maxLength"":75}",
ITR.ITR4.Schedule80D.Sec80DSelfFamSrCtznHealth.Sec80DParentsHIDtls.Sch80DInsDtls[].HealthInsAmt,integer,Y,"{""minimum"":0,""maximum"":99999999999999,""exclusiveMinimum"":false}",
ITR.ITR4.Schedule80D.Sec80DSelfFamSrCtznHealth.Sec80DParentsHIDtls.TotalPayments,integer,Y,"{""minimum"":0,""maximum"":99999999999999,""exclusiveMinimum"":false,""default"":0}",
ITR.ITR4.Schedule80D.Sec80DSelfFamSrCtznHealth.PrevHlthChckUpParents,integer,N,"{""minimum"":0,""maximum"":5000,""exclusiveMinimum"":false,""exclusiveMaximum"":false}",
ITR.ITR4.Schedule80D.Sec80DSelfFamSrCtznHealth.ParentsSeniorCitizen,integer,N,"{""minimum"":0,""maximum"":50000,""exclusiveMinimum"":false,""exclusiveMaximum"":false}",
ITR.ITR4.Schedule80D.Sec80DSelfFamSrCtznHealth.HlthInsPremParentsSrCtzn,integer,N,"{""minimum"":0,""maximum"":99999999999999,""exclusiveMinimum"":false}",
ITR.ITR4.Schedule80D.Sec80DSelfFamSrCtznHealth.Sec80DParentsSrCtznHIDtls,object,N,,
ITR.ITR4.Schedule80D.Sec80DSelfFamSrCtznHealth.Sec80DParentsSrCtznHIDtls.Sch80DInsDtls,array,Y,,
ITR.ITR4.Schedule80D.Sec80DSelfFamSrCtznHealth.Sec80DParentsSrCtznHIDtls.Sch80DInsDtls[],object,Y,,
ITR.ITR4.Schedule80D.Sec80DSelfFamSrCtznHealth.Sec80DParentsSrCtznHIDtls.Sch80DInsDtls[].InsurerName,string,Y,"{""maxLength"":125}",
ITR.ITR4.Schedule80D.Sec80DSelfFamSrCtznHealth.Sec80DParentsSrCtznHIDtls.Sch80DInsDtls[].PolicyNo,string,Y,"{""maxLength"":75}",
ITR.ITR4.Schedule80D.Sec80DSelfFamSrCtznHealth.Sec80DParentsSrCtznHIDtls.Sch80DInsDtls[].HealthInsAmt,integer,Y,"{""minimum"":0,""maximum"":99999999999999,""exclusiveMinimum"":false}",
ITR.ITR4.Schedule80D.Sec80DSelfFamSrCtznHealth.Sec80DParentsSrCtznHIDtls.TotalPayments,integer,Y,"{""minimum"":0,""maximum"":99999999999999,""exclusiveMinimum"":false,""default"":0}",
ITR.ITR4.Schedule80D.Sec80DSelfFamSrCtznHealth.PrevHlthChckUpParentsSrCtzn,integer,N,"{""minimum"":0,""maximum"":5000,""exclusiveMinimum"":false,""exclusiveMaximum"":false}",
ITR.ITR4.Schedule80D.Sec80DSelfFamSrCtznHealth.MedicalExpParentsSrCtzn,integer,N,"{""minimum"":0,""maximum"":99999999999999,""exclusiveMinimum"":false}",
ITR.ITR4.Schedule80D.Sec80DSelfFamSrCtznHealth.EligibleAmountOfDedn,integer,Y,"{""minimum"":0,""maximum"":100000,""exclusiveMinimum"":false,""exclusiveMaximum"":false,""default"":0}",
ITR.ITR4.TaxExmpIntIncDtls,object,N,,
ITR.ITR4.TaxExmpIntIncDtls.OthersInc,object,N,,
ITR.ITR4.TaxExmpIntIncDtls.OthersInc.OthersIncDtls,array,N,,
ITR.ITR4.TaxExmpIntIncDtls.OthersInc.OthersIncDtls[],object,Y,,
ITR.ITR4.TaxExmpIntIncDtls.OthersInc.OthersIncDtls[].Category,string,N,"{""pattern"":""|(\\s*([\\w\\d_=!@#$%\\^*\\(\\){}\\[\\]\\|\\\\:;',\\.\\?/~`\\-\\+<>&\""][\\s\\w\\d_=!@#$%\\^*\\(\\){}\\[\\]\\|\\\\:;',\\.\\?/~`\\-\\+<>&\""]*)\\s*)"",""enum"":[""AGRI"",""GOVC"",""ISI"",""SSRA"",""SRSC"",""SRST"",""SRPC"",""OTH""]}",AGRI : Agricultural  & related incomes; GOVC: Compensation/other sums received by government or other approved entities;  ISI : Income from specified Investments; SSRA :Specified sums received by armed forces personnel; SRSC : Sums received by Senior Citizens/Minors ; SRST: Sums received by specified Category of Taxpayers; SRPC :Sums received from policies/contributions such as LIC/NPS/PF/Sukanya Samriddhi Yojana; OTH: Other Incomes
ITR.ITR4.TaxExmpIntIncDtls.OthersInc.OthersIncDtls[].SubCategory,string,N,"{""pattern"":""|(\\s*([\\w\\d_=!@#$%\\^*\\(\\){}\\[\\]\\|\\\\:;',\\.\\?/~`\\-\\+<>&\""][\\s\\w\\d_=!@#$%\\^*\\(\\){}\\[\\]\\|\\\\:;',\\.\\?/~`\\-\\+<>&\""]*)\\s*)"",""enum"":[""10(1)"",""10(30)"",""10(31)"",""10(10BB)"",""10(10BC)"",""10(17A)"",""10(12AB)"",""10(15)"",""10(23FBB)"",""10(23FD)"",""10(35)"",""10(35A)"",""10(12C)"",""10(18)"",""10(19)"",""10(23AA)"",""DMD"",""10(32)"",""10(43)"",""10(19A)"",""10(26)"",""10(26AAA)"",""10(10D)"",""10(11)"",""10(11A)"",""10(12)"",""10(12A)"",""10(12AA)"",""10(12B)"",""10(12BA)"",""10(13)"",""10(25)"",""10(44)"",""10(2)"",""10(16)"",""Incmexmptcircular"",""Incmexmptnotification"",""Receiptnotincme""]}","10(1) : 10(1)-Agricultural income(Less than or equal to 5000); 10(30): 10(30)-subsidy received from or through the Tea Board;  10(31) : 10(31)-Rubber/Coffee/Tea development accounts/funds; 10(10BB) :10(10BB)-payments made under the Bhopal Gas Leak Disaster; 10(10BC) : 10(10BC)-Any amount from the Central/State Govt./local authority by way of compensation on account of any disaster ; 10(17A): 10(17A)-Award instituted by Government; 10(12AB) :10(12AB)-any sum received as lump sum amount as per clause (vi) of paragraph 2 of the notification number FX-1/3/2024-PR; 10(15): 10(15)-Interest on specified securities/investments; 10(23FBB):10(23FBB)-income referred to in section 115UB, accruing or arising to, or received by, a unit holder of an investment fund;  10(23FD): 10(23FD)Unit holder income from Business Trust (certain parts);  10(35): 10(35)-Income from specified Mutual Funds; 10(35A) : 10(35A)-distributed income referred to in section 115TA received from a securitisation trust; 10(12C) :10(12C)-Agniveer Corpus Fund income;  10(18):10(18)-Pension received by winner of  'Param Vir Chakra' or 'Maha Vir Chakra' or 'Vir Chakra' or such other gallantry award;  10(19):10(19)-Armed Forces Family pension in case of death during operational duty;  10(23AA):10(23AA)-Sum received by any person on behalf of any Fund established by the armed forces; DMD :Defense Medical Disability Pension; 10(32):10(32)-Minor child's income—small exemption;  10(43):10(43)-Reverse mortgage—payments to senior citizens; 10(19A):10(19A)-Annual value of one palace in occupation of ex-ruler; 10(26):10(26)- Any income as referred to in section 10(26); 10(26AAA):10(26AAA)-Any income as referred to in section 10(26AAA); 10(10D):10(10D)-Any sum received under a life insurance policy, including the sum allocated by way of bonus on such policy except sum as mentioned in sub-clause (a) to (d) of Sec.10(10D); 10(11):10(11)-Statutory Provident Fund received; 10(11A):10(11A)-Sum received from an account opened under the Sukanya Samriddhi Yojana; 10(12):10(12)-Recognized Provident Fund received;10(12A):10(12A)-Any payment from the National Pension System Trust to an assessee; 10(12AA):10(12AA)-any payment from the National Pension System Trust; 10(12B):10(12B)-Any payment from the National Pension System Trust to an Central Govt. Employee; 10(12BA):10(12BA)-partial withdrawal made from the National Pension System; 10(13):10(13)-Approved superannuation fund received; 10(25):10(25)-Sum received by trustees on behalf of approved superannuation, gratuity, or pension funds; 10(44):10(44)-Income received by any person for, or on behalf of, the New Pension System Trust; 10(2):10(2)-Member's share from HUF; 10(16):10(16)-Scholarships for education; Incmexmptcircular: Incmexmptcircular - Income exempt as per CBDT Circular; Incmexmptnotification:Income exempt as per CBDT Notification; Receiptnotincme: Receiptnotincme - Receipts not in the nature of Income;"
ITR.ITR4.TaxExmpIntIncDtls.OthersInc.OthersIncDtls[].Description,string,N,"{""minLength"":1,""maxLength"":125,""pattern"":""|(\\s*([\\w\\d_=!@#$%\\^*\\(\\){}\\[\\]\\|\\\\:;',\\.\\?/~`\\-\\+<>&\""][\\s\\w\\d_=!@#$%\\^*\\(\\){}\\[\\]\\|\\\\:;',\\.\\?/~`\\-\\+<>&\""]*)\\s*)""}",
ITR.ITR4.TaxExmpIntIncDtls.OthersInc.OthersIncDtls[].OthAmount,integer,Y,"{""minimum"":0,""maximum"":99999999999999,""exclusiveMinimum"":false}",
ITR.ITR4.TaxExmpIntIncDtls.OthersInc.OthersTotalTaxExe,integer,Y,"{""minimum"":0,""maximum"":99999999999999,""exclusiveMinimum"":false,""default"":0}",
ITR.ITR4.LTCG112A,object,N,,Long Term capital gains u/s 112A
ITR.ITR4.LTCG112A.TotSaleCnsdrn,integer,Y,"{""minimum"":0,""maximum"":99999999999999,""exclusiveMinimum"":false,""default"":0}",
ITR.ITR4.LTCG112A.TotCstAcqisn,integer,Y,"{""minimum"":0,""maximum"":99999999999999,""exclusiveMinimum"":false,""default"":0}",
ITR.ITR4.LTCG112A.LongCap112A,integer,Y,"{""minimum"":0,""maximum"":125000,""exclusiveMinimum"":false,""default"":0}",
ITR.ITR4.Verification,object,Y,,Verification declaration details
ITR.ITR4.Verification.Declaration,object,Y,,
ITR.ITR4.Verification.Declaration.AssesseeVerName,string,Y,"{""minLength"":1,""maxLength"":125,""pattern"":""|(\\s*([\\w\\d_=!@#$%\\^*\\(\\){}\\[\\]\\|\\\\:;',\\.\\?/~`\\-\\+<>&\""][\\s\\w\\d_=!@#$%\\^*\\(\\){}\\[\\]\\|\\\\:;',\\.\\?/~`\\-\\+<>&\""]*)\\s*)""}",
ITR.ITR4.Verification.Declaration.FatherName,string,Y,"{""minLength"":1,""maxLength"":125,""pattern"":""|(\\s*([\\w\\d_=!@#$%\\^*\\(\\){}\\[\\]\\|\\\\:;',\\.\\?/~`\\-\\+<>&\""][\\s\\w\\d_=!@#$%\\^*\\(\\){}\\[\\]\\|\\\\:;',\\.\\?/~`\\-\\+<>&\""]*)\\s*)""}",
ITR.ITR4.Verification.Declaration.AssesseeVerPAN,string,Y,"{""allOfPatterns"":[""|(\\s*([\\w\\d_=!@#$%\\^*\\(\\){}\\[\\]\\|\\\\:;',\\.\\?/~`\\-\\+<>&\""][\\s\\w\\d_=!@#$%\\^*\\(\\){}\\[\\]\\|\\\\:;',\\.\\?/~`\\-\\+<>&\""]*)\\s*)"",""[A-Z]{5}[0-9]{4}[A-Z]""]}",
ITR.ITR4.Verification.Capacity,string,Y,"{""enum"":[""S"",""R"",""K"",""P""]}",S : Self; R : Representative; K : Karta; P : Partner
ITR.ITR4.Verification.Place,string,Y,"{""minLength"":1,""maxLength"":50,""pattern"":""|(\\s*([\\w\\d_=!@#$%\\^*\\(\\){}\\[\\]\\|\\\\:;',\\.\\?/~`\\-\\+<>&\""][\\s\\w\\d_=!@#$%\\^*\\(\\){}\\[\\]\\|\\\\:;',\\.\\?/~`\\-\\+<>&\""]*)\\s*)""}",
ITR.ITR4.TaxReturnPreparer,object,N,,TRP details
ITR.ITR4.TaxReturnPreparer.IdentificationNoOfTRP,string,Y,"{""allOfPatterns"":[""|(\\s*([\\w\\d_=!@#$%\\^*\\(\\){}\\[\\]\\|\\\\:;',\\.\\?/~`\\-\\+<>&\""][\\s\\w\\d_=!@#$%\\^*\\(\\){}\\[\\]\\|\\\\:;',\\.\\?/~`\\-\\+<>&\""]*)\\s*)"",""[T][0-9]{9}|[0-9]{6}""]}",
ITR.ITR4.TaxReturnPreparer.NameOfTRP,string,Y,"{""minLength"":1,""maxLength"":125,""pattern"":""|(\\s*([\\w\\d_=!@#$%\\^*\\(\\){}\\[\\]\\|\\\\:;',\\.\\?/~`\\-\\+<>&\""][\\s\\w\\d_=!@#$%\\^*\\(\\){}\\[\\]\\|\\\\:;',\\.\\?/~`\\-\\+<>&\""]*)\\s*)""}",
ITR.ITR4.TaxReturnPreparer.ReImbFrmGov,integer,N,"{""minimum"":0,""maximum"":99999999999999,""exclusiveMinimum"":false,""default"":0}",
ITR.ITR4.ScheduleBP,object,N,,
ITR.ITR4.ScheduleBP.NatOfBus44AD,array,N,,
ITR.ITR4.ScheduleBP.NatOfBus44AD[],object,Y,,
ITR.ITR4.ScheduleBP.NatOfBus44AD[].NameOfBusiness,string,Y,"{""minLength"":1,""maxLength"":75,""pattern"":""|(\\s*([\\w\\d_=!@#$%\\^*\\(\\){}\\[\\]\\|\\\\:;',\\.\\?/~`\\-\\+<>&\""][\\s\\w\\d_=!@#$%\\^*\\(\\){}\\[\\]\\|\\\\:;',\\.\\?/~`\\-\\+<>&\""]*)\\s*)""}",
ITR.ITR4.ScheduleBP.NatOfBus44AD[].CodeAD,string,Y,"{""pattern"":""|(\\s*([\\w\\d_=!@#$%\\^*\\(\\){}\\[\\]\\|\\\\:;',\\.\\?/~`\\-\\+<>&\""][\\s\\w\\d_=!@#$%\\^*\\(\\){}\\[\\]\\|\\\\:;',\\.\\?/~`\\-\\+<>&\""]*)\\s*)"",""enum"":[""01001"",""01002"",""01003"",""01004"",""01005"",""01006"",""01007"",""01008"",""01009"",""01010"",""01011"",""01012"",""01013"",""01014"",""01015"",""01016"",""01017"",""01018"",""02001"",""02002"",""02003"",""02004"",""02005"",""02006"",""03001"",""03002"",""03003"",""03004"",""03005"",""03006"",""03007"",""03008"",""03009"",""03010"",""03011"",""03012"",""03013"",""03014"",""03015"",""03016"",""04001"",""04002"",""04003"",""04004"",""04005"",""04006"",""04007"",""04008"",""04009"",""04010"",""04011"",""04012"",""04013"",""04014"",""04015"",""04016"",""04017"",""04018"",""04019"",""04020"",""04021"",""04022"",""04023"",""04024"",""04025"",""04026"",""04027"",""04028"",""04029"",""04030"",""04031"",""04032"",""04033"",""04034"",""04035"",""04036"",""04037"",""04038"",""04039"",""04040"",""04041"",""04042"",""04043"",""04044"",""04045"",""04046"",""04047"",""04048"",""04049"",""04050"",""04051"",""04052"",""04053"",""04054"",""04055"",""04056"",""04057"",""04058"",""04059"",""04060"",""04061"",""04062"",""04063"",""04064"",""04065"",""04066"",""04067"",""04068"",""04069"",""04070"",""04071"",""04072"",""04073"",""04074"",""04075"",""04076"",""04077"",""04078"",""04079"",""04080"",""04081"",""04082"",""04083"",""04084"",""04085"",""04086"",""04087"",""04088"",""04089"",""04090"",""04091"",""04092"",""04093"",""04094"",""04095"",""04096"",""04097"",""04098"",""04099"",""05001"",""05002"",""05003"",""05004"",""06001"",""06002"",""06003"",""06004"",""06005"",""06006"",""06007"",""06008"",""06009"",""06010"",""07001"",""07002"",""07003"",""07004"",""07005"",""08001"",""08002"",""08003"",""08004"",""08005"",""08006"",""08007"",""08008"",""08009"",""09001"",""09002"",""09003"",""09004"",""09006"",""09007"",""09008"",""09009"",""09010"",""09011"",""09012"",""09013"",""09014"",""09015"",""09016"",""09017"",""09018"",""09019"",""09020"",""09021"",""09022"",""09023"",""09024"",""09025"",""09026"",""09027"",""09028"",""10001"",""10002"",""10003"",""10004"",""10005"",""10006"",""10007"",""10008"",""10009"",""10010"",""10011"",""10012"",""11001"",""11002"",""11003"",""11004"",""11005"",""11006"",""11007"",""11008"",""11009"",""11010"",""11011"",""11012"",""11013"",""11014"",""11015"",""12001"",""12002"",""12003"",""12004"",""12005"",""12006"",""13001"",""13002"",""13003"",""13004"",""13005"",""13006"",""13007"",""13008"",""13009"",""13010"",""13011"",""13012"",""13013"",""13014"",""13015"",""13016"",""13017"",""13018"",""14007"",""14009"",""14005"",""14010"",""15001"",""15002"",""15003"",""16006"",""16010"",""16012"",""16014"",""16015"",""16016"",""16017"",""16019"",""17001"",""17002"",""17003"",""17004"",""17005"",""17006"",""17007"",""18006"",""18007"",""18008"",""18009"",""19001"",""19002"",""19003"",""19004"",""19005"",""19006"",""19007"",""19008"",""19009"",""20001"",""20002"",""20003"",""20004"",""20005"",""20006"",""20007"",""20008"",""20009"",""20013"",""20014"",""20015"",""20016"",""20017"",""20018"",""20019"",""20020"",""20021"",""20022"",""20023_1"",""20023"",""20024"",""21001"",""21002"",""21003"",""21004"",""21005"",""21006"",""21007"",""21008_1"",""21008"",""21009"",""21010"",""21011"",""22001""]}","01001 - Growing and manufacturing of tea , 01002 - Growing and manufacturing of coffee , 01003 - Growing and manufacturing of rubber , 01004 - Market gardening and horticulture specialties , 01005 - Raising of silk worms and production of silk , 01006 - Raising of bees and production of honey , 01007 - Raising of poultry and production of eggs , 01008 - Rearing of sheep and production of wool , 01009 - Rearing of animals and production of animal products , 01010 - Agricultural and animal husbandry services , 01011 - Soil conservation, soil testing and soil desalination services , 01012 - Hunting, trapping and game propagation services , 01013 - Growing of timber, plantation, operation of tree nurseries and conserving of forest , 01014 - Gathering of tendu leaves , 01015 - Gathering of other wild growing materials , 01016 - Forestry service activities, timber cruising, afforestation and reforestation , 01017 - Logging service activities, transport of logs within the forest , 01018 - Other agriculture, animal husbandry or forestry activity n.e.c , 02001 - Fishing on commercial basis in inland waters , 02002 - Fishing on commercial basis in ocean and coastal areas , 02003 - Fish farming , 02004 - Gathering of marine materials such as natural pearls, sponges, coral etc. , 02005 - Services related to marine and fresh water fisheries, fish hatcheries and fish farms , 02006 - Other Fish farming activity n.e.c , 03001 - Mining and agglomeration of hard coal , 03002 - Mining and agglomeration of lignite , 03003 - Extraction and agglomeration of peat , 03004 - Extraction of crude petroleum and natural gas , 03005 - Service activities incidental to oil and gas extraction excluding surveying , 03006 - Mining of uranium and thorium ores , 03007 - Mining of iron ores , 03008 - Mining of non-ferrous metal ores, except uranium and thorium ores , 03009 - Mining of gemstones , 03010 - Mining of chemical and fertilizer minerals , 03011 - Mining of quarrying of abrasive materials , 03012 - Mining of mica, graphite and asbestos , 03013 - Quarrying of stones (marble/granite/dolomite), sand and clay , 03014 - Other mining and quarrying , 03015 - Mining and production of salt , 03016 - Other mining and quarrying n.e.c , 04001 - Production, processing and preservation of meat and meat products , 04002 - Production, processing and preservation of fish and fish products , 04003 - Manufacture of vegetable oil, animal oil and fats , 04004 - Processing of fruits, vegetables and edible nuts , 04005 - Manufacture of dairy products , 04006 - Manufacture of sugar , 04007 - Manufacture of cocoa, chocolates and sugar confectionery , 04008 - Flour milling , 04009 - Rice milling , 04010 - Dal milling , 04011 - Manufacture of other grain mill products , 04012 - Manufacture of bakery products , 04013 - Manufacture of starch products , 04014 - Manufacture of animal feeds , 04015 - Manufacture of other food products , 04016 - Manufacturing of wines , 04017 - Manufacture of beer , 04018 - Manufacture of malt liquors , 04019 - Distilling and blending of spirits, production of ethyl alcohol , 04020 - Manufacture of mineral water , 04021 - Manufacture of soft drinks , 04022 - Manufacture of other non-alcoholic beverages , 04023 - Manufacture of tobacco products , 04024 - Manufacture of textiles (other than by handloom) , 04025 - Manufacture of textiles using handlooms (khadi) , 04026 - Manufacture of carpet, rugs, blankets, shawls etc. (other than by hand) , 04027 - Manufacture of carpet, rugs, blankets, shawls etc. by hand , 04028 - Manufacture of wearing apparel , 04029 - Tanning and dressing of leather , 04030 - Manufacture of luggage, handbags and the like saddler and harness , 04031 - Manufacture of footwear , 04032 - Manufacture of wood and wood products, cork, straw and plaiting material , 04033 - Manufacture of paper and paper products , 04034 - Publishing, printing and reproduction of recorded media , 04035 - Manufacture of coke oven products , 04036 - Manufacture of refined petroleum products , 04037 - Processing of nuclear fuel , 04038 - Manufacture of fertilizers and nitrogen compounds , 04039 - Manufacture of plastics in primary forms and of synthetic rubber , 04040 - Manufacture of paints, varnishes and similar coatings , 04041 - Manufacture of pharmaceuticals, medicinal chemicals and botanical products , 04042 - Manufacture of soap and detergents , 04043 - Manufacture of other chemical products , 04044 - Manufacture of man-made fibers , 04045 - Manufacture of rubber products , 04046 - Manufacture of plastic products , 04047 - Manufacture of glass and glass products , 04048 - Manufacture of cement, lime and plaster , 04049 - Manufacture of articles of concrete, cement and plaster , 04050 - Manufacture of Bricks , 04051 - Manufacture of other clay and ceramic products , 04052 - Manufacture of other non-metallic mineral products , 04053 - Manufacture of pig iron, sponge iron, Direct Reduced Iron etc. , 04054 - Manufacture of Ferro alloys , 04055 - Manufacture of Ingots, billets, blooms and slabs etc. , 04056 - Manufacture of steel products , 04057 - Manufacture of basic precious and non-ferrous metals , 04058 - Manufacture of non-metallic mineral products , 04059 - Casting of metals , 04060 - Manufacture of fabricated metal products , 04061 - Manufacture of engines and turbines , 04062 - Manufacture of pumps and compressors , 04063 - Manufacture of bearings and gears , 04064 - Manufacture of ovens and furnaces , 04065 - Manufacture of lifting and handling equipment , 04066 - Manufacture of other general purpose machinery , 04067 - Manufacture of agricultural and forestry machinery , 04068 - Manufacture of Machine Tools , 04069 - Manufacture of machinery for metallurgy , 04070 - Manufacture of machinery for mining, quarrying and constructions , 04071 - Manufacture of machinery for processing of food and beverages , 04072 - Manufacture of machinery for leather and textile , 04073 - Manufacture of weapons and ammunition , 04074 - Manufacture of other special purpose machinery , 04075 - Manufacture of domestic appliances , 04076 - Manufacture of office, accounting and computing machinery , 04077 - Manufacture of electrical machinery and apparatus , 04078 - Manufacture of Radio, Television, communication equipment and apparatus , 04079 - Manufacture of medical and surgical equipment , 04080 - Manufacture of industrial process control equipment , 04081 - Manufacture of instruments and appliances for measurements and navigation , 04082 - Manufacture of optical instruments , 04083 - Manufacture of watches and clocks , 04084 - Manufacture of motor vehicles , 04085 - Manufacture of body of motor vehicles , 04086 - Manufacture of parts and accessories of motor vehicles and engines , 04087 - Building and repair of ships and boats , 04088 - Manufacture of railway locomotive and rolling stocks , 04089 - Manufacture of aircraft and spacecraft , 04090 - Manufacture of bicycles , 04091 - Manufacture of other transport equipment , 04092 - Manufacture of furniture , 04093 - Manufacture of jewellery , 04094 - Manufacture of sports goods , 04095 - Manufacture of musical instruments , 04096 - Manufacture of games and toys , 04097 - Other manufacturing n.e.c. , 04098 - Recycling of metal waste and scrap , 04099 - Recycling of non- metal waste and scrap , 05001 - Production, collection and distribution of electricity , 05002 - Manufacture and distribution of gas , 05003 - Collection, purification and distribution of water , 05004 - Other essential commodity service n.e.c , 06001 - Site preparation works , 06002 - Building of complete constructions or parts- civil contractors , 06003 - Building installation , 06004 - Building completion , 06005 - Construction and maintenance of roads, rails, bridges, tunnels, ports, harbour, runways etc. , 06006 - Construction and maintenance of power plants , 06007 - Construction and maintenance of industrial plants , 06008 - Construction and maintenance of power transmission and telecommunication lines , 06009 - Construction of water ways and water reservoirs , 06010 - Other construction activity n.e.c. , 07001 - Purchase, sale and letting of leased buildings (residential and non-residential) , 07002 - Operating of real estate of self-owned buildings (residential and non-residential) , 07003 - Developing and sub-dividing real estate into lots , 07004 - Real estate activities on a fee or contract basis , 07005 - Other real estate/renting services n.e.c , 08001 - Renting of land transport equipment , 08002 - Renting of water transport equipment , 08003 - Renting of air transport equipment , 08004 - Renting of agricultural machinery and equipment , 08005 - Renting of construction and civil engineering machinery , 08006 - Renting of office machinery and equipment , 08007 - Renting of other machinery and equipment n.e.c. , 08008 - Renting of personal and household goods n.e.c. , 08009 - Renting of other machinery n.e.c. , 09001 - Wholesale and retail sale of motor vehicles , 09002 - Repair and maintenance of motor vehicles , 09003 - Sale of motor parts and accessories- wholesale and retail , 09004 - Retail sale of automotive fuel , 09006 - Wholesale of agricultural raw material , 09007 - Wholesale of food and beverages and tobacco , 09008 - Wholesale of household goods , 09009 - Wholesale of metals and metal ores , 09010 - Wholesale of household goods , 09011 - Wholesale of construction material , 09012 - Wholesale of hardware and sanitary fittings , 09013 - Wholesale of cotton and jute , 09014 - Wholesale of raw wool and raw silk , 09015 - Wholesale of other textile fibres , 09016 - Wholesale of industrial chemicals , 09017 - Wholesale of fertilizers and pesticides , 09018 - Wholesale of electronic parts and equipment , 09019 - Wholesale of other machinery, equipment and supplies , 09020 - Wholesale of waste, scrap and materials for re-cycling , 09021 - Retail sale of food, beverages and tobacco in specialized stores , 09022 - Retail sale of other goods in specialized stores , 09023 - Retail sale in non-specialized stores , 09024 - Retail sale of textiles, apparel, footwear, leather goods , 09025 - Retail sale of other household appliances , 09026 - Retail sale of hardware, paint and glass , 09027 - Wholesale of other products n.e.c , 09028 - Retail sale of other products n.e.c , 10001 - Hotels – Star rated , 10002 - Hotels – Non-star rated , 10003 - Motels, Inns and Dharmshalas , 10004 - Guest houses and circuit houses , 10005 - Dormitories and hostels at educational institutions , 10006 - Short stay accommodations n.e.c. , 10007 - Restaurants – with bars , 10008 - Restaurants – without bars , 10009 - Canteens , 10010 - Independent caterers , 10011 - Casinos and other games of chance , 10012 - Other hospitality services n.e.c. , 11001 - Travel agencies and tour operators , 11002 - Packers and movers , 11003 - Passenger land transport , 11004 - Air transport , 11005 - Transport by urban/sub-urban railways , 11006 - Inland water transport , 11007 - Sea and coastal water transport , 11008 - Freight transport by road , 11009 - Freight transport by railways , 11010 - Forwarding of freight , 11011 - Receiving and acceptance of freight , 11012 - Cargo handling , 11013 - Storage and warehousing , 11014 - Transport via pipelines (transport of gases, liquids, slurry and other commodities) , 11015 - Other Transport and Logistics services n.e.c , 12001 - Post and courier activities , 12002 - Basic telecom services , 12003 - Value added telecom services , 12004 - Maintenance of telecom network , 12005 - Activities of the cable operators , 12006 - Other Post and Telecommunication services n.e.c , 13001 - Commercial banks, saving banks and discount houses , 13002 - Specialised institutions granting credit , 13003 - Financial leasing , 13004 - Hire-purchase financing , 13005 - Housing finance activities , 13006 - Commercial loan activities , 13007 - Credit cards , 13008 - Mutual funds , 13009 - Chit fund , 13010 - Investment activities , 13011 - Life insurance , 13012 - Pension funding , 13013 - Non-life insurance , 13014 - Administration of financial markets , 13015 - Stock brokers, sub-brokers and related activities , 13016 - Financial advisers, mortgage advisers and brokers , 13017 - Foreign exchange services , 13018 - Other financial intermediation services n.e.c. , 14007 - Cyber café , 14009 - Computer training and educational institutes , 14005 - Other IT enabled services , 14010 - Other computation related services n.e.c. , 15001 - Natural sciences and engineering , 15002 - Social sciences and humanities , 15003 - Other Research and Development activities n.e.c. , 16006 - Advertising , 16010 - Auctioneers , 16012 - Market research and public opinion polling , 16014 - Labour recruitment and provision of personnel , 16015 - Investigation and security services , 16016 - Building-cleaning and industrial cleaning activities , 16017 - Packaging activities , 16019 - Other professional services n.e.c. , 17001 - Primary education , 17002 - Secondary/ senior secondary education , 17003 - Technical and vocational secondary/ senior secondary education , 17004 - Higher education , 17005 - Education by correspondence , 17006 - Coaching centres and tuitions , 17007 - Other education services n.e.c. , 18006 - Independent blood banks , 18007 - Medical transcription , 18008 - Independent ambulance services , 18009 - Medical suppliers, agencies and stores , 19001 - Social work activities with accommodation (orphanages and old age homes) , 19002 - Social work activities without accommodation (Creches) , 19003 - Industry associations, chambers of commerce , 19004 - Professional organisations , 19005 - Trade unions , 19006 - Religious organizations , 19007 - Political organisations , 19008 - Other membership organisations n.e.c. (rotary clubs, book clubs and philatelic clubs) , 19009 - Other Social or community service n.e.c , 20001 - Motion picture production , 20002 - Film distribution , 20003 - Film laboratories , 20004 - Television channel productions , 20005 - Television channels broadcast , 20006 - Video production and distribution , 20007 - Sound recording studios , 20008 - Radio - recording and distribution , 20009 - Stage production and related activities , 20013 - Circuses and race tracks , 20014 - Video Parlours , 20015 - News agency activities , 20016 - Library and archives activities , 20017 - Museum activities , 20018 - Preservation of historical sites and buildings , 20019 - Botanical and zoological gardens , 20020 - Operation and maintenance of sports facilities , 20021 - Activities of sports and game schools , 20022 - Organisation and operation of indoor/outdoor sports and promotion and production of sporting events , 20023_1 - Sports Management, 20023 - Other sporting activities n.e.c. , 20024 - Other recreational activities n.e.c. , 21001 - Hair dressing and other beauty treatment , 21002 - Funeral and related activities , 21003 - Marriage bureaus , 21004 - Pet care services , 21005 - Sauna and steam baths, massage salons etc. , 21006 - Astrological and spiritualists’ activities , 21007 - Private households as employers of domestic staff , 21008_1 - Event Management, 21008 - Other services n.e.c. , 21009 - Speculative trading , 21010 - Futures and Options trading , 21011 - Buying and selling shares, 22001 - Extra territorial organisations and bodies (IMF, World Bank,European Commission etc.)"
ITR.ITR4.ScheduleBP.NatOfBus44AD[].Description,string,N,"{""maxLength"":75,""pattern"":""|(\\s*([\\w\\d_=!@#$%\\^*\\(\\){}\\[\\]\\|\\\\:;',\\.\\?/~`\\-\\+<>&\""][\\s\\w\\d_=!@#$%\\^*\\(\\){}\\[\\]\\|\\\\:;',\\.\\?/~`\\-\\+<>&\""]*)\\s*)""}",
ITR.ITR4.ScheduleBP.PersumptiveInc44AD,object,N,,Computation of Persumptive Income Under 44AD
ITR.ITR4.ScheduleBP.PersumptiveInc44AD.GrsTotalTrnOver,integer,Y,"{""minimum"":0,""maximum"":30000000,""exclusiveMinimum"":false,""default"":0}",
ITR.ITR4.ScheduleBP.PersumptiveInc44AD.GrsTrnOverBank,integer,N,"{""minimum"":0,""maximum"":30000000,""exclusiveMinimum"":false,""default"":0}",
ITR.ITR4.ScheduleBP.PersumptiveInc44AD.GrsTotalTrnOverInCash,integer,N,"{""minimum"":0,""maximum"":30000000,""exclusiveMinimum"":false,""default"":0}",
ITR.ITR4.ScheduleBP.PersumptiveInc44AD.GrsTrnOverAnyOthMode,integer,N,"{""minimum"":0,""maximum"":30000000,""exclusiveMinimum"":false,""default"":0}",
ITR.ITR4.ScheduleBP.PersumptiveInc44AD.PersumptiveInc44AD6Per,integer,N,"{""minimum"":0,""maximum"":30000000,""exclusiveMinimum"":false}",
ITR.ITR4.ScheduleBP.PersumptiveInc44AD.PersumptiveInc44AD8Per,integer,N,"{""minimum"":0,""maximum"":30000000,""exclusiveMinimum"":false}",
ITR.ITR4.ScheduleBP.PersumptiveInc44AD.TotPersumptiveInc44AD,integer,Y,"{""minimum"":0,""maximum"":30000000,""exclusiveMinimum"":false,""default"":0}",
ITR.ITR4.ScheduleBP.NatOfBus44ADA,array,N,,
ITR.ITR4.ScheduleBP.NatOfBus44ADA[],object,Y,,
ITR.ITR4.ScheduleBP.NatOfBus44ADA[].NameOfBusiness,string,Y,"{""minLength"":1,""maxLength"":75,""pattern"":""|(\\s*([\\w\\d_=!@#$%\\^*\\(\\){}\\[\\]\\|\\\\:;',\\.\\?/~`\\-\\+<>&\""][\\s\\w\\d_=!@#$%\\^*\\(\\){}\\[\\]\\|\\\\:;',\\.\\?/~`\\-\\+<>&\""]*)\\s*)""}",
ITR.ITR4.ScheduleBP.NatOfBus44ADA[].CodeADA,string,Y,"{""pattern"":""|(\\s*([\\w\\d_=!@#$%\\^*\\(\\){}\\[\\]\\|\\\\:;',\\.\\?/~`\\-\\+<>&\""][\\s\\w\\d_=!@#$%\\^*\\(\\){}\\[\\]\\|\\\\:;',\\.\\?/~`\\-\\+<>&\""]*)\\s*)"",""enum"":[""14001"",""14002"",""14003"",""14004"",""14006"",""14008"",""16001"",""16002"",""16003"",""16004"",""16005"",""16007"",""16008"",""16009"",""16013"",""16018"",""16019_1"",""16020"",""16021"",""18001"",""18002"",""18003"",""18004"",""18005"",""18010"",""18011"",""18012"",""18013"",""18014"",""18015"",""18016"",""18017"",""18018"",""18019"",""18020"",""20010"",""20011"",""20012""]}","14001 - Software development , 14002 - Other software consultancy , 14003 - Data processing , 14004 - Database activities and distribution of electronic content , 14006 - BPO services , 14008 - Maintenance and repair of office, accounting and computing machinery , 16001 - Legal profession , 16002 - Accounting, book-keeping and auditing profession , 16003 - Tax consultancy , 16004 - Architectural profession , 16005 - Engineering and technical consultancy , 16007 - Fashion designing , 16008 - Interior decoration , 16009 - Photography , 16013 - Business and management consultancy activities , 16018 - Secretarial activities , 16019_1 - Medical Profession, 16020 - Film Artist, 16021 - Social Media Influencers , 18001 - General hospitals , 18002 - Speciality and super speciality hospitals , 18003 - Nursing homes , 18004 - Diagnostic centres , 18005 - Pathological laboratories , 18010 - Medical clinics , 18011 - Dental practice , 18012 - Ayurveda practice , 18013 - Unani practice , 18014 - Homeopathy practice , 18015 - Nurses, physiotherapists or other para-medical practitioners , 18016 - Veterinary hospitals and practice , 18017 - Medical education , 18018 - Medical research , 18019 - Practice of other alternative medicine, 18020 - Other healthcare services , 20010 - Individual artists excluding authors , 20011 - Literary activities , 20012 - Other cultural activities n.e.c."
ITR.ITR4.ScheduleBP.NatOfBus44ADA[].Description,string,N,"{""maxLength"":75,""pattern"":""|(\\s*([\\w\\d_=!@#$%\\^*\\(\\){}\\[\\]\\|\\\\:;',\\.\\?/~`\\-\\+<>&\""][\\s\\w\\d_=!@#$%\\^*\\(\\){}\\[\\]\\|\\\\:;',\\.\\?/~`\\-\\+<>&\""]*)\\s*)""}",
ITR.ITR4.ScheduleBP.PersumptiveInc44ADA,object,N,,Computation of Persumptive Income Under 44ADA (Profession)
ITR.ITR4.ScheduleBP.PersumptiveInc44ADA.GrsReceipt,integer,Y,"{""minimum"":0,""maximum"":7500000,""exclusiveMinimum"":false,""exclusiveMaximum"":false}",
ITR.ITR4.ScheduleBP.PersumptiveInc44ADA.GrsTrnOverBank44ADA,integer,N,"{""minimum"":0,""maximum"":7500000,""exclusiveMinimum"":false,""default"":0}",
ITR.ITR4.ScheduleBP.PersumptiveInc44ADA.GrsTotalTrnOverInCash44ADA,integer,N,"{""minimum"":0,""maximum"":7500000,""exclusiveMinimum"":false,""default"":0}",
ITR.ITR4.ScheduleBP.PersumptiveInc44ADA.GrsTrnOverAnyOthMode44ADA,integer,N,"{""minimum"":0,""maximum"":7500000,""exclusiveMinimum"":false,""default"":0}",
ITR.ITR4.ScheduleBP.PersumptiveInc44ADA.TotPersumptiveInc44ADA,integer,Y,"{""minimum"":0,""maximum"":7500000,""exclusiveMinimum"":false,""default"":0}",
ITR.ITR4.ScheduleBP.NatOfBus44AE,array,N,,
ITR.ITR4.ScheduleBP.NatOfBus44AE[],object,Y,,
ITR.ITR4.ScheduleBP.NatOfBus44AE[].NameOfBusiness,string,Y,"{""minLength"":1,""maxLength"":75,""pattern"":""|(\\s*([\\w\\d_=!@#$%\\^*\\(\\){}\\[\\]\\|\\\\:;',\\.\\?/~`\\-\\+<>&\""][\\s\\w\\d_=!@#$%\\^*\\(\\){}\\[\\]\\|\\\\:;',\\.\\?/~`\\-\\+<>&\""]*)\\s*)""}",
ITR.ITR4.ScheduleBP.NatOfBus44AE[].CodeAE,string,Y,"{""pattern"":""|(\\s*([\\w\\d_=!@#$%\\^*\\(\\){}\\[\\]\\|\\\\:;',\\.\\?/~`\\-\\+<>&\""][\\s\\w\\d_=!@#$%\\^*\\(\\){}\\[\\]\\|\\\\:;',\\.\\?/~`\\-\\+<>&\""]*)\\s*)"",""enum"":[""08001"",""11002"",""11008"",""11010"",""11011"",""11012"",""11015""]}","08001 - Renting of land transport equipment, 11002 - Packers and movers, 11008 - Freight transport by road, 11010 - Forwarding of freight, 11011 - Receiving and acceptance of freight, 11012 - Cargo handling, 11015 - Other Transport and Logistics services n.e.c"
ITR.ITR4.ScheduleBP.NatOfBus44AE[].Description,string,N,"{""maxLength"":75,""pattern"":""|(\\s*([\\w\\d_=!@#$%\\^*\\(\\){}\\[\\]\\|\\\\:;',\\.\\?/~`\\-\\+<>&\""][\\s\\w\\d_=!@#$%\\^*\\(\\){}\\[\\]\\|\\\\:;',\\.\\?/~`\\-\\+<>&\""]*)\\s*)""}",
ITR.ITR4.ScheduleBP.GoodsDtlsUs44AE,array,N,"{""maxItems"":10}",
ITR.ITR4.ScheduleBP.GoodsDtlsUs44AE[],object,Y,,
ITR.ITR4.ScheduleBP.GoodsDtlsUs44AE[].RegNumberGoodsCarriage,string,Y,"{""minLength"":1,""maxLength"":11,""pattern"":""|(\\s*([\\w\\d_=!@#$%\\^*\\(\\){}\\[\\]\\|\\\\:;',\\.\\?/~`\\-\\+<>&\""][\\s\\w\\d_=!@#$%\\^*\\(\\){}\\[\\]\\|\\\\:;',\\.\\?/~`\\-\\+<>&\""]*)\\s*)""}",
ITR.ITR4.ScheduleBP.GoodsDtlsUs44AE[].OwnedLeasedHiredFlag,string,Y,"{""enum"":[""OWN"",""LEASE"",""HIRED""]}",OWN : Owned; LEASE : Leased; HIRED : Hired
ITR.ITR4.ScheduleBP.GoodsDtlsUs44AE[].TonnageCapacity,integer,Y,"{""minimum"":0,""maximum"":100,""exclusiveMinimum"":false,""exclusiveMaximum"":false}",
ITR.ITR4.ScheduleBP.GoodsDtlsUs44AE[].HoldingPeriod,integer,Y,"{""minimum"":1,""maximum"":12,""exclusiveMinimum"":false,""exclusiveMaximum"":false}",Holding period in months.
ITR.ITR4.ScheduleBP.GoodsDtlsUs44AE[].PresumptiveIncome,integer,Y,"{""minimum"":7500,""maximum"":99999999999999,""exclusiveMinimum"":false,""default"":0}",
ITR.ITR4.ScheduleBP.PersumptiveInc44AE,object,N,,Computation of Persumptive Income Under 44AE
ITR.ITR4.ScheduleBP.PersumptiveInc44AE.TotPersumInc44AE,integer,Y,"{""minimum"":0,""maximum"":99999999999999,""exclusiveMinimum"":false,""default"":0}",
ITR.ITR4.ScheduleBP.PersumptiveInc44AE.SalInterestByFirm,integer,N,"{""minimum"":0,""maximum"":99999999999999,""exclusiveMinimum"":false}",
ITR.ITR4.ScheduleBP.PersumptiveInc44AE.TotalPersumptiveInc,integer,Y,"{""minimum"":0,""maximum"":99999999999999,""exclusiveMinimum"":false,""default"":0}",
ITR.ITR4.ScheduleBP.PersumptiveInc44AE.IncChargeableUnderBus,integer,Y,"{""maximum"":99999999999999,""default"":0}",
ITR.ITR4.ScheduleBP.TurnoverGrsRcptForGSTIN,array,N,,
ITR.ITR4.ScheduleBP.TurnoverGrsRcptForGSTIN[],object,Y,,
ITR.ITR4.ScheduleBP.TurnoverGrsRcptForGSTIN[].GSTINNo,string,Y,"{""allOfPatterns"":[""|(\\s*([\\w\\d_=!@#$%\\^*\\(\\){}\\[\\]\\|\\\\:;',\\.\\?/~`\\-\\+<>&\""][\\s\\w\\d_=!@#$%\\^*\\(\\){}\\[\\]\\|\\\\:;',\\.\\?/~`\\-\\+<>&\""]*)\\s*)"",""[0-9]{2}[A-Z]{5}[0-9]{4}[A-Z][0-9A-Z]{3}""]}",
ITR.ITR4.ScheduleBP.TurnoverGrsRcptForGSTIN[].AmtTurnGrossRcptGSTIN,integer,Y,"{""minimum"":0,""maximum"":99999999999999,""exclusiveMinimum"":false}",
ITR.ITR4.ScheduleBP.TotalTurnoverGrsRcptGSTIN,integer,N,"{""minimum"":0,""maximum"":99999999999999,""exclusiveMinimum"":false}",
ITR.ITR4.ScheduleBP.FinanclPartclrOfBusiness,object,N,,
ITR.ITR4.ScheduleBP.FinanclPartclrOfBusiness.PartnerMemberOwnCapital,integer,N,"{""minimum"":0,""maximum"":99999999999999,""exclusiveMinimum"":false}",
ITR.ITR4.ScheduleBP.FinanclPartclrOfBusiness.SecuredLoans,integer,N,"{""minimum"":0,""maximum"":99999999999999,""exclusiveMinimum"":false}",
ITR.ITR4.ScheduleBP.FinanclPartclrOfBusiness.UnSecuredLoans,integer,N,"{""minimum"":0,""maximum"":99999999999999,""exclusiveMinimum"":false}",
ITR.ITR4.ScheduleBP.FinanclPartclrOfBusiness.Advances,integer,N,"{""minimum"":0,""maximum"":99999999999999,""exclusiveMinimum"":false}",
ITR.ITR4.ScheduleBP.FinanclPartclrOfBusiness.SundryCreditors,integer,N,"{""minimum"":0,""maximum"":99999999999999,""exclusiveMinimum"":false}",
ITR.ITR4.ScheduleBP.FinanclPartclrOfBusiness.OthrCurrLiab,integer,N,"{""minimum"":0,""maximum"":99999999999999,""exclusiveMinimum"":false}",
ITR.ITR4.ScheduleBP.FinanclPartclrOfBusiness.TotCapLiabilities,integer,N,"{""minimum"":0,""maximum"":99999999999999,""exclusiveMinimum"":false,""default"":0}",
ITR.ITR4.ScheduleBP.FinanclPartclrOfBusiness.FixedAssets,integer,N,"{""minimum"":0,""maximum"":99999999999999,""exclusiveMinimum"":false}",
ITR.ITR4.ScheduleBP.FinanclPartclrOfBusiness.Investments,integer,N,"{""minimum"":0,""maximum"":99999999999999,""exclusiveMinimum"":false}",
ITR.ITR4.ScheduleBP.FinanclPartclrOfBusiness.Inventories,integer,N,"{""minimum"":0,""maximum"":99999999999999,""exclusiveMinimum"":false}",
ITR.ITR4.ScheduleBP.FinanclPartclrOfBusiness.SundryDebtors,integer,N,"{""minimum"":0,""maximum"":99999999999999,""exclusiveMinimum"":false}",
ITR.ITR4.ScheduleBP.FinanclPartclrOfBusiness.BalWithBanks,integer,N,"{""minimum"":0,""maximum"":99999999999999,""exclusiveMinimum"":false}",
ITR.ITR4.ScheduleBP.FinanclPartclrOfBusiness.CashInHand,integer,N,"{""minimum"":0,""maximum"":99999999999999,""exclusiveMinimum"":false}",
ITR.ITR4.ScheduleBP.FinanclPartclrOfBusiness.LoansAndAdvances,integer,N,"{""minimum"":0,""maximum"":99999999999999,""exclusiveMinimum"":false}",
ITR.ITR4.ScheduleBP.FinanclPartclrOfBusiness.OtherAssets,integer,N,"{""minimum"":0,""maximum"":99999999999999,""exclusiveMinimum"":false}",
ITR.ITR4.ScheduleBP.FinanclPartclrOfBusiness.TotalAssets,integer,N,"{""minimum"":0,""maximum"":99999999999999,""exclusiveMinimum"":false,""default"":0}",
ITR.ITR4.ScheduleIT,object,N,,
ITR.ITR4.ScheduleIT.TaxPayment,array,N,"{""minItems"":1}",
ITR.ITR4.ScheduleIT.TaxPayment[],object,Y,,Tax payment detail
ITR.ITR4.ScheduleIT.TaxPayment[].BSRCode,string,Y,"{""allOfPatterns"":[""|(\\s*([\\w\\d_=!@#$%\\^*\\(\\){}\\[\\]\\|\\\\:;',\\.\\?/~`\\-\\+<>&\""][\\s\\w\\d_=!@#$%\\^*\\(\\){}\\[\\]\\|\\\\:;',\\.\\?/~`\\-\\+<>&\""]*)\\s*)"",""[0-9]{3}[0-9A-Z]{4}""]}",
ITR.ITR4.ScheduleIT.TaxPayment[].DateDep,string,Y,"{""pattern"":""([12]\\d{3}-(0[1-9]|1[0-2])-(0[1-9]|[12]\\d|3[01]))""}",Date of deposit should be on or after 2025-04-01  in YYYY-MM-DD format
ITR.ITR4.ScheduleIT.TaxPayment[].SrlNoOfChaln,integer,Y,"{""minimum"":0,""maximum"":99999,""exclusiveMinimum"":false}",
ITR.ITR4.ScheduleIT.TaxPayment[].Amt,integer,Y,"{""minimum"":0,""maximum"":99999999999999,""exclusiveMinimum"":false,""default"":0}",
ITR.ITR4.ScheduleIT.TotalTaxPayments,integer,Y,"{""minimum"":0,""maximum"":99999999999999,""exclusiveMinimum"":false,""default"":0}",
ITR.ITR4.ScheduleTCS,object,N,,
ITR.ITR4.ScheduleTCS.TCS,array,N,"{""minItems"":1}",
ITR.ITR4.ScheduleTCS.TCS[],object,Y,,
ITR.ITR4.ScheduleTCS.TCS[].EmployerOrDeductorOrCollectDetl,object,Y,,Dedcutor Details
ITR.ITR4.ScheduleTCS.TCS[].EmployerOrDeductorOrCollectDetl.TAN,string,Y,"{""allOfPatterns"":[""|(\\s*([\\w\\d_=!@#$%\\^*\\(\\){}\\[\\]\\|\\\\:;',\\.\\?/~`\\-\\+<>&\""][\\s\\w\\d_=!@#$%\\^*\\(\\){}\\[\\]\\|\\\\:;',\\.\\?/~`\\-\\+<>&\""]*)\\s*)"",""HYD[A-Z][0-9]{5}[A-Z]|VPN[A-Z][0-9]{5}[A-Z]|BBN[A-Z][0-9]{5}[A-Z]|BPL[A-Z][0-9]{5}[A-Z]|JBP[A-Z][0-9]{5}[A-Z]|CHE[A-Z][0-9]{5}[A-Z]|CMB[A-Z][0-9]{5}[A-Z]|MRI[A-Z][0-9]{5}[A-Z]|DEL[A-Z][0-9]{5}[A-Z]|CAL[A-Z][0-9]{5}[A-Z]|MRT[A-Z][0-9]{5}[A-Z]|AHM[A-Z][0-9]{5}[A-Z]|BRD[A-Z][0-9]{5}[A-Z]|RKT[A-Z][0-9]{5}[A-Z]|SRT[A-Z][0-9]{5}[A-Z]|BLR[A-Z][0-9]{5}[A-Z]|AGR[A-Z][0-9]{5}[A-Z]|KNP[A-Z][0-9]{5}[A-Z]|CHN[A-Z][0-9]{5}[A-Z]|TVD[A-Z][0-9]{5}[A-Z]|ALD[A-Z][0-9]{5}[A-Z]|LKN[A-Z][0-9]{5}[A-Z]|MUM[A-Z][0-9]{5}[A-Z]|NGP[A-Z][0-9]{5}[A-Z]|AMR[A-Z][0-9]{5}[A-Z]|JLD[A-Z][0-9]{5}[A-Z]|PTL[A-Z][0-9]{5}[A-Z]|RTK[A-Z][0-9]{5}[A-Z]|KLP[A-Z][0-9]{5}[A-Z]|NSK[A-Z][0-9]{5}[A-Z]|PNE[A-Z][0-9]{5}[A-Z]|PTN[A-Z][0-9]{5}[A-Z]|RCH[A-Z][0-9]{5}[A-Z]|JDH[A-Z][0-9]{5}[A-Z]|JPR[A-Z][0-9]{5}[A-Z]|SHL[A-Z][0-9]{5}[A-Z]""]}",
ITR.ITR4.ScheduleTCS.TCS[].EmployerOrDeductorOrCollectDetl.EmployerOrDeductorOrCollecterName,string,Y,"{""minLength"":1,""maxLength"":125,""pattern"":""|(\\s*([\\w\\d_=!@#$%\\^*\\(\\){}\\[\\]\\|\\\\:;',\\.\\?/~`\\-\\+<>&\""][\\s\\w\\d_=!@#$%\\^*\\(\\){}\\[\\]\\|\\\\:;',\\.\\?/~`\\-\\+<>&\""]*)\\s*)""}",
ITR.ITR4.ScheduleTCS.TCS[].Amtfrom26AS,integer,Y,"{""minimum"":0,""maximum"":99999999999999,""exclusiveMinimum"":false,""default"":0}",
ITR.ITR4.ScheduleTCS.TCS[].TotalTCS,integer,Y,"{""minimum"":0,""maximum"":99999999999999,""exclusiveMinimum"":false,""default"":0}",
ITR.ITR4.ScheduleTCS.TCS[].AmtTCSClaimedThisYear,integer,Y,"{""minimum"":0,""maximum"":99999999999999,""exclusiveMinimum"":false,""default"":0}",
ITR.ITR4.ScheduleTCS.TotalSchTCS,integer,Y,"{""minimum"":0,""maximum"":99999999999999,""exclusiveMinimum"":false,""default"":0}",
ITR.ITR4.TDSonSalaries,object,N,,Salary TDS details
ITR.ITR4.TDSonSalaries.TDSonSalary,array,N,"{""minItems"":1}",
ITR.ITR4.TDSonSalaries.TDSonSalary[],object,Y,,
ITR.ITR4.TDSonSalaries.TDSonSalary[].EmployerOrDeductorOrCollectDetl,object,Y,,Dedcutor Details
ITR.ITR4.TDSonSalaries.TDSonSalary[].EmployerOrDeductorOrCollectDetl.TAN,string,Y,"{""allOfPatterns"":[""|(\\s*([\\w\\d_=!@#$%\\^*\\(\\){}\\[\\]\\|\\\\:;',\\.\\?/~`\\-\\+<>&\""][\\s\\w\\d_=!@#$%\\^*\\(\\){}\\[\\]\\|\\\\:;',\\.\\?/~`\\-\\+<>&\""]*)\\s*)"",""HYD[A-Z][0-9]{5}[A-Z]|VPN[A-Z][0-9]{5}[A-Z]|BBN[A-Z][0-9]{5}[A-Z]|BPL[A-Z][0-9]{5}[A-Z]|JBP[A-Z][0-9]{5}[A-Z]|CHE[A-Z][0-9]{5}[A-Z]|CMB[A-Z][0-9]{5}[A-Z]|MRI[A-Z][0-9]{5}[A-Z]|DEL[A-Z][0-9]{5}[A-Z]|CAL[A-Z][0-9]{5}[A-Z]|MRT[A-Z][0-9]{5}[A-Z]|AHM[A-Z][0-9]{5}[A-Z]|BRD[A-Z][0-9]{5}[A-Z]|RKT[A-Z][0-9]{5}[A-Z]|SRT[A-Z][0-9]{5}[A-Z]|BLR[A-Z][0-9]{5}[A-Z]|AGR[A-Z][0-9]{5}[A-Z]|KNP[A-Z][0-9]{5}[A-Z]|CHN[A-Z][0-9]{5}[A-Z]|TVD[A-Z][0-9]{5}[A-Z]|ALD[A-Z][0-9]{5}[A-Z]|LKN[A-Z][0-9]{5}[A-Z]|MUM[A-Z][0-9]{5}[A-Z]|NGP[A-Z][0-9]{5}[A-Z]|AMR[A-Z][0-9]{5}[A-Z]|JLD[A-Z][0-9]{5}[A-Z]|PTL[A-Z][0-9]{5}[A-Z]|RTK[A-Z][0-9]{5}[A-Z]|KLP[A-Z][0-9]{5}[A-Z]|NSK[A-Z][0-9]{5}[A-Z]|PNE[A-Z][0-9]{5}[A-Z]|PTN[A-Z][0-9]{5}[A-Z]|RCH[A-Z][0-9]{5}[A-Z]|JDH[A-Z][0-9]{5}[A-Z]|JPR[A-Z][0-9]{5}[A-Z]|SHL[A-Z][0-9]{5}[A-Z]""]}",
ITR.ITR4.TDSonSalaries.TDSonSalary[].EmployerOrDeductorOrCollectDetl.EmployerOrDeductorOrCollecterName,string,Y,"{""minLength"":1,""maxLength"":125,""pattern"":""|(\\s*([\\w\\d_=!@#$%\\^*\\(\\){}\\[\\]\\|\\\\:;',\\.\\?/~`\\-\\+<>&\""][\\s\\w\\d_=!@#$%\\^*\\(\\){}\\[\\]\\|\\\\:;',\\.\\?/~`\\-\\+<>&\""]*)\\s*)""}",
ITR.ITR4.TDSonSalaries.TDSonSalary[].IncChrgSal,integer,Y,"{""minimum"":0,""maximum"":99999999999999,""exclusiveMinimum"":false,""default"":0}",
ITR.ITR4.TDSonSalaries.TDSonSalary[].TotalTDSSal,integer,Y,"{""minimum"":0,""maximum"":99999999999999,""exclusiveMinimum"":false,""default"":0}",
ITR.ITR4.TDSonSalaries.TotalTDSonSalaries,integer,Y,"{""minimum"":0,""maximum"":99999999999999,""exclusiveMinimum"":false,""default"":0}",
ITR.ITR4.TDSonOthThanSals,object,N,,
ITR.ITR4.TDSonOthThanSals.TDSonOthThanSalDtls,array,N,"{""minItems"":1}",
ITR.ITR4.TDSonOthThanSals.TDSonOthThanSalDtls[],object,Y,,
ITR.ITR4.TDSonOthThanSals.TDSonOthThanSalDtls[].TANOfDeductor,string,Y,"{""allOfPatterns"":[""|(\\s*([\\w\\d_=!@#$%\\^*\\(\\){}\\[\\]\\|\\\\:;',\\.\\?/~`\\-\\+<>&\""][\\s\\w\\d_=!@#$%\\^*\\(\\){}\\[\\]\\|\\\\:;',\\.\\?/~`\\-\\+<>&\""]*)\\s*)"",""HYD[A-Z][0-9]{5}[A-Z]|VPN[A-Z][0-9]{5}[A-Z]|BBN[A-Z][0-9]{5}[A-Z]|BPL[A-Z][0-9]{5}[A-Z]|JBP[A-Z][0-9]{5}[A-Z]|CHE[A-Z][0-9]{5}[A-Z]|CMB[A-Z][0-9]{5}[A-Z]|MRI[A-Z][0-9]{5}[A-Z]|DEL[A-Z][0-9]{5}[A-Z]|CAL[A-Z][0-9]{5}[A-Z]|MRT[A-Z][0-9]{5}[A-Z]|AHM[A-Z][0-9]{5}[A-Z]|BRD[A-Z][0-9]{5}[A-Z]|RKT[A-Z][0-9]{5}[A-Z]|SRT[A-Z][0-9]{5}[A-Z]|BLR[A-Z][0-9]{5}[A-Z]|AGR[A-Z][0-9]{5}[A-Z]|KNP[A-Z][0-9]{5}[A-Z]|CHN[A-Z][0-9]{5}[A-Z]|TVD[A-Z][0-9]{5}[A-Z]|ALD[A-Z][0-9]{5}[A-Z]|LKN[A-Z][0-9]{5}[A-Z]|MUM[A-Z][0-9]{5}[A-Z]|NGP[A-Z][0-9]{5}[A-Z]|AMR[A-Z][0-9]{5}[A-Z]|JLD[A-Z][0-9]{5}[A-Z]|PTL[A-Z][0-9]{5}[A-Z]|RTK[A-Z][0-9]{5}[A-Z]|KLP[A-Z][0-9]{5}[A-Z]|NSK[A-Z][0-9]{5}[A-Z]|PNE[A-Z][0-9]{5}[A-Z]|PTN[A-Z][0-9]{5}[A-Z]|RCH[A-Z][0-9]{5}[A-Z]|JDH[A-Z][0-9]{5}[A-Z]|JPR[A-Z][0-9]{5}[A-Z]|SHL[A-Z][0-9]{5}[A-Z]""]}",
ITR.ITR4.TDSonOthThanSals.TDSonOthThanSalDtls[].DeductedYr,string,N,"{""pattern"":""|(\\s*([\\w\\d_=!@#$%\\^*\\(\\){}\\[\\]\\|\\\\:;',\\.\\?/~`\\-\\+<>&\""][\\s\\w\\d_=!@#$%\\^*\\(\\){}\\[\\]\\|\\\\:;',\\.\\?/~`\\-\\+<>&\""]*)\\s*)"",""enum"":[""2024"",""2023"",""2022"",""2021"",""2020"",""2019"",""2018"",""2017"",""2016"",""2015"",""2014"",""2013"",""2012"",""2011"",""2010"",""2009"",""2008""]}",
ITR.ITR4.TDSonOthThanSals.TDSonOthThanSalDtls[].BroughtFwdTDSAmt,integer,N,"{""minimum"":0,""maximum"":99999999999999,""exclusiveMinimum"":false}",
ITR.ITR4.TDSonOthThanSals.TDSonOthThanSalDtls[].TDSDeducted,integer,N,"{""minimum"":0,""maximum"":99999999999999,""exclusiveMinimum"":false}",
ITR.ITR4.TDSonOthThanSals.TDSonOthThanSalDtls[].TDSSection,string,Y,"{""pattern"":""|(\\s*([\\w\\d_=!@#$%\\^*\\(\\){}\\[\\]\\|\\\\:;',\\.\\?/~`\\-\\+<>&\""][\\s\\w\\d_=!@#$%\\^*\\(\\){}\\[\\]\\|\\\\:;',\\.\\?/~`\\-\\+<>&\""]*)\\s*)"",""enum"":[""92A"",""92B"",""92C"",""192A"",""193"",""194"",""94A"",""94B"",""94BA"",""4BB"",""94C"",""94D"",""4DA"",""94E"",""4EE"",""4F"",""4G"",""4H"",""4-IA"",""4-IB"",""4IA"",""4IB"",""4IC"",""94J-A"",""94J-B"",""94K"",""4LA"",""4LB"",""4LC1"",""4LC2"",""4LC3"",""4BA1"",""4BA2"",""LBA1"",""LBA2"",""LBA3"",""LBB"",""94R"",""94S"",""94B-P"",""94R-P"",""94S-P"",""LBC"",""4LD"",""94M"",""94N"",""94N-F"",""94N-C"",""94N-FT"",""94O"",""94P"",""94Q"",""195"",""96A"",""96B"",""96C"",""96D"",""96DA"",""94BA-P""]}","92A:192- Salary-Payment to Government employees other than Indian Government employees; 92B:192- Salary-Payment to employees other than Government employees; 92C:192- Salary-Payment to Indian Government employees; 192A:192A/2AA- TDS on PF withdrawal; 193:193- Interest on Securities; 194:194- Dividends; 94A:194A- Interest other than 'Interest on securities'; 94B:194B- Winning from lottery or crossword puzzle; 94BA:194BA- Winnings from online games; 4BB:194BB- Winning from horse race; 94C:194C- Payments to contractors and sub-contractors; 94D:194D- Insurance commission; 4DA:194DA- Payment in respect of life insurance policy; 94E:194E- Payments to non-resident sportsmen or sports associations; 4EE:194EE- Payments in respect of deposits under National Savings; 4F:194F/94F- Payments on account of repurchase of units by Mutual Fund or Unit Trust of India; 4G:194G/94G- Commission, price, etc. on sale of lottery tickets; 4H:194H/94H- Commission or brokerage; 4-IA:194I(a)/4IA- Rent on hiring of plant and machinery;  4-IB:194I(b)/4IB - Rent on other than plant and machinery; 4IA:194IA/9IA- TDS on Sale of immovable property; 4IB:194IB/9IB- Payment of rent by certain individuals or Hindu undivided; 4IC:194IC- Payment under specified agreement; 94J-A:194J(a)/4JA - Fees for technical services; 94J-B:194J(b)/4JB- Fees for professional  services or royalty etc; 94K:194K- Income payable to a resident assessee in respect of units of a specified mutual fund or of the units of the Unit Trust of India; 4LA:194LA- Payment of compensation on acquisition of certain immovable; 4LB:194LB- Income by way of Interest from Infrastructure Debt fund; 4LC1:194LC/LC1- 194LC (2)(i) and (ia) Income under clause (i) and (ia) of sub-section (2) of section 194LC; 4LC2:194LC/LC2- 194LC (2)(ib) Income under clause (ib) of sub-section (2) of section 194LC; 4LC3:194LC/LC3- 194LC (2)(ic) Income under clause (ic) of sub-section (2) of section 194LC; 4BA1:194LBA(a)/BA1- Certain income in the form of interest from units of a business trust to a resident unit holder; 4BA2: 194LBA(b)/BA2- Certain income in the form of dividend from units of a business trust to a resident unit holder; LBA1:194LBA(a)/BA1- 194LBA(a) income referred to in section 10(23FC)(a) from units of a business trust-NR; LBA2:194LBA(b)/BA2-194LBA(b) Income referred to in section 10(23FC)(b) from units of a business trust-NR; LBA3:194LBA(c)/BA3- 194LBA(c) Income referred to in section 10(23FCA) from units of a business trust-NR; LBB: 194LBB- Income in respect of units of investment fund; 94R:194R- Benefits or perquisites of business or profession; 94S:194S- Payment of consideration for transfer of virtual digital asset by persons other than specified persons; 94B-P:Proviso to section 194B/4BP- Winnings from lotteries and crossword puzzles where consideration is made in kind or cash is not sufficient to meet the tax liability and tax has been paid before such winnings are released; 94R-P: First Proviso to sub-section(1) of section 194R/4RP- Benefits or perquisites of business or profession where such benefit is provided in kind or where part in cash is not sufficient to meet tax liability and tax required to be deducted is paid before such benefit is released; 94S-P:Proviso to sub- section(1) of section 194S/4SP- Payment for transfer of virtual digital asset where payment is in kind or in exchange of another virtual digital asset and tax required to be deducted is paid before such payment is released; LBC:194LBC- Income in respect of investment in securitization trust; 4LD:194LD- TDS on interest on bonds / government securities; 94M:194M- Payment of certain sums by certain individuals or HUF; 94N:194N- Payment of certain amounts in cash other than cases covered by first proviso or third proviso; 94N-F: 194N/4NF -First Proviso Payment of certain amounts in cash to non-filers except in case of co-operativesocieties; 94N-C:194N/4NC- Third Proviso Payment of certain amounts in cash to co-operative societies not covered by first proviso; 94N-FT: 194N/NFT- First Proviso read with Third Proviso Payment of certain amount in cash to non-filers being co-operative societies; 94O:194O- Payment of certain sums by e-commerce operator to e-commerce participant.; 94P: 194P- Deduction of tax in case of specified senior citizen; 94Q:194Q- Deduction of tax at source on payment of certain sum for purchase of goods; 195:195- Other sums payable to a non-resident; 96A:196A- Income in respect of units of non-residents; 96B:196B- Payments in respect of units to an offshore fund; 96C:196C- Income from foreign currency bonds or shares of Indian; 96D:196D- Income of foreign institutional investors from securities; 96DA:196D(1A)/6DA- Income of specified fund from securities; 94BA-P: 194BA(2)/BAP-Sub-section (2) of section 194BA Net Winnings from online games where the net winnings are made in kind or cash is not sufficient to meet the tax liability and tax has been paid before such net winnings are released; "
ITR.ITR4.TDSonOthThanSals.TDSonOthThanSalDtls[].TDSClaimed,integer,Y,"{""minimum"":0,""maximum"":99999999999999,""exclusiveMinimum"":false}",
ITR.ITR4.TDSonOthThanSals.TDSonOthThanSalDtls[].GrossAmount,integer,N,"{""minimum"":0,""maximum"":99999999999999,""exclusiveMinimum"":false}",
ITR.ITR4.TDSonOthThanSals.TDSonOthThanSalDtls[].HeadOfIncome,string,N,"{""enum"":[""BP"",""HP"",""OS"",""EI"",""NA""]}","BP - Income from business and Profession; HP - Income from House Property; OS - Income from Other Source; EI - Exempt Income, NA - Not Applicable"
ITR.ITR4.TDSonOthThanSals.TDSonOthThanSalDtls[].TDSCreditCarriedFwd,integer,Y,"{""minimum"":0,""maximum"":99999999999999,""exclusiveMinimum"":false}",
ITR.ITR4.TDSonOthThanSals.TotalTDSonOthThanSals,integer,Y,"{""minimum"":0,""maximum"":99999999999999,""exclusiveMinimum"":false,""default"":0}",
ITR.ITR4.ScheduleTDS3Dtls,object,N,,Details of Tax Deducted at Source [16C furnished by the Deductor(s)]
ITR.ITR4.ScheduleTDS3Dtls.TDS3Details,array,N,"{""minItems"":1}",
ITR.ITR4.ScheduleTDS3Dtls.TDS3Details[],object,Y,,
ITR.ITR4.ScheduleTDS3Dtls.TDS3Details[].PANofTenant,string,Y,"{""allOfPatterns"":[""|(\\s*([\\w\\d_=!@#$%\\^*\\(\\){}\\[\\]\\|\\\\:;',\\.\\?/~`\\-\\+<>&\""][\\s\\w\\d_=!@#$%\\^*\\(\\){}\\[\\]\\|\\\\:;',\\.\\?/~`\\-\\+<>&\""]*)\\s*)"",""[A-Z]{5}[0-9]{4}[A-Z]""]}",
ITR.ITR4.ScheduleTDS3Dtls.TDS3Details[].AadhaarofTenant,string,N,"{""allOfPatterns"":[""|(\\s*([\\w\\d_=!@#$%\\^*\\(\\){}\\[\\]\\|\\\\:;',\\.\\?/~`\\-\\+<>&\""][\\s\\w\\d_=!@#$%\\^*\\(\\){}\\[\\]\\|\\\\:;',\\.\\?/~`\\-\\+<>&\""]*)\\s*)"",""[0-9]{12}""]}",
ITR.ITR4.ScheduleTDS3Dtls.TDS3Details[].DeductedYr,string,N,"{""pattern"":""|(\\s*([\\w\\d_=!@#$%\\^*\\(\\){}\\[\\]\\|\\\\:;',\\.\\?/~`\\-\\+<>&\""][\\s\\w\\d_=!@#$%\\^*\\(\\){}\\[\\]\\|\\\\:;',\\.\\?/~`\\-\\+<>&\""]*)\\s*)"",""enum"":[""2024"",""2023"",""2022"",""2021"",""2020"",""2019"",""2018"",""2017""]}",
ITR.ITR4.ScheduleTDS3Dtls.TDS3Details[].BroughtFwdTDSAmt,integer,N,"{""minimum"":0,""maximum"":99999999999999,""exclusiveMinimum"":false}",
ITR.ITR4.ScheduleTDS3Dtls.TDS3Details[].TDSDeducted,integer,N,"{""minimum"":0,""maximum"":99999999999999,""exclusiveMinimum"":false}",
ITR.ITR4.ScheduleTDS3Dtls.TDS3Details[].TDSSection,string,Y,"{""pattern"":""|(\\s*([\\w\\d_=!@#$%\\^*\\(\\){}\\[\\]\\|\\\\:;',\\.\\?/~`\\-\\+<>&\""][\\s\\w\\d_=!@#$%\\^*\\(\\){}\\[\\]\\|\\\\:;',\\.\\?/~`\\-\\+<>&\""]*)\\s*)"",""enum"":[""92A"",""92B"",""92C"",""192A"",""193"",""194"",""94A"",""94B"",""94BA"",""4BB"",""94C"",""94D"",""4DA"",""94E"",""4EE"",""4F"",""4G"",""4H"",""4-IA"",""4-IB"",""4IA"",""4IB"",""4IC"",""94J-A"",""94J-B"",""94K"",""4LA"",""4LB"",""4LC1"",""4LC2"",""4LC3"",""4BA1"",""4BA2"",""LBA1"",""LBA2"",""LBA3"",""LBB"",""94R"",""94S"",""94B-P"",""94R-P"",""94S-P"",""LBC"",""4LD"",""94M"",""94N"",""94N-F"",""94N-C"",""94N-FT"",""94O"",""94P"",""94Q"",""195"",""96A"",""96B"",""96C"",""96D"",""96DA"",""94BA-P""]}","92A:192- Salary-Payment to Government employees other than Indian Government employees; 92B:192- Salary-Payment to employees other than Government employees; 92C:192- Salary-Payment to Indian Government employees; 192A:192A/2AA- TDS on PF withdrawal; 193:193- Interest on Securities; 194:194- Dividends; 94A:194A- Interest other than 'Interest on securities'; 94B:194B- Winning from lottery or crossword puzzle; 94BA:194BA- Winnings from online games; 4BB:194BB- Winning from horse race; 94C:194C- Payments to contractors and sub-contractors; 94D:194D- Insurance commission; 4DA:194DA- Payment in respect of life insurance policy; 94E:194E- Payments to non-resident sportsmen or sports associations; 4EE:194EE- Payments in respect of deposits under National Savings; 4F:194F/94F- Payments on account of repurchase of units by Mutual Fund or Unit Trust of India; 4G:194G/94G- Commission, price, etc. on sale of lottery tickets; 4H:194H/94H- Commission or brokerage; 4-IA:194I(a)/4IA- Rent on hiring of plant and machinery;  4-IB:194I(b)/4IB - Rent on other than plant and machinery; 4IA:194IA/9IA- TDS on Sale of immovable property; 4IB:194IB/9IB- Payment of rent by certain individuals or Hindu undivided; 4IC:194IC- Payment under specified agreement; 94J-A:194J(a)/4JA - Fees for technical services; 94J-B:194J(b)/4JB- Fees for professional  services or royalty etc; 94K:194K- Income payable to a resident assessee in respect of units of a specified mutual fund or of the units of the Unit Trust of India; 4LA:194LA- Payment of compensation on acquisition of certain immovable; 4LB:194LB- Income by way of Interest from Infrastructure Debt fund; 4LC1:194LC/LC1- 194LC (2)(i) and (ia) Income under clause (i) and (ia) of sub-section (2) of section 194LC; 4LC2:194LC/LC2- 194LC (2)(ib) Income under clause (ib) of sub-section (2) of section 194LC; 4LC3:194LC/LC3- 194LC (2)(ic) Income under clause (ic) of sub-section (2) of section 194LC; 4BA1:194LBA(a)/BA1- Certain income in the form of interest from units of a business trust to a resident unit holder; 4BA2: 194LBA(b)/BA2- Certain income in the form of dividend from units of a business trust to a resident unit holder; LBA1:194LBA(a)/BA1- 194LBA(a) income referred to in section 10(23FC)(a) from units of a business trust-NR; LBA2:194LBA(b)/BA2-194LBA(b) Income referred to in section 10(23FC)(b) from units of a business trust-NR; LBA3:194LBA(c)/BA3- 194LBA(c) Income referred to in section 10(23FCA) from units of a business trust-NR; LBB: 194LBB- Income in respect of units of investment fund; 94R:194R- Benefits or perquisites of business or profession; 94S:194S- Payment of consideration for transfer of virtual digital asset by persons other than specified persons; 94B-P:Proviso to section 194B/4BP- Winnings from lotteries and crossword puzzles where consideration is made in kind or cash is not sufficient to meet the tax liability and tax has been paid before such winnings are released; 94R-P: First Proviso to sub-section(1) of section 194R/4RP- Benefits or perquisites of business or profession where such benefit is provided in kind or where part in cash is not sufficient to meet tax liability and tax required to be deducted is paid before such benefit is released; 94S-P:Proviso to sub- section(1) of section 194S/4SP- Payment for transfer of virtual digital asset where payment is in kind or in exchange of another virtual digital asset and tax required to be deducted is paid before such payment is released; LBC:194LBC- Income in respect of investment in securitization trust; 4LD:194LD- TDS on interest on bonds / government securities; 94M:194M- Payment of certain sums by certain individuals or HUF; 94N:194N- Payment of certain amounts in cash other than cases covered by first proviso or third proviso; 94N-F: 194N/4NF -First Proviso Payment of certain amounts in cash to non-filers except in case of co-operativesocieties; 94N-C:194N/4NC- Third Proviso Payment of certain amounts in cash to co-operative societies not covered by first proviso; 94N-FT: 194N/NFT- First Proviso read with Third Proviso Payment of certain amount in cash to non-filers being co-operative societies; 94O:194O- Payment of certain sums by e-commerce operator to e-commerce participant.; 94P: 194P- Deduction of tax in case of specified senior citizen; 94Q:194Q- Deduction of tax at source on payment of certain sum for purchase of goods; 195:195- Other sums payable to a non-resident; 96A:196A- Income in respect of units of non-residents; 96B:196B- Payments in respect of units to an offshore fund; 96C:196C- Income from foreign currency bonds or shares of Indian; 96D:196D- Income of foreign institutional investors from securities; 96DA:196D(1A)/6DA- Income of specified fund from securities; 94BA-P: 194BA(2)/BAP-Sub-section (2) of section 194BA Net Winnings from online games where the net winnings are made in kind or cash is not sufficient to meet the tax liability and tax has been paid before such net winnings are released; "
ITR.ITR4.ScheduleTDS3Dtls.TDS3Details[].TDSClaimed,integer,Y,"{""minimum"":0,""maximum"":99999999999999,""exclusiveMinimum"":false}",
ITR.ITR4.ScheduleTDS3Dtls.TDS3Details[].GrossAmount,integer,N,"{""minimum"":0,""maximum"":99999999999999,""exclusiveMinimum"":false}",
ITR.ITR4.ScheduleTDS3Dtls.TDS3Details[].HeadOfIncome,string,N,"{""enum"":[""HP"",""BP"",""OS"",""EI""]}",HP - Income from House Property; BP - Income from Business & Profession; OS - Income from Other Sources; EI - Exempt Income
ITR.ITR4.ScheduleTDS3Dtls.TDS3Details[].TDSCreditCarriedFwd,integer,Y,"{""minimum"":0,""maximum"":99999999999999,""exclusiveMinimum"":false}",
ITR.ITR4.ScheduleTDS3Dtls.TotalTDS3Details,integer,Y,"{""minimum"":0,""maximum"":99999999999999,""exclusiveMinimum"":false,""default"":0}",
