Full Path,Mandatory/Optional,Data Type,Structure,Constraints,Enum Values,Description,Ref,Array Info
ITR2,Mandatory,object,Nested Object,,,,ITR2,
ITR2.CreationInfo,Mandatory,object,Nested Object,,,This element will be used by third party vendors and intermediaries to give details of their software or JSON creation.,CreationInfo,
ITR2.CreationInfo.SWVersionNo,Mandatory,object,Nested Object,maxLength=10; minLength=1; default=1.0,,, (allOf: nonEmptyString),
ITR2.CreationInfo.SWCreatedBy,Mandatory,object,Nested Object,pattern=[S][W][0-9]{8},,, (allOf: nonEmptyString),
ITR2.CreationInfo.JSONCreatedBy,Mandatory,object,Nested Object,pattern=[S][W][0-9]{8},,, (allOf: nonEmptyString),
ITR2.CreationInfo.JSONCreationDate,Mandatory,string,Scalar,pattern=([12]\d{3}-(0[1-9]|1[0-2])-(0[1-9]|[12]\d|3[01])),,Date in YYYY-MM-DD format on or after 2026-04-01,,
ITR2.CreationInfo.IntermediaryCity,Mandatory,object,Nested Object,maxLength=25; minLength=1; default=Delhi,,, (allOf: nonEmptyString),
ITR2.CreationInfo.Digest,Mandatory,object,Nested Object,pattern=-|.{44},,, (allOf: nonEmptyString),
ITR2.Form_ITR2,Mandatory,object,Nested Object,,,,Form_ITR2,
ITR2.Form_ITR2.FormName,Mandatory,object,Nested Object,pattern=ITR-2,,, (allOf: nonEmptyString),
ITR2.Form_ITR2.Description,Mandatory,object,Nested Object,maxLength=100; minLength=1,,For Individuals and HUFs not having income from profits and gains of business or profession, (allOf: nonEmptyString),
ITR2.Form_ITR2.AssessmentYear,Mandatory,object,Nested Object,pattern=2026,,, (allOf: nonEmptyString),
ITR2.Form_ITR2.SchemaVer,Mandatory,object,Nested Object,pattern=Ver1.0; maxLength=10; minLength=1,,, (allOf: nonEmptyString),
ITR2.Form_ITR2.FormVer,Mandatory,object,Nested Object,pattern=Ver1.0; maxLength=10; minLength=1,,, (allOf: nonEmptyString),
ITR2.PartA_GEN1,Mandatory,object,Nested Object,,,General,PartA_GEN1,
ITR2.PartA_GEN1.PersonalInfo,Mandatory,object,Nested Object,,,Enter personal information,PersonalInfo,
ITR2.PartA_GEN1.PersonalInfo.AssesseeName,Mandatory,object,Nested Object,,,Assessee name with Surname mandatory,AssesseeName,
ITR2.PartA_GEN1.PersonalInfo.AssesseeName.FirstName,Optional,object,Nested Object,maxLength=25,,, (allOf: nonEmptyString),
ITR2.PartA_GEN1.PersonalInfo.AssesseeName.MiddleName,Optional,object,Nested Object,maxLength=25,,, (allOf: nonEmptyString),
ITR2.PartA_GEN1.PersonalInfo.AssesseeName.SurNameOrOrgName,Mandatory,object,Nested Object,maxLength=75; minLength=1,,Enter Last or Sur name for Individual or HUF name here, (allOf: nonEmptyString),
ITR2.PartA_GEN1.PersonalInfo.PAN,Mandatory,object,Nested Object,pattern=[A-Z]{5}[0-9]{4}[A-Z],,, (allOf: nonEmptyString),
ITR2.PartA_GEN1.PersonalInfo.Address,Mandatory,object,Nested Object,,,,Address,
ITR2.PartA_GEN1.PersonalInfo.Address.ResidenceNo,Mandatory,object,Nested Object,maxLength=50; minLength=1,,, (allOf: nonEmptyString),
ITR2.PartA_GEN1.PersonalInfo.Address.ResidenceName,Optional,object,Nested Object,maxLength=50,,, (allOf: nonEmptyString),
ITR2.PartA_GEN1.PersonalInfo.Address.RoadOrStreet,Optional,object,Nested Object,maxLength=50,,, (allOf: nonEmptyString),
ITR2.PartA_GEN1.PersonalInfo.Address.LocalityOrArea,Mandatory,object,Nested Object,maxLength=50; minLength=1,,, (allOf: nonEmptyString),
ITR2.PartA_GEN1.PersonalInfo.Address.CityOrTownOrDistrict,Mandatory,object,Nested Object,maxLength=50; minLength=1,,, (allOf: nonEmptyString),
ITR2.PartA_GEN1.PersonalInfo.Address.StateCode,Mandatory,object,Nested Object,,"01, 02, 03, 04, 05, 06, 07, 08, 09, 10, 11, 12, 13, 14, 15, 16, 17, 18, 19, 20 ... (+18 more)",01-Andaman and Nicobar islands; 02-Andhra Pradesh; 03-Arunachal Pradesh; 04-Assam; 05-Bihar; 06-Chandigarh; 07-Dadra Nagar and Haveli; 08-Daman and Diu; 09- Delhi; 10- Goa; 11-Gujarat; 12- Haryana; 13,StateCode (allOf: nonEmptyString),
ITR2.PartA_GEN1.PersonalInfo.Address.CountryCode,Mandatory,object,Nested Object,,"93, 1001, 355, 213, 684, 376, 244, 1264, 1010, 1268, 54, 374, 297, 61, 43, 994, 1242, 973, 880, 1246 ... (+230 more)",93:AFGHANISTAN; 1001:ÅLAND ISLANDS; 355:ALBANIA; 213:ALGERIA; 684:AMERICAN SAMOA; 376:ANDORRA; 244:ANGOLA; 1264:ANGUILLA; 1010:ANTARCTICA; 1268:ANTIGUA AND BARBUDA; 54:ARGENTINA; 374:ARMENIA; 297:ARUB,CountryCode (allOf: nonEmptyString),
ITR2.PartA_GEN1.PersonalInfo.Address.PinCode,Optional,integer,Scalar,pattern=[1-9]{1}[0-9]{5}; max=999999; min=100000,,,,
ITR2.PartA_GEN1.PersonalInfo.Address.ZipCode,Optional,object,Nested Object,maxLength=8,,, (allOf: nonEmptyString),
ITR2.PartA_GEN1.PersonalInfo.Address.Phone,Optional,object,Nested Object,,,,,
ITR2.PartA_GEN1.PersonalInfo.Address.CountryCodeMobile,Mandatory,integer,Scalar,"pattern=[0-9]{1,5}",,,,
ITR2.PartA_GEN1.PersonalInfo.Address.MobileNo,Mandatory,integer,Scalar,"pattern=[1-9]{1}[0-9]{9}|[1-9]{1}[0-9]{4,9}",,,,
ITR2.PartA_GEN1.PersonalInfo.Address.CountryCodeMobileNoSec,Optional,integer,Scalar,"pattern=[0-9]{1,5}",,,,
ITR2.PartA_GEN1.PersonalInfo.Address.MobileNoSec,Optional,integer,Scalar,"pattern=[1-9]{1}[0-9]{9}|[1-9]{1}[0-9]{4,9}",,,,
ITR2.PartA_GEN1.PersonalInfo.Address.EmailAddress,Mandatory,object,Nested Object,pattern=([\.a-zA-Z0-9_\-])+@([a-zA-Z0-9_\-])+(([a-zA-Z0-9_\-])*\.([a-zA-Z0-9_\-])+)+; maxLength=125; minLength=1,,, (allOf: nonEmptyString),
ITR2.PartA_GEN1.PersonalInfo.Address.EmailAddressSec,Optional,object,Nested Object,pattern=([\.a-zA-Z0-9_\-])+@([a-zA-Z0-9_\-])+(([a-zA-Z0-9_\-])*\.([a-zA-Z0-9_\-])+)+; maxLength=125,,, (allOf: nonEmptyString),
ITR2.PartA_GEN1.PersonalInfo.SecondaryAdd,Mandatory,string,Scalar,,"Y, N","Y: Yes, N : No",,
ITR2.PartA_GEN1.PersonalInfo.AlternateAddress,Optional,object,Nested Object,,,Alternate Address of assessee,AlternateAddress,
ITR2.PartA_GEN1.PersonalInfo.AlternateAddress.ResidenceNo,Mandatory,object,Nested Object,maxLength=50; minLength=1,,, (allOf: nonEmptyString),
ITR2.PartA_GEN1.PersonalInfo.AlternateAddress.ResidenceName,Optional,object,Nested Object,maxLength=50,,, (allOf: nonEmptyString),
ITR2.PartA_GEN1.PersonalInfo.AlternateAddress.RoadOrStreet,Optional,object,Nested Object,maxLength=50,,, (allOf: nonEmptyString),
ITR2.PartA_GEN1.PersonalInfo.AlternateAddress.LocalityOrArea,Mandatory,object,Nested Object,maxLength=50; minLength=1,,, (allOf: nonEmptyString),
ITR2.PartA_GEN1.PersonalInfo.AlternateAddress.CityOrTownOrDistrict,Mandatory,object,Nested Object,maxLength=50; minLength=1,,, (allOf: nonEmptyString),
ITR2.PartA_GEN1.PersonalInfo.AlternateAddress.StateCode,Mandatory,object,Nested Object,,"01, 02, 03, 04, 05, 06, 07, 08, 09, 10, 11, 12, 13, 14, 15, 16, 17, 18, 19, 20 ... (+18 more)",01-Andaman and Nicobar islands; 02-Andhra Pradesh; 03-Arunachal Pradesh; 04-Assam; 05-Bihar; 06-Chandigarh; 07-Dadra Nagar and Haveli; 08-Daman and Diu; 09- Delhi; 10- Goa; 11-Gujarat; 12- Haryana; 13,StateCode (allOf: nonEmptyString),
ITR2.PartA_GEN1.PersonalInfo.AlternateAddress.CountryCode,Optional,object,Nested Object,,"93, 1001, 355, 213, 684, 376, 244, 1264, 1010, 1268, 54, 374, 297, 61, 43, 994, 1242, 973, 880, 1246 ... (+230 more)",93:AFGHANISTAN; 1001:ÅLAND ISLANDS; 355:ALBANIA; 213:ALGERIA; 684:AMERICAN SAMOA; 376:ANDORRA; 244:ANGOLA; 1264:ANGUILLA; 1010:ANTARCTICA; 1268:ANTIGUA AND BARBUDA; 54:ARGENTINA; 374:ARMENIA; 297:ARUB,CountryCode (allOf: nonEmptyString),
ITR2.PartA_GEN1.PersonalInfo.AlternateAddress.PinCode,Optional,integer,Scalar,pattern=[1-9]{1}[0-9]{5}; max=999999; min=100000,,,,
ITR2.PartA_GEN1.PersonalInfo.AlternateAddress.ZipCode,Optional,string,Scalar,maxLength=8,,,,
ITR2.PartA_GEN1.PersonalInfo.DOB,Mandatory,string,Scalar,pattern=([12]\d{3}-(0[1-9]|1[0-2])-(0[1-9]|[12]\d|3[01])),,Date of birth of Assessee - On or before 2026-03-31,,
ITR2.PartA_GEN1.PersonalInfo.Status,Mandatory,string,Scalar,,"I, H",I - Individual; H - HUF,,
ITR2.PartA_GEN1.PersonalInfo.AadhaarCardNo,Optional,object,Nested Object,pattern=[0-9]{12},,, (allOf: nonEmptyString),
ITR2.PartA_GEN1.FilingStatus,Mandatory,object,Nested Object,,,,FilingStatus,
ITR2.PartA_GEN1.FilingStatus.ReturnFileSec,Mandatory,integer,Scalar,max=20; min=11; default=11,"11, 12, 13, 14, 16, 17, 18, 19, 20",11 - 139(1)-On or before due date; 12 - 139(4)-After due date; 13 - 142(1); 14 - 148;16 : 153C; 17 - 139(5)-Revised Return; 18 - 139(9); 19 - 92CD-Modified return; 20 - 119(2)(b)-after condonation of ,,
ITR2.PartA_GEN1.FilingStatus.OptOutNewTaxRegime,Mandatory,object,Nested Object,pattern=Y|N; default=N,,, (allOf: nonEmptyString),
ITR2.PartA_GEN1.FilingStatus.SeventhProvisio139,Mandatory,object,Nested Object,pattern=Y|N,,, (allOf: nonEmptyString),
ITR2.PartA_GEN1.FilingStatus.DepAmtAggAmtExcd1CrPrYrFlg,Optional,object,Nested Object,pattern=Y|N,,, (allOf: nonEmptyString),
ITR2.PartA_GEN1.FilingStatus.AmtSeventhProvisio139i,Optional,integer,Scalar,max=99999999999999; min=10000000,,,,
ITR2.PartA_GEN1.FilingStatus.IncrExpAggAmt2LkTrvFrgnCntryFlg,Optional,object,Nested Object,pattern=Y|N,,, (allOf: nonEmptyString),
ITR2.PartA_GEN1.FilingStatus.AmtSeventhProvisio139ii,Optional,integer,Scalar,max=99999999999999; min=200000,,,,
ITR2.PartA_GEN1.FilingStatus.IncrExpAggAmt1LkElctrctyPrYrFlg,Optional,object,Nested Object,pattern=Y|N,,, (allOf: nonEmptyString),
ITR2.PartA_GEN1.FilingStatus.AmtSeventhProvisio139iii,Optional,integer,Scalar,max=99999999999999; min=100000,,,,
ITR2.PartA_GEN1.FilingStatus.clauseiv7provisio139i,Optional,object,Nested Object,pattern=Y|N,,, (allOf: nonEmptyString),
ITR2.PartA_GEN1.FilingStatus.clauseiv7provisio139iDtls,Optional,array,Array,,,,,items: object
ITR2.PartA_GEN1.FilingStatus.clauseiv7provisio139iDtls[].clauseiv7provisio139iNature,Mandatory,string,Scalar,,"1, 2","1 - the aggregate of tax deducted at source and tax collected at source during the previous year, in the case of the person, is twenty-five thousand rupees (fifty-thousand for resident senior citizen)",,
ITR2.PartA_GEN1.FilingStatus.clauseiv7provisio139iDtls[].clauseiv7provisio139iAmount,Mandatory,integer,Scalar,max=99999999999999; min=0,,,,
ITR2.PartA_GEN1.FilingStatus.NoticeNo,Optional,object,Nested Object,maxLength=100,,, (allOf: nonEmptyString),
ITR2.PartA_GEN1.FilingStatus.NoticeDate,Optional,string,Scalar,pattern=([12]\d{3}-(0[1-9]|1[0-2])-(0[1-9]|[12]\d|3[01])),,Enter date when the notice was issued to the assessee in YYYY-MM-DD format,,
ITR2.PartA_GEN1.FilingStatus.ReceiptNo,Optional,string,Scalar,pattern=[0-9]{15},,Enter Acknowledgment No. of Original return,,
ITR2.PartA_GEN1.FilingStatus.OrigRetFiledDate,Optional,string,Scalar,pattern=([12]\d{3}-(0[1-9]|1[0-2])-(0[1-9]|[12]\d|3[01])),,Enter Date of filing of Original return in YYYY-MM-DD format,,
ITR2.PartA_GEN1.FilingStatus.ResidentialStatus,Mandatory,object,Nested Object,,"RES, NRI, NOR",RES - Resident; NRI - Non Resident; NOR - Resident but not Ordinarily resident, (allOf: nonEmptyString),
ITR2.PartA_GEN1.FilingStatus.ConditionsResStatus,Optional,object,Nested Object,,"1, 2, 3, 4, 5, 6, 7, 8, 9","1 : You were in India for 182 days or more during the previous year [section 6(1)(a)]; 2 : You were in India for 60 days or more during the previous year, and have been in India for 365 days or more w", (allOf: nonEmptyString),
ITR2.PartA_GEN1.FilingStatus.JurisdictionResPrevYr,Optional,object,Nested Object,,,,,
ITR2.PartA_GEN1.FilingStatus.TotalPrStayIndiaPrevYr,Optional,integer,Scalar,max=365; min=0,,,,
ITR2.PartA_GEN1.FilingStatus.TotalPrStayIndia4PrecYr,Optional,integer,Scalar,max=1461; min=0,,,,
ITR2.PartA_GEN1.FilingStatus.BenefitUs115HFlg,Optional,object,Nested Object,,"Y, N",Y-YES; N-NO, (allOf: nonEmptyString),
ITR2.PartA_GEN1.FilingStatus.AsseseeRepFlg,Optional,object,Nested Object,,"Y, N",Y - Yes; N - No, (allOf: nonEmptyString),
ITR2.PartA_GEN1.FilingStatus.AssesseeRep,Optional,object,Nested Object,,,Assessee representative,AssesseeRep,
ITR2.PartA_GEN1.FilingStatus.AssesseeRep.RepName,Mandatory,object,Nested Object,maxLength=125; minLength=1,,, (allOf: nonEmptyString),
ITR2.PartA_GEN1.FilingStatus.AssesseeRep.RepEmailID,Mandatory,object,Nested Object,pattern=([\.a-zA-Z0-9_\-])+@([a-zA-Z0-9_\-])+(([a-zA-Z0-9_\-])*\.([a-zA-Z0-9_\-])+)+; maxLength=125,,Email-id of the representative, (allOf: nonEmptyString),
ITR2.PartA_GEN1.FilingStatus.AssesseeRep.CountryCodeRepMobileNo,Mandatory,integer,Scalar,"pattern=[0-9]{1,5}",,,,
ITR2.PartA_GEN1.FilingStatus.AssesseeRep.RepMobileNo,Mandatory,integer,Scalar,"pattern=[1-9]{1}[0-9]{9}|[1-9]{1}[0-9]{4,9}",,,,
ITR2.PartA_GEN1.FilingStatus.PortugeseCC5A,Optional,object,Nested Object,,"Y, N",Y - Yes; N - No, (allOf: nonEmptyString),
ITR2.PartA_GEN1.FilingStatus.FiiFpiFlag,Mandatory,object,Nested Object,,"Y, N",Whether you are an FII/FPI?; Y - Yes; N - No, (allOf: nonEmptyString),
ITR2.PartA_GEN1.FilingStatus.SebiRegnNo,Optional,object,Nested Object,pattern=IN[a-zA-Z]{2}FP[0-9]{6},,"if above field is selected as yes, provide SEBI Registration Number.", (allOf: nonEmptyString),
ITR2.PartA_GEN1.FilingStatus.CompDirectorPrvYrFlg,Optional,object,Nested Object,,"Y, N",Y - Yes; N - No, (allOf: nonEmptyString),
ITR2.PartA_GEN1.FilingStatus.CompDirectorPrvYr,Optional,object,Nested Object,,,,,
ITR2.PartA_GEN1.FilingStatus.HeldUnlistedEqShrPrYrFlg,Mandatory,object,Nested Object,,"Y, N",Y - Yes; N - No, (allOf: nonEmptyString),
ITR2.PartA_GEN1.FilingStatus.HeldUnlistedEqShrPrYr,Optional,object,Nested Object,,,,,
ITR2.PartA_GEN1.FilingStatus.LEIDtls,Optional,object,Nested Object,,,,,
ITR2.PartA_GEN1.FilingStatus.ItrFilingDueDate,Mandatory,object,Nested Object,pattern=2026-07-31; maxLength=10; minLength=9,,, (allOf: nonEmptyString),
ITR2.ScheduleS,Optional,object,Nested Object,,,Details of Income from salary,ScheduleS,
ITR2.ScheduleS.Salaries,Optional,array,Array,minItems=1,,,,items: object
ITR2.ScheduleS.Salaries[].NameOfEmployer,Mandatory,object,Nested Object,maxLength=125; minLength=1,,Name of the employer, (allOf: nonEmptyString),
ITR2.ScheduleS.Salaries[].NatureOfEmployment,Mandatory,string,Scalar,,"CGOV, SGOV, PSU, PE, PESG, PEPS, PEO, OTH","CGOV:Central Government; SGOV:State Government; PSU:Public Sector Unit; PE:Pensioners - Central Government, PESG:Pensioners - State Government, PEPS:Pensioners - Public sector undertaking, PEO:Pension",,
ITR2.ScheduleS.Salaries[].TANofEmployer,Optional,object,Nested Object,pattern=[A-Z]{4}[0-9]{5}[A-Z],,, (allOf: nonEmptyString),
ITR2.ScheduleS.Salaries[].AddressDetail,Mandatory,object,Nested Object,,,,AddressDetail,
ITR2.ScheduleS.Salaries[].AddressDetail.AddrDetail,Mandatory,object,Nested Object,maxLength=200; minLength=1,,, (allOf: nonEmptyString),
ITR2.ScheduleS.Salaries[].AddressDetail.CityOrTownOrDistrict,Mandatory,object,Nested Object,maxLength=50; minLength=1,,, (allOf: nonEmptyString),
ITR2.ScheduleS.Salaries[].AddressDetail.StateCode,Mandatory,object,Nested Object,,"01, 02, 03, 04, 05, 06, 07, 08, 09, 10, 11, 12, 13, 14, 15, 16, 17, 18, 19, 20 ... (+18 more)",01-Andaman and Nicobar islands; 02-Andhra Pradesh; 03-Arunachal Pradesh; 04-Assam; 05-Bihar; 06-Chandigarh; 07-Dadra Nagar and Haveli; 08-Daman and Diu; 09- Delhi; 10- Goa; 11-Gujarat; 12- Haryana; 13,StateCode (allOf: nonEmptyString),
ITR2.ScheduleS.Salaries[].AddressDetail.PinCode,Optional,integer,Scalar,pattern=[1-9]{1}[0-9]{5}; max=999999; min=100000,,,,
ITR2.ScheduleS.Salaries[].AddressDetail.ZipCode,Optional,object,Nested Object,maxLength=8,,, (allOf: nonEmptyString),
ITR2.ScheduleS.Salaries[].Salarys,Mandatory,object,Nested Object,,,,,
ITR2.ScheduleS.TotalGrossSalary,Mandatory,integer,Scalar,max=99999999999999; min=0; default=0,,,,
ITR2.ScheduleS.AllwncExtentExemptUs10,Mandatory,integer,Scalar,max=99999999999999; min=0; default=0,,,,
ITR2.ScheduleS.AllwncExemptUs10,Optional,object,Nested Object,,,,,
ITR2.ScheduleS.Section10_13A,Optional,object,Nested Object,,,,,
ITR2.ScheduleS.Increliefus89A,Optional,integer,Scalar,max=99999999999999; min=0,,,,
ITR2.ScheduleS.NetSalary,Mandatory,integer,Scalar,max=99999999999999; min=0; default=0,,,,
ITR2.ScheduleS.DeductionUS16,Mandatory,integer,Scalar,max=99999999999999; min=0; default=0,,,,
ITR2.ScheduleS.DeductionUnderSection16ia,Mandatory,integer,Scalar,max=75000; min=0; default=0,,,,
ITR2.ScheduleS.EntertainmntalwncUs16ii,Mandatory,integer,Scalar,max=5000; min=0; default=0,,,,
ITR2.ScheduleS.ProfessionalTaxUs16iii,Mandatory,integer,Scalar,max=5000; min=0; default=0,,,,
ITR2.ScheduleS.TotIncUnderHeadSalaries,Mandatory,integer,Scalar,max=99999999999999; min=0; default=0,,,,
ITR2.ScheduleHP,Optional,object,Nested Object,,,Income from house property,ScheduleHP,
ITR2.ScheduleHP.PropertyDetails,Optional,array,Array,,,,,items: object
ITR2.ScheduleHP.PropertyDetails[].HPSNo,Mandatory,integer,Scalar,max=99999999999999; min=-99999999999999,,,,
ITR2.ScheduleHP.PropertyDetails[].AddressDetailWithZipCode,Mandatory,object,Nested Object,,,,AddressDetailWithZipCode,
ITR2.ScheduleHP.PropertyDetails[].AddressDetailWithZipCode.AddrDetail,Mandatory,object,Nested Object,maxLength=200; minLength=1,,, (allOf: nonEmptyString),
ITR2.ScheduleHP.PropertyDetails[].AddressDetailWithZipCode.CityOrTownOrDistrict,Mandatory,object,Nested Object,maxLength=50; minLength=1,,, (allOf: nonEmptyString),
ITR2.ScheduleHP.PropertyDetails[].AddressDetailWithZipCode.StateCode,Mandatory,object,Nested Object,,"01, 02, 03, 04, 05, 06, 07, 08, 09, 10, 11, 12, 13, 14, 15, 16, 17, 18, 19, 20 ... (+18 more)",01-Andaman and Nicobar islands; 02-Andhra Pradesh; 03-Arunachal Pradesh; 04-Assam; 05-Bihar; 06-Chandigarh; 07-Dadra Nagar and Haveli; 08-Daman and Diu; 09- Delhi; 10- Goa; 11-Gujarat; 12- Haryana; 13,StateCode (allOf: nonEmptyString),
ITR2.ScheduleHP.PropertyDetails[].AddressDetailWithZipCode.CountryCode,Mandatory,object,Nested Object,,"93, 1001, 355, 213, 684, 376, 244, 1264, 1010, 1268, 54, 374, 297, 61, 43, 994, 1242, 973, 880, 1246 ... (+230 more)",93:AFGHANISTAN; 1001:ÅLAND ISLANDS; 355:ALBANIA; 213:ALGERIA; 684:AMERICAN SAMOA; 376:ANDORRA; 244:ANGOLA; 1264:ANGUILLA; 1010:ANTARCTICA; 1268:ANTIGUA AND BARBUDA; 54:ARGENTINA; 374:ARMENIA; 297:ARUB,CountryCode (allOf: nonEmptyString),
ITR2.ScheduleHP.PropertyDetails[].AddressDetailWithZipCode.PinCode,Optional,integer,Scalar,pattern=[1-9]{1}[0-9]{5}; max=999999; min=100000,,,,
ITR2.ScheduleHP.PropertyDetails[].AddressDetailWithZipCode.ZipCode,Optional,object,Nested Object,maxLength=8,,, (allOf: nonEmptyString),
ITR2.ScheduleHP.PropertyDetails[].PropertyOwner,Mandatory,object,Nested Object,,"SE, MI, SP, OT",SE - Self; MI - Minor; SP - Spouse; OT - Others, (allOf: nonEmptyString),
ITR2.ScheduleHP.PropertyDetails[].PropertyOwnerOther,Optional,object,Nested Object,maxLength=50,,, (allOf: nonEmptyString),
ITR2.ScheduleHP.PropertyDetails[].PropCoOwnedFlg,Mandatory,object,Nested Object,,"YES, NO",Property co-owned by other than the taxpayer (if please enter following details), (allOf: nonEmptyString),
ITR2.ScheduleHP.PropertyDetails[].AsseseeShareProperty,Mandatory,number,Scalar,max=100; min=0; multipleOf=0.01; default=0,,,,
ITR2.ScheduleHP.PropertyDetails[].CoOwners,Optional,array,Array,,,,,items: object
ITR2.ScheduleHP.PropertyDetails[].CoOwners[].CoOwnersSNo,Mandatory,integer,Scalar,max=99999999999999; min=-99999999999999,,,,
ITR2.ScheduleHP.PropertyDetails[].CoOwners[].NameCoOwner,Mandatory,object,Nested Object,maxLength=125; minLength=1,,, (allOf: nonEmptyString),
ITR2.ScheduleHP.PropertyDetails[].CoOwners[].PAN_CoOwner,Optional,object,Nested Object,pattern=[A-Z]{5}[0-9]{4}[A-Z],,, (allOf: nonEmptyString),
ITR2.ScheduleHP.PropertyDetails[].CoOwners[].Aadhaar_CoOwner,Optional,object,Nested Object,pattern=[0-9]{12},,, (allOf: nonEmptyString),
ITR2.ScheduleHP.PropertyDetails[].CoOwners[].PercentShareProperty,Optional,number,Scalar,max=100; min=0; multipleOf=0.01,,,,
ITR2.ScheduleHP.PropertyDetails[].ifLetOut,Mandatory,object,Nested Object,default=Y,"L, D, S",L - Let Out; D - Deemed let out; S - Self Occupied, (allOf: nonEmptyString),
ITR2.ScheduleHP.PropertyDetails[].TenantDetails,Optional,array,Array,,,,,items: object
ITR2.ScheduleHP.PropertyDetails[].TenantDetails[].TenantSNo,Mandatory,integer,Scalar,max=99999999999999; min=-99999999999999,,,,
ITR2.ScheduleHP.PropertyDetails[].TenantDetails[].NameofTenant,Mandatory,object,Nested Object,maxLength=125; minLength=1,,, (allOf: nonEmptyString),
ITR2.ScheduleHP.PropertyDetails[].TenantDetails[].PANofTenant,Optional,object,Nested Object,pattern=[A-Z]{5}[0-9]{4}[A-Z],,, (allOf: nonEmptyString),
ITR2.ScheduleHP.PropertyDetails[].TenantDetails[].AadhaarofTenant,Optional,object,Nested Object,pattern=[0-9]{12},,, (allOf: nonEmptyString),
ITR2.ScheduleHP.PropertyDetails[].TenantDetails[].PANTANofTenant,Optional,object,Nested Object,pattern=[A-Z]{4}[0-9]{5}[A-Z]|[A-Z]{5}[0-9]{4}[A-Z],,, (allOf: nonEmptyString),
ITR2.ScheduleHP.PropertyDetails[].Rentdetails,Mandatory,object,Nested Object,,,Rent Details,Rentdetails,
ITR2.ScheduleHP.PropertyDetails[].Rentdetails.AnnualLetableValue,Mandatory,integer,Scalar,max=99999999999999; min=0; default=0,,,,
ITR2.ScheduleHP.PropertyDetails[].Rentdetails.RentNotRealized,Optional,integer,Scalar,max=99999999999999; min=0; default=0,,,,
ITR2.ScheduleHP.PropertyDetails[].Rentdetails.LocalTaxes,Optional,integer,Scalar,max=99999999999999; min=0; default=0,,,,
ITR2.ScheduleHP.PropertyDetails[].Rentdetails.TotalUnrealizedAndTax,Mandatory,integer,Scalar,max=99999999999999; min=0; default=0,,,,
ITR2.ScheduleHP.PropertyDetails[].Rentdetails.BalanceALV,Mandatory,integer,Scalar,max=99999999999999; min=0; default=0,,,,
ITR2.ScheduleHP.PropertyDetails[].Rentdetails.AnnualOfPropOwned,Mandatory,integer,Scalar,max=99999999999999; default=0,,,,
ITR2.ScheduleHP.PropertyDetails[].Rentdetails.ThirtyPercentOfBalance,Mandatory,integer,Scalar,max=99999999999999; min=0; default=0,,,,
ITR2.ScheduleHP.PropertyDetails[].Rentdetails.IntOnBorwCap,Optional,integer,Scalar,max=99999999999999; min=0; default=0,,Interest payable on borrowed capital,,
ITR2.ScheduleHP.PropertyDetails[].Rentdetails.Section24B,Optional,object,Nested Object,,,,,
ITR2.ScheduleHP.PropertyDetails[].Rentdetails.TotalDeduct,Mandatory,integer,Scalar,max=99999999999999; min=0; default=0,,Interest plus 30% of annual value,,
ITR2.ScheduleHP.PropertyDetails[].Rentdetails.ArrearsUnrealizedRentRcvd,Optional,integer,Scalar,max=99999999999999; min=0; default=0,,,,
ITR2.ScheduleHP.PropertyDetails[].Rentdetails.IncomeOfHP,Mandatory,integer,Scalar,max=99999999999999; min=-99999999999999; default=0,,,,
ITR2.ScheduleHP.PassThroghIncome,Optional,integer,Scalar,max=99999999999999; min=-99999999999999,,,,
ITR2.ScheduleHP.TotalIncomeChargeableUnHP,Mandatory,integer,Scalar,max=99999999999999; min=-99999999999999; default=0,,House Property income,,
ITR2.ScheduleCGFor23,Optional,object,Nested Object,,,,ScheduleCGFor23,
ITR2.ScheduleCGFor23.ShortTermCapGainFor23,Mandatory,object,Nested Object,,,,ShortTermCapGainFor23,
ITR2.ScheduleCGFor23.ShortTermCapGainFor23.SaleofLandBuild,Optional,object,Nested Object,,,,,
ITR2.ScheduleCGFor23.ShortTermCapGainFor23.EquityMFonSTT,Optional,array,Array,maxItems=2,,,,items: object
ITR2.ScheduleCGFor23.ShortTermCapGainFor23.NRITransacSec48Dtl,Mandatory,object,Nested Object,,,,,
ITR2.ScheduleCGFor23.ShortTermCapGainFor23.NRISecur115AD,Mandatory,object,Nested Object,,,,EquityOrUnitSec94Type,
ITR2.ScheduleCGFor23.ShortTermCapGainFor23.NRISecur115AD.FullValueConsdRecvUnqshr,Mandatory,integer,Scalar,max=99999999999999; min=0,,,FullValueConsdRecvUnqshr,
ITR2.ScheduleCGFor23.ShortTermCapGainFor23.NRISecur115AD.FairMrktValueUnqshr,Mandatory,integer,Scalar,max=99999999999999; min=0,,,FairMrktValueUnqshr,
ITR2.ScheduleCGFor23.ShortTermCapGainFor23.NRISecur115AD.FullValueConsdSec50CA,Mandatory,integer,Scalar,max=99999999999999; min=0,,,FullValueConsdSec50CA,
ITR2.ScheduleCGFor23.ShortTermCapGainFor23.NRISecur115AD.FullValueConsdOthUnqshr,Mandatory,integer,Scalar,max=99999999999999; min=0,,,FullValueConsdOthUnqshr,
ITR2.ScheduleCGFor23.ShortTermCapGainFor23.NRISecur115AD.FullConsideration,Mandatory,integer,Scalar,max=99999999999999; min=0,,,FullConsideration,
ITR2.ScheduleCGFor23.ShortTermCapGainFor23.NRISecur115AD.DeductSec48,Mandatory,object,Nested Object,,,,DeductSec48,
ITR2.ScheduleCGFor23.ShortTermCapGainFor23.NRISecur115AD.DeductSec48.AquisitCost,Mandatory,integer,Scalar,max=99999999999999; min=0; default=0,,,,
ITR2.ScheduleCGFor23.ShortTermCapGainFor23.NRISecur115AD.DeductSec48.ImproveCost,Mandatory,integer,Scalar,max=99999999999999; min=0; default=0,,,,
ITR2.ScheduleCGFor23.ShortTermCapGainFor23.NRISecur115AD.DeductSec48.ExpOnTrans,Mandatory,integer,Scalar,max=99999999999999; min=0; default=0,,,,
ITR2.ScheduleCGFor23.ShortTermCapGainFor23.NRISecur115AD.DeductSec48.TotalDedn,Mandatory,integer,Scalar,max=99999999999999; min=0; default=0,,,,
ITR2.ScheduleCGFor23.ShortTermCapGainFor23.NRISecur115AD.BalanceCG,Mandatory,integer,Scalar,max=99999999999999,,,BalanceCG,
ITR2.ScheduleCGFor23.ShortTermCapGainFor23.NRISecur115AD.LossSec94of7Or94of8,Mandatory,integer,Scalar,max=99999999999999; min=0,,,,
ITR2.ScheduleCGFor23.ShortTermCapGainFor23.NRISecur115AD.CapgainonAssets,Mandatory,integer,Scalar,max=99999999999999; min=-99999999999999,,,CapgainonAssets,
ITR2.ScheduleCGFor23.ShortTermCapGainFor23.SaleOnOtherAssets,Mandatory,object,Nested Object,,,,EquityOrUnitSec94Type,
ITR2.ScheduleCGFor23.ShortTermCapGainFor23.SaleOnOtherAssets.FullValueConsdRecvUnqshr,Mandatory,integer,Scalar,max=99999999999999; min=0,,,FullValueConsdRecvUnqshr,
ITR2.ScheduleCGFor23.ShortTermCapGainFor23.SaleOnOtherAssets.FairMrktValueUnqshr,Mandatory,integer,Scalar,max=99999999999999; min=0,,,FairMrktValueUnqshr,
ITR2.ScheduleCGFor23.ShortTermCapGainFor23.SaleOnOtherAssets.FullValueConsdSec50CA,Mandatory,integer,Scalar,max=99999999999999; min=0,,,FullValueConsdSec50CA,
ITR2.ScheduleCGFor23.ShortTermCapGainFor23.SaleOnOtherAssets.FullValueConsdOthUnqshr,Mandatory,integer,Scalar,max=99999999999999; min=0,,,FullValueConsdOthUnqshr,
ITR2.ScheduleCGFor23.ShortTermCapGainFor23.SaleOnOtherAssets.FullConsideration,Mandatory,integer,Scalar,max=99999999999999; min=0,,,FullConsideration,
ITR2.ScheduleCGFor23.ShortTermCapGainFor23.SaleOnOtherAssets.DeductSec48,Mandatory,object,Nested Object,,,,DeductSec48,
ITR2.ScheduleCGFor23.ShortTermCapGainFor23.SaleOnOtherAssets.DeductSec48.AquisitCost,Mandatory,integer,Scalar,max=99999999999999; min=0; default=0,,,,
ITR2.ScheduleCGFor23.ShortTermCapGainFor23.SaleOnOtherAssets.DeductSec48.ImproveCost,Mandatory,integer,Scalar,max=99999999999999; min=0; default=0,,,,
ITR2.ScheduleCGFor23.ShortTermCapGainFor23.SaleOnOtherAssets.DeductSec48.ExpOnTrans,Mandatory,integer,Scalar,max=99999999999999; min=0; default=0,,,,
ITR2.ScheduleCGFor23.ShortTermCapGainFor23.SaleOnOtherAssets.DeductSec48.TotalDedn,Mandatory,integer,Scalar,max=99999999999999; min=0; default=0,,,,
ITR2.ScheduleCGFor23.ShortTermCapGainFor23.SaleOnOtherAssets.BalanceCG,Mandatory,integer,Scalar,max=99999999999999,,,BalanceCG,
ITR2.ScheduleCGFor23.ShortTermCapGainFor23.SaleOnOtherAssets.LossSec94of7Or94of8,Mandatory,integer,Scalar,max=99999999999999; min=0,,,,
ITR2.ScheduleCGFor23.ShortTermCapGainFor23.SaleOnOtherAssets.CapgainonAssets,Mandatory,integer,Scalar,max=99999999999999; min=-99999999999999,,,CapgainonAssets,
ITR2.ScheduleCGFor23.ShortTermCapGainFor23.UnutilizedStcgFlag,Optional,object,Nested Object,,"Y, N, X",Y - Yes; N - No; X - Not Applicable, (allOf: nonEmptyString),
ITR2.ScheduleCGFor23.ShortTermCapGainFor23.UnutilizedCg,Optional,object,Nested Object,,,,UnutilizedCgPrvYrStcg,
ITR2.ScheduleCGFor23.ShortTermCapGainFor23.UnutilizedCg.UnutilizedCgPrvYrDtls,Optional,array,Array,minItems=1,,,,items: object
ITR2.ScheduleCGFor23.ShortTermCapGainFor23.AmtDeemedStcg,Optional,integer,Scalar,max=99999999999999; min=0,,,,
ITR2.ScheduleCGFor23.ShortTermCapGainFor23.TotalAmtDeemedStcg,Mandatory,integer,Scalar,max=99999999999999; min=0,,,,
ITR2.ScheduleCGFor23.ShortTermCapGainFor23.PassThrIncNatureSTCG,Mandatory,integer,Scalar,max=99999999999999; default=0,,,,
ITR2.ScheduleCGFor23.ShortTermCapGainFor23.PassThrIncNatureSTCG20Per,Optional,integer,Scalar,max=99999999999999; min=-99999999999999,,,,
ITR2.ScheduleCGFor23.ShortTermCapGainFor23.PassThrIncNatureSTCG30Per,Optional,integer,Scalar,max=99999999999999; min=-99999999999999,,,,
ITR2.ScheduleCGFor23.ShortTermCapGainFor23.PassThrIncNatureSTCGAppRate,Optional,integer,Scalar,max=99999999999999; min=-99999999999999,,,,
ITR2.ScheduleCGFor23.ShortTermCapGainFor23.NRICgDTAA,Optional,object,Nested Object,,,,NRITaxUsDTAAStcgType,
ITR2.ScheduleCGFor23.ShortTermCapGainFor23.NRICgDTAA.NRIDTAADtls,Optional,array,Array,minItems=1,,,,items: object
ITR2.ScheduleCGFor23.ShortTermCapGainFor23.TotalAmtNotTaxUsDTAAStcg,Mandatory,integer,Scalar,max=99999999999999; min=-99999999999999,,,,
ITR2.ScheduleCGFor23.ShortTermCapGainFor23.TotalAmtTaxUsDTAAStcg,Mandatory,integer,Scalar,max=99999999999999; min=-99999999999999,,,,
ITR2.ScheduleCGFor23.ShortTermCapGainFor23.CapitalLossBuyBackShares,Optional,object,Nested Object,,,,,
ITR2.ScheduleCGFor23.ShortTermCapGainFor23.TotalSTCG,Mandatory,integer,Scalar,max=99999999999999; min=-99999999999999,,,,
ITR2.ScheduleCGFor23.LongTermCapGain23,Mandatory,object,Nested Object,,,,LongTermCapGain23,
ITR2.ScheduleCGFor23.LongTermCapGain23.SaleofLandBuild,Optional,object,Nested Object,,,,,
ITR2.ScheduleCGFor23.LongTermCapGain23.Proviso112Applicable,Optional,array,Array,maxItems=2,,,,items: object
ITR2.ScheduleCGFor23.LongTermCapGain23.SaleOfEquityShareUs112A,Mandatory,object,Nested Object,,,,EquityShareUs112A,
ITR2.ScheduleCGFor23.LongTermCapGain23.SaleOfEquityShareUs112A.BalanceCG,Mandatory,integer,Scalar,max=99999999999999,,,BalanceCG,
ITR2.ScheduleCGFor23.LongTermCapGain23.SaleOfEquityShareUs112A.DeductionUs54F,Mandatory,integer,Scalar,max=100000000; min=0,,,,
ITR2.ScheduleCGFor23.LongTermCapGain23.SaleOfEquityShareUs112A.CapgainonAssets,Mandatory,integer,Scalar,max=99999999999999; min=-99999999999999,,,CapgainonAssets,
ITR2.ScheduleCGFor23.LongTermCapGain23.NRIProvisoSec48,Optional,object,Nested Object,,,,NRIProvisoSec48,
ITR2.ScheduleCGFor23.LongTermCapGain23.NRIProvisoSec48.LTCGWithoutBenefit,Mandatory,integer,Scalar,max=99999999999999; min=-99999999999999,,,,
ITR2.ScheduleCGFor23.LongTermCapGain23.NRIProvisoSec48.DeductionUs54F,Mandatory,integer,Scalar,max=100000000; min=0,,,,
ITR2.ScheduleCGFor23.LongTermCapGain23.NRIProvisoSec48.BalanceCG,Mandatory,integer,Scalar,max=99999999999999,,,BalanceCG,
ITR2.ScheduleCGFor23.LongTermCapGain23.NRIOnSec112and115,Optional,object,Nested Object,,,,,
ITR2.ScheduleCGFor23.LongTermCapGain23.NRISaleOfEquityShareUs112A,Mandatory,object,Nested Object,,,,EquityShareUs112A,
ITR2.ScheduleCGFor23.LongTermCapGain23.NRISaleOfEquityShareUs112A.BalanceCG,Mandatory,integer,Scalar,max=99999999999999,,,BalanceCG,
ITR2.ScheduleCGFor23.LongTermCapGain23.NRISaleOfEquityShareUs112A.DeductionUs54F,Mandatory,integer,Scalar,max=100000000; min=0,,,,
ITR2.ScheduleCGFor23.LongTermCapGain23.NRISaleOfEquityShareUs112A.CapgainonAssets,Mandatory,integer,Scalar,max=99999999999999; min=-99999999999999,,,CapgainonAssets,
ITR2.ScheduleCGFor23.LongTermCapGain23.NRISaleofForeignAsset,Mandatory,object,Nested Object,,,,NRISaleofForeignAsset,
ITR2.ScheduleCGFor23.LongTermCapGain23.NRISaleofForeignAsset.SaleonSpecAsset,Mandatory,integer,Scalar,max=99999999999999; min=-99999999999999,,,,
ITR2.ScheduleCGFor23.LongTermCapGain23.NRISaleofForeignAsset.DednSpecAssetus115,Mandatory,integer,Scalar,max=99999999999999; min=0,,,,
ITR2.ScheduleCGFor23.LongTermCapGain23.NRISaleofForeignAsset.BalonSpeciAsset,Mandatory,integer,Scalar,max=99999999999999; min=-99999999999999,,,,
ITR2.ScheduleCGFor23.LongTermCapGain23.SaleofAssetNADtls,Mandatory,object,Nested Object,,,,,
ITR2.ScheduleCGFor23.LongTermCapGain23.UnutilizedLtcgFlag,Optional,object,Nested Object,,"Y, N, X",Y - Yes; N - No; X - Not Applicable, (allOf: nonEmptyString),
ITR2.ScheduleCGFor23.LongTermCapGain23.UnutilizedCg,Optional,object,Nested Object,,,,UnutilizedCgPrvYrLtcg,
ITR2.ScheduleCGFor23.LongTermCapGain23.UnutilizedCg.UnutilizedCgPrvYrDtls,Optional,array,Array,minItems=1,,,,items: object
ITR2.ScheduleCGFor23.LongTermCapGain23.AmtDeemedLtcg,Optional,integer,Scalar,max=99999999999999; min=0,,,,
ITR2.ScheduleCGFor23.LongTermCapGain23.TotalAmtDeemedLtcg,Mandatory,integer,Scalar,max=99999999999999; min=0,,,,
ITR2.ScheduleCGFor23.LongTermCapGain23.PassThrIncNatureLTCG,Mandatory,integer,Scalar,max=99999999999999; min=-99999999999999,,,,
ITR2.ScheduleCGFor23.LongTermCapGain23.PassThrIncNatureLTCGUs112A12_5Per,Optional,integer,Scalar,max=99999999999999; min=-99999999999999,,,,
ITR2.ScheduleCGFor23.LongTermCapGain23.PassThrIncNatureLTCG12_5Per,Optional,integer,Scalar,max=99999999999999; min=-99999999999999,,,,
ITR2.ScheduleCGFor23.LongTermCapGain23.NRICgDTAA,Optional,object,Nested Object,,,,NRITaxUsDTAALtcgType,
ITR2.ScheduleCGFor23.LongTermCapGain23.NRICgDTAA.NRIDTAADtls,Optional,array,Array,minItems=1,,,,items: object
ITR2.ScheduleCGFor23.LongTermCapGain23.TotalAmtNotTaxUsDTAALtcg,Mandatory,integer,Scalar,max=99999999999999; min=-99999999999999,,,,
ITR2.ScheduleCGFor23.LongTermCapGain23.CapitalLossBuyBackShares,Optional,object,Nested Object,,,,,
ITR2.ScheduleCGFor23.LongTermCapGain23.TotalAmtTaxUsDTAALtcg,Mandatory,integer,Scalar,max=99999999999999; min=-99999999999999,,,,
ITR2.ScheduleCGFor23.LongTermCapGain23.TotalLTCG,Mandatory,integer,Scalar,max=99999999999999; min=-99999999999999,,,,
ITR2.ScheduleCGFor23.SumOfCGIncm,Mandatory,integer,Scalar,max=99999999999999; min=0,,,,
ITR2.ScheduleCGFor23.IncmFromVDATrnsf,Mandatory,integer,Scalar,max=99999999999999; min=0,,,,
ITR2.ScheduleCGFor23.TotScheduleCGFor23,Mandatory,integer,Scalar,max=99999999999999; min=0,,,,
ITR2.ScheduleCGFor23.DeducClaimInfo,Optional,object,Nested Object,,,,DeducClaimInfo,
ITR2.ScheduleCGFor23.DeducClaimInfo.DeducClaimDtlsUs54,Optional,array,Array,,,,,items: object
ITR2.ScheduleCGFor23.DeducClaimInfo.DeducClaimDtlsUs54[].DateofTransfer,Mandatory,string,Scalar,pattern=([12]\d{3}-(0[1-9]|1[0-2])-(0[1-9]|[12]\d|3[01])),,Date in YYYY-MM-DD format,,
ITR2.ScheduleCGFor23.DeducClaimInfo.DeducClaimDtlsUs54[].CostofNewResHouse,Optional,integer,Scalar,max=99999999999999; min=0,,,,
ITR2.ScheduleCGFor23.DeducClaimInfo.DeducClaimDtlsUs54[].DateofPurchase,Optional,string,Scalar,pattern=([12]\d{3}-(0[1-9]|1[0-2])-(0[1-9]|[12]\d|3[01])),,Date in YYYY-MM-DD format,,
ITR2.ScheduleCGFor23.DeducClaimInfo.DeducClaimDtlsUs54[].AmtDeposited,Optional,integer,Scalar,max=99999999999999; min=0,,,,
ITR2.ScheduleCGFor23.DeducClaimInfo.DeducClaimDtlsUs54[].DepositDate,Optional,string,Scalar,pattern=([12]\d{3}-(0[1-9]|1[0-2])-(0[1-9]|[12]\d|3[01])),,Date of Deposit in format YYYY-MM-DD,,
ITR2.ScheduleCGFor23.DeducClaimInfo.DeducClaimDtlsUs54[].AccountNo,Optional,string,Scalar,maxLength=20; minLength=1,,,,
ITR2.ScheduleCGFor23.DeducClaimInfo.DeducClaimDtlsUs54[].IFSC,Optional,object,Nested Object,pattern=[A-Z]{4}[0][A-Z0-9]{6},,, (allOf: nonEmptyString),
ITR2.ScheduleCGFor23.DeducClaimInfo.DeducClaimDtlsUs54[].AmtDeducted,Mandatory,integer,Scalar,max=100000000; min=0,,,,
ITR2.ScheduleCGFor23.DeducClaimInfo.DeducClaimDtlsUs54B,Optional,array,Array,,,,,items: object
ITR2.ScheduleCGFor23.DeducClaimInfo.DeducClaimDtlsUs54B[].DateofTransfer,Mandatory,string,Scalar,pattern=([12]\d{3}-(0[1-9]|1[0-2])-(0[1-9]|[12]\d|3[01])),,Date in YYYY-MM-DD format,,
ITR2.ScheduleCGFor23.DeducClaimInfo.DeducClaimDtlsUs54B[].CostofNewAgriLand,Optional,integer,Scalar,max=99999999999999; min=0,,,,
ITR2.ScheduleCGFor23.DeducClaimInfo.DeducClaimDtlsUs54B[].DateofPurchase,Optional,string,Scalar,pattern=([12]\d{3}-(0[1-9]|1[0-2])-(0[1-9]|[12]\d|3[01])),,Date in YYYY-MM-DD format,,
ITR2.ScheduleCGFor23.DeducClaimInfo.DeducClaimDtlsUs54B[].AmtDeposited,Optional,integer,Scalar,max=99999999999999; min=0,,,,
ITR2.ScheduleCGFor23.DeducClaimInfo.DeducClaimDtlsUs54B[].DepositDate,Optional,string,Scalar,pattern=([12]\d{3}-(0[1-9]|1[0-2])-(0[1-9]|[12]\d|3[01])),,Date of Deposit in format YYYY-MM-DD,,
ITR2.ScheduleCGFor23.DeducClaimInfo.DeducClaimDtlsUs54B[].AccountNo,Optional,string,Scalar,maxLength=20; minLength=1,,,,
ITR2.ScheduleCGFor23.DeducClaimInfo.DeducClaimDtlsUs54B[].IFSC,Optional,object,Nested Object,pattern=[A-Z]{4}[0][A-Z0-9]{6},,, (allOf: nonEmptyString),
ITR2.ScheduleCGFor23.DeducClaimInfo.DeducClaimDtlsUs54B[].AmtDeducted,Mandatory,integer,Scalar,max=99999999999999; min=0,,,,
ITR2.ScheduleCGFor23.DeducClaimInfo.DeducClaimDtlsUs54EC,Optional,array,Array,,,,,items: object
ITR2.ScheduleCGFor23.DeducClaimInfo.DeducClaimDtlsUs54EC[].DateofTransfer,Mandatory,string,Scalar,pattern=([12]\d{3}-(0[1-9]|1[0-2])-(0[1-9]|[12]\d|3[01])),,Date in YYYY-MM-DD format,,
ITR2.ScheduleCGFor23.DeducClaimInfo.DeducClaimDtlsUs54EC[].AmtInvested,Optional,integer,Scalar,max=99999999999999; min=0,,,,
ITR2.ScheduleCGFor23.DeducClaimInfo.DeducClaimDtlsUs54EC[].DateofInvestment,Optional,string,Scalar,pattern=([12]\d{3}-(0[1-9]|1[0-2])-(0[1-9]|[12]\d|3[01])),,Date in YYYY-MM-DD format,,
ITR2.ScheduleCGFor23.DeducClaimInfo.DeducClaimDtlsUs54EC[].AmtDeducted,Mandatory,integer,Scalar,max=99999999999999; min=0,,,,
ITR2.ScheduleCGFor23.DeducClaimInfo.DeducClaimDtlsUs54F,Optional,array,Array,,,,,items: object
ITR2.ScheduleCGFor23.DeducClaimInfo.DeducClaimDtlsUs54F[].DateofTransfer,Mandatory,string,Scalar,pattern=([12]\d{3}-(0[1-9]|1[0-2])-(0[1-9]|[12]\d|3[01])),,Date in YYYY-MM-DD format,,
ITR2.ScheduleCGFor23.DeducClaimInfo.DeducClaimDtlsUs54F[].CostofNewResHouse,Optional,integer,Scalar,max=99999999999999; min=0,,,,
ITR2.ScheduleCGFor23.DeducClaimInfo.DeducClaimDtlsUs54F[].DateofPurchase,Optional,string,Scalar,pattern=([12]\d{3}-(0[1-9]|1[0-2])-(0[1-9]|[12]\d|3[01])),,Date in YYYY-MM-DD format,,
ITR2.ScheduleCGFor23.DeducClaimInfo.DeducClaimDtlsUs54F[].AmtDeposited,Optional,integer,Scalar,max=99999999999999; min=0,,,,
ITR2.ScheduleCGFor23.DeducClaimInfo.DeducClaimDtlsUs54F[].DepositDate,Optional,string,Scalar,pattern=([12]\d{3}-(0[1-9]|1[0-2])-(0[1-9]|[12]\d|3[01])),,Date of Deposit in format YYYY-MM-DD,,
ITR2.ScheduleCGFor23.DeducClaimInfo.DeducClaimDtlsUs54F[].AccountNo,Optional,string,Scalar,maxLength=20; minLength=1,,,,
ITR2.ScheduleCGFor23.DeducClaimInfo.DeducClaimDtlsUs54F[].IFSC,Optional,object,Nested Object,pattern=[A-Z]{4}[0][A-Z0-9]{6},,, (allOf: nonEmptyString),
ITR2.ScheduleCGFor23.DeducClaimInfo.DeducClaimDtlsUs54F[].AmtDeducted,Mandatory,integer,Scalar,max=100000000; min=0,,,,
ITR2.ScheduleCGFor23.DeducClaimInfo.DeducClaimDtlsUs115F,Optional,array,Array,,,,,items: object
ITR2.ScheduleCGFor23.DeducClaimInfo.DeducClaimDtlsUs115F[].DateofTransfer,Mandatory,string,Scalar,pattern=([12]\d{3}-(0[1-9]|1[0-2])-(0[1-9]|[12]\d|3[01])),,Date in YYYY-MM-DD format,,
ITR2.ScheduleCGFor23.DeducClaimInfo.DeducClaimDtlsUs115F[].AmtInvested,Mandatory,integer,Scalar,max=99999999999999; min=0,,,,
ITR2.ScheduleCGFor23.DeducClaimInfo.DeducClaimDtlsUs115F[].DateofInvestment,Mandatory,string,Scalar,pattern=([12]\d{3}-(0[1-9]|1[0-2])-(0[1-9]|[12]\d|3[01])),,Date in YYYY-MM-DD format,,
ITR2.ScheduleCGFor23.DeducClaimInfo.DeducClaimDtlsUs115F[].AmtDeducted,Mandatory,integer,Scalar,max=99999999999999; min=0,,,,
ITR2.ScheduleCGFor23.DeducClaimInfo.TotDeductClaim,Mandatory,integer,Scalar,max=99999999999999; min=0,,,,
ITR2.ScheduleCGFor23.CurrYrLosses,Mandatory,object,Nested Object,,,,CurrYrLosses,
ITR2.ScheduleCGFor23.CurrYrLosses.InLossSetOff,Mandatory,object,Nested Object,,,,InLossSetOff,
ITR2.ScheduleCGFor23.CurrYrLosses.InLossSetOff.StclSetoff20Per,Mandatory,integer,Scalar,max=99999999999999; min=0,,,,
ITR2.ScheduleCGFor23.CurrYrLosses.InLossSetOff.StclSetoff30Per,Mandatory,integer,Scalar,max=99999999999999; min=0,,,,
ITR2.ScheduleCGFor23.CurrYrLosses.InLossSetOff.StclSetoffAppRate,Mandatory,integer,Scalar,max=99999999999999; min=0,,,,
ITR2.ScheduleCGFor23.CurrYrLosses.InLossSetOff.StclSetoffDTAARate,Mandatory,integer,Scalar,max=99999999999999; min=0,,,,
ITR2.ScheduleCGFor23.CurrYrLosses.InLossSetOff.LtclSetOff12_5Per,Mandatory,integer,Scalar,max=99999999999999; min=0,,,,
ITR2.ScheduleCGFor23.CurrYrLosses.InLossSetOff.LtclSetOffDTAARate,Mandatory,integer,Scalar,max=99999999999999; min=0,,,,
ITR2.ScheduleCGFor23.CurrYrLosses.InStcg20Per,Mandatory,object,Nested Object,,,,InStcg20Per,
ITR2.ScheduleCGFor23.CurrYrLosses.InStcg20Per.CurrYearIncome,Mandatory,integer,Scalar,max=99999999999999; min=0,,,,
ITR2.ScheduleCGFor23.CurrYrLosses.InStcg20Per.StclSetoff30Per,Mandatory,integer,Scalar,max=99999999999999; min=0,,,,
ITR2.ScheduleCGFor23.CurrYrLosses.InStcg20Per.StclSetoffAppRate,Mandatory,integer,Scalar,max=99999999999999; min=0,,,,
ITR2.ScheduleCGFor23.CurrYrLosses.InStcg20Per.StclSetoffDTAARate,Mandatory,integer,Scalar,max=99999999999999; min=0,,,,
ITR2.ScheduleCGFor23.CurrYrLosses.InStcg20Per.CurrYrCapGain,Mandatory,integer,Scalar,max=99999999999999; min=0,,,,
ITR2.ScheduleCGFor23.CurrYrLosses.InStcg30Per,Mandatory,object,Nested Object,,,,InStcg30Per,
ITR2.ScheduleCGFor23.CurrYrLosses.InStcg30Per.CurrYearIncome,Mandatory,integer,Scalar,max=99999999999999; min=0,,,,
ITR2.ScheduleCGFor23.CurrYrLosses.InStcg30Per.StclSetoff20Per,Mandatory,integer,Scalar,max=99999999999999; min=0,,,,
ITR2.ScheduleCGFor23.CurrYrLosses.InStcg30Per.StclSetoffAppRate,Mandatory,integer,Scalar,max=99999999999999; min=0,,,,
ITR2.ScheduleCGFor23.CurrYrLosses.InStcg30Per.StclSetoffDTAARate,Mandatory,integer,Scalar,max=99999999999999; min=0,,,,
ITR2.ScheduleCGFor23.CurrYrLosses.InStcg30Per.CurrYrCapGain,Mandatory,integer,Scalar,max=99999999999999; min=0,,,,
ITR2.ScheduleCGFor23.CurrYrLosses.InStcgAppRate,Mandatory,object,Nested Object,,,,InStcgAppRate,
ITR2.ScheduleCGFor23.CurrYrLosses.InStcgAppRate.CurrYearIncome,Mandatory,integer,Scalar,max=99999999999999; min=0,,,,
ITR2.ScheduleCGFor23.CurrYrLosses.InStcgAppRate.StclSetoff20Per,Mandatory,integer,Scalar,max=99999999999999; min=0,,,,
ITR2.ScheduleCGFor23.CurrYrLosses.InStcgAppRate.StclSetoff30Per,Mandatory,integer,Scalar,max=99999999999999; min=0,,,,
ITR2.ScheduleCGFor23.CurrYrLosses.InStcgAppRate.StclSetoffDTAARate,Mandatory,integer,Scalar,max=99999999999999; min=0,,,,
ITR2.ScheduleCGFor23.CurrYrLosses.InStcgAppRate.CurrYrCapGain,Mandatory,integer,Scalar,max=99999999999999; min=0,,,,
ITR2.ScheduleCGFor23.CurrYrLosses.InStcgDTAARate,Mandatory,object,Nested Object,,,,InStcgDTAARate,
ITR2.ScheduleCGFor23.CurrYrLosses.InStcgDTAARate.CurrYearIncome,Mandatory,integer,Scalar,max=99999999999999; min=0,,,,
ITR2.ScheduleCGFor23.CurrYrLosses.InStcgDTAARate.StclSetoff20Per,Mandatory,integer,Scalar,max=99999999999999; min=0,,,,
ITR2.ScheduleCGFor23.CurrYrLosses.InStcgDTAARate.StclSetoff30Per,Mandatory,integer,Scalar,max=99999999999999; min=0,,,,
ITR2.ScheduleCGFor23.CurrYrLosses.InStcgDTAARate.StclSetoffAppRate,Mandatory,integer,Scalar,max=99999999999999; min=0,,,,
ITR2.ScheduleCGFor23.CurrYrLosses.InStcgDTAARate.CurrYrCapGain,Mandatory,integer,Scalar,max=99999999999999; min=0,,,,
ITR2.ScheduleCGFor23.CurrYrLosses.InLtcg12_5Per,Mandatory,object,Nested Object,,,,InLtcg12_5Per,
ITR2.ScheduleCGFor23.CurrYrLosses.InLtcg12_5Per.CurrYearIncome,Mandatory,integer,Scalar,max=99999999999999; min=0,,,,
ITR2.ScheduleCGFor23.CurrYrLosses.InLtcg12_5Per.StclSetoff20Per,Mandatory,integer,Scalar,max=99999999999999; min=0,,,,
ITR2.ScheduleCGFor23.CurrYrLosses.InLtcg12_5Per.StclSetoff30Per,Mandatory,integer,Scalar,max=99999999999999; min=0,,,,
ITR2.ScheduleCGFor23.CurrYrLosses.InLtcg12_5Per.StclSetoffAppRate,Mandatory,integer,Scalar,max=99999999999999; min=0,,,,
ITR2.ScheduleCGFor23.CurrYrLosses.InLtcg12_5Per.StclSetoffDTAARate,Mandatory,integer,Scalar,max=99999999999999; min=0,,,,
ITR2.ScheduleCGFor23.CurrYrLosses.InLtcg12_5Per.LtclSetOffDTAARate,Mandatory,integer,Scalar,max=99999999999999; min=0,,,,
ITR2.ScheduleCGFor23.CurrYrLosses.InLtcg12_5Per.CurrYrCapGain,Mandatory,integer,Scalar,max=99999999999999; min=0,,,,
ITR2.ScheduleCGFor23.CurrYrLosses.InLtcgDTAARate,Mandatory,object,Nested Object,,,,InLtcgDTAARate,
ITR2.ScheduleCGFor23.CurrYrLosses.InLtcgDTAARate.CurrYearIncome,Mandatory,integer,Scalar,max=99999999999999; min=0,,,,
ITR2.ScheduleCGFor23.CurrYrLosses.InLtcgDTAARate.StclSetoff20Per,Mandatory,integer,Scalar,max=99999999999999; min=0,,,,
ITR2.ScheduleCGFor23.CurrYrLosses.InLtcgDTAARate.StclSetoff30Per,Mandatory,integer,Scalar,max=99999999999999; min=0,,,,
ITR2.ScheduleCGFor23.CurrYrLosses.InLtcgDTAARate.StclSetoffAppRate,Mandatory,integer,Scalar,max=99999999999999; min=0,,,,
ITR2.ScheduleCGFor23.CurrYrLosses.InLtcgDTAARate.StclSetoffDTAARate,Mandatory,integer,Scalar,max=99999999999999; min=0,,,,
ITR2.ScheduleCGFor23.CurrYrLosses.InLtcgDTAARate.LtclSetOff12_5Per,Mandatory,integer,Scalar,max=99999999999999; min=0,,,,
ITR2.ScheduleCGFor23.CurrYrLosses.InLtcgDTAARate.CurrYrCapGain,Mandatory,integer,Scalar,max=99999999999999; min=0,,,,
ITR2.ScheduleCGFor23.CurrYrLosses.TotLossSetOff,Mandatory,object,Nested Object,,,,TotLossSetOff,
ITR2.ScheduleCGFor23.CurrYrLosses.TotLossSetOff.StclSetoff20Per,Mandatory,integer,Scalar,max=99999999999999; min=0,,,,
ITR2.ScheduleCGFor23.CurrYrLosses.TotLossSetOff.StclSetoff30Per,Mandatory,integer,Scalar,max=99999999999999; min=0,,,,
ITR2.ScheduleCGFor23.CurrYrLosses.TotLossSetOff.StclSetoffAppRate,Mandatory,integer,Scalar,max=99999999999999; min=0,,,,
ITR2.ScheduleCGFor23.CurrYrLosses.TotLossSetOff.StclSetoffDTAARate,Mandatory,integer,Scalar,max=99999999999999; min=0,,,,
ITR2.ScheduleCGFor23.CurrYrLosses.TotLossSetOff.LtclSetOff12_5Per,Mandatory,integer,Scalar,max=99999999999999; min=0,,,,
ITR2.ScheduleCGFor23.CurrYrLosses.TotLossSetOff.LtclSetOffDTAARate,Mandatory,integer,Scalar,max=99999999999999; min=0,,,,
ITR2.ScheduleCGFor23.CurrYrLosses.LossRemainSetOff,Mandatory,object,Nested Object,,,,LossRemainSetOff,
ITR2.ScheduleCGFor23.CurrYrLosses.LossRemainSetOff.StclSetoff20Per,Mandatory,integer,Scalar,max=99999999999999; min=0,,,,
ITR2.ScheduleCGFor23.CurrYrLosses.LossRemainSetOff.StclSetoff30Per,Mandatory,integer,Scalar,max=99999999999999; min=0,,,,
ITR2.ScheduleCGFor23.CurrYrLosses.LossRemainSetOff.StclSetoffAppRate,Mandatory,integer,Scalar,max=99999999999999; min=0,,,,
ITR2.ScheduleCGFor23.CurrYrLosses.LossRemainSetOff.StclSetoffDTAARate,Mandatory,integer,Scalar,max=99999999999999; min=0,,,,
ITR2.ScheduleCGFor23.CurrYrLosses.LossRemainSetOff.LtclSetOff12_5Per,Mandatory,integer,Scalar,max=99999999999999; min=0,,,,
ITR2.ScheduleCGFor23.CurrYrLosses.LossRemainSetOff.LtclSetOffDTAARate,Mandatory,integer,Scalar,max=99999999999999; min=0,,,,
ITR2.ScheduleCGFor23.AccruOrRecOfCG,Mandatory,object,Nested Object,,,,AccruOrRecOfCG,
ITR2.ScheduleCGFor23.AccruOrRecOfCG.ShortTermUnder20Per,Mandatory,object,Nested Object,,,,DateRangeType,
ITR2.ScheduleCGFor23.AccruOrRecOfCG.ShortTermUnder20Per.DateRange,Mandatory,object,Nested Object,,,,,
ITR2.ScheduleCGFor23.AccruOrRecOfCG.ShortTermUnder30Per,Mandatory,object,Nested Object,,,,DateRangeType,
ITR2.ScheduleCGFor23.AccruOrRecOfCG.ShortTermUnder30Per.DateRange,Mandatory,object,Nested Object,,,,,
ITR2.ScheduleCGFor23.AccruOrRecOfCG.ShortTermUnderAppRate,Mandatory,object,Nested Object,,,,DateRangeType,
ITR2.ScheduleCGFor23.AccruOrRecOfCG.ShortTermUnderAppRate.DateRange,Mandatory,object,Nested Object,,,,,
ITR2.ScheduleCGFor23.AccruOrRecOfCG.ShortTermUnderDTAARate,Mandatory,object,Nested Object,,,,DateRangeType,
ITR2.ScheduleCGFor23.AccruOrRecOfCG.ShortTermUnderDTAARate.DateRange,Mandatory,object,Nested Object,,,,,
ITR2.ScheduleCGFor23.AccruOrRecOfCG.LongTermUnder12_5Per,Mandatory,object,Nested Object,,,,DateRangeType,
ITR2.ScheduleCGFor23.AccruOrRecOfCG.LongTermUnder12_5Per.DateRange,Mandatory,object,Nested Object,,,,,
ITR2.ScheduleCGFor23.AccruOrRecOfCG.LongTermUnderDTAARate,Mandatory,object,Nested Object,,,,DateRangeType,
ITR2.ScheduleCGFor23.AccruOrRecOfCG.LongTermUnderDTAARate.DateRange,Mandatory,object,Nested Object,,,,,
ITR2.ScheduleCGFor23.AccruOrRecOfCG.VDATrnsfGainsUnder30Per,Optional,object,Nested Object,,,,DateRangeType,
ITR2.ScheduleCGFor23.AccruOrRecOfCG.VDATrnsfGainsUnder30Per.DateRange,Mandatory,object,Nested Object,,,,,
ITR2.Schedule112A,Optional,object,Nested Object,,,,Schedule112A,
ITR2.Schedule112A.Schedule112ADtls,Optional,array,Array,,,,,items: object
ITR2.Schedule112A.Schedule112ADtls[].ShareOnOrBefore,Mandatory,object,Nested Object,,"BE, AE",BE - On or Before 31st January 2018; AE - After 31st January 2018, (allOf: nonEmptyString),
ITR2.Schedule112A.Schedule112ADtls[].ISINCode,Mandatory,object,Nested Object,pattern=IN[0-9A-Z]{10}|INNOTREQUIRD,,IN[0-9A-Z]{10} - On or Before 31st January 2018; INNOTREQUIRD - After 31st January 2018, (allOf: nonEmptyString),
ITR2.Schedule112A.Schedule112ADtls[].ShareUnitName,Mandatory,object,Nested Object,maxLength=125; minLength=1,,[w]* - On or Before 31st January 2018; CONSOLIDATED - After 31st January 2018, (allOf: nonEmptyString),
ITR2.Schedule112A.Schedule112ADtls[].NumSharesUnits,Optional,number,Scalar,max=100000000000000.0; min=0; multipleOf=0.0001,,,,
ITR2.Schedule112A.Schedule112ADtls[].SalePricePerShareUnit,Optional,number,Scalar,max=100000000000000.0; min=0; multipleOf=0.0001,,,,
ITR2.Schedule112A.Schedule112ADtls[].TotSaleValue,Mandatory,integer,Scalar,max=99999999999999; min=0,,,,
ITR2.Schedule112A.Schedule112ADtls[].CostAcqWithoutIndx,Mandatory,integer,Scalar,max=99999999999999; min=0,,,,
ITR2.Schedule112A.Schedule112ADtls[].AcquisitionCost,Mandatory,number,Scalar,max=100000000000000.0; min=0; multipleOf=0.0001,,,,
ITR2.Schedule112A.Schedule112ADtls[].LTCGBeforelowerB1B2,Mandatory,integer,Scalar,max=99999999999999; min=0,,,,
ITR2.Schedule112A.Schedule112ADtls[].FairMktValuePerShareunit,Mandatory,number,Scalar,max=100000000000000.0; min=0; multipleOf=0.0001,,,,
ITR2.Schedule112A.Schedule112ADtls[].TotFairMktValueCapAst,Mandatory,integer,Scalar,max=99999999999999; min=0,,,,
ITR2.Schedule112A.Schedule112ADtls[].ExpExclCnctTransfer,Mandatory,number,Scalar,max=100000000000000.0; min=0; multipleOf=0.0001,,,,
ITR2.Schedule112A.Schedule112ADtls[].TotalDeductions,Mandatory,integer,Scalar,max=99999999999999; min=0,,,,
ITR2.Schedule112A.Schedule112ADtls[].Balance,Mandatory,integer,Scalar,max=99999999999999; min=-99999999999999,,,,
ITR2.Schedule112A.SaleValue112A,Mandatory,integer,Scalar,max=99999999999999; min=0,,,,
ITR2.Schedule112A.CostAcqWithoutIndx112A,Mandatory,integer,Scalar,max=99999999999999; min=0,,,,
ITR2.Schedule112A.AcquisitionCost112A,Mandatory,integer,Scalar,max=99999999999999; min=0,,,,
ITR2.Schedule112A.LTCGBeforelowerB1B2112A,Mandatory,integer,Scalar,max=99999999999999; min=0,,,,
ITR2.Schedule112A.FairMktValueCapAst112A,Mandatory,integer,Scalar,max=99999999999999; min=0,,,,
ITR2.Schedule112A.ExpExclCnctTransfer112A,Mandatory,integer,Scalar,max=99999999999999; min=0,,,,
ITR2.Schedule112A.Deductions112A,Mandatory,integer,Scalar,max=99999999999999; min=0,,,,
ITR2.Schedule112A.Balance112A,Mandatory,integer,Scalar,max=99999999999999; min=-99999999999999,,,,
ITR2.Schedule112A.TotalBalance112A,Mandatory,integer,Scalar,max=99999999999999; min=-99999999999999,,,,
ITR2.Schedule115AD,Optional,object,Nested Object,,,,Schedule115AD,
ITR2.Schedule115AD.Schedule115ADDtls,Optional,array,Array,,,,,items: object
ITR2.Schedule115AD.Schedule115ADDtls[].ShareOnOrBefore,Mandatory,object,Nested Object,,"BE, AE",BE - On or Before 31st January 2018; AE - After 31st January 2018, (allOf: nonEmptyString),
ITR2.Schedule115AD.Schedule115ADDtls[].ISINCode,Mandatory,object,Nested Object,pattern=IN[0-9A-Z]{10}|INNOTREQUIRD,,IN[0-9A-Z]{10} - On or Before 31st January 2018; INNOTREQUIRD - After 31st January 2018, (allOf: nonEmptyString),
ITR2.Schedule115AD.Schedule115ADDtls[].ShareUnitName,Mandatory,object,Nested Object,maxLength=125; minLength=1,,[w]* - On or Before 31st January 2018; CONSOLIDATED - After 31st January 2018, (allOf: nonEmptyString),
ITR2.Schedule115AD.Schedule115ADDtls[].NumSharesUnits,Optional,number,Scalar,max=100000000000000.0; min=0; multipleOf=0.0001,,,,
ITR2.Schedule115AD.Schedule115ADDtls[].SalePricePerShareUnit,Optional,number,Scalar,max=100000000000000.0; min=0; multipleOf=0.0001,,,,
ITR2.Schedule115AD.Schedule115ADDtls[].TotSaleValue,Mandatory,integer,Scalar,max=99999999999999; min=0,,,,
ITR2.Schedule115AD.Schedule115ADDtls[].CostAcqWithoutIndx,Mandatory,integer,Scalar,max=99999999999999; min=0,,,,
ITR2.Schedule115AD.Schedule115ADDtls[].AcquisitionCost,Mandatory,number,Scalar,max=100000000000000.0; min=0; multipleOf=0.0001,,,,
ITR2.Schedule115AD.Schedule115ADDtls[].LTCGBeforelowerB1B2,Mandatory,integer,Scalar,max=99999999999999; min=0,,,,
ITR2.Schedule115AD.Schedule115ADDtls[].FairMktValuePerShareunit,Mandatory,number,Scalar,max=100000000000000.0; min=0; multipleOf=0.0001,,,,
ITR2.Schedule115AD.Schedule115ADDtls[].TotFairMktValueCapAst,Mandatory,integer,Scalar,max=99999999999999; min=0,,,,
ITR2.Schedule115AD.Schedule115ADDtls[].ExpExclCnctTransfer,Mandatory,number,Scalar,max=100000000000000.0; min=0; multipleOf=0.0001,,,,
ITR2.Schedule115AD.Schedule115ADDtls[].TotalDeductions,Mandatory,integer,Scalar,max=99999999999999; min=0,,,,
ITR2.Schedule115AD.Schedule115ADDtls[].Balance,Mandatory,integer,Scalar,max=99999999999999; min=-99999999999999,,,,
ITR2.Schedule115AD.SaleValue115AD,Mandatory,integer,Scalar,max=99999999999999; min=0,,,,
ITR2.Schedule115AD.CostAcqWithoutIndx115AD,Mandatory,integer,Scalar,max=99999999999999; min=0,,,,
ITR2.Schedule115AD.AcquisitionCost115AD,Mandatory,integer,Scalar,max=99999999999999; min=0,,,,
ITR2.Schedule115AD.LTCGBeforelowerB1B2115AD,Mandatory,integer,Scalar,max=99999999999999; min=0,,,,
ITR2.Schedule115AD.FairMktValueCapAst115AD,Mandatory,integer,Scalar,max=99999999999999; min=0,,,,
ITR2.Schedule115AD.ExpExclCnctTransfer115AD,Mandatory,integer,Scalar,max=99999999999999; min=0,,,,
ITR2.Schedule115AD.Deductions115AD,Mandatory,integer,Scalar,max=99999999999999; min=0,,,,
ITR2.Schedule115AD.Balance115AD,Mandatory,integer,Scalar,max=99999999999999; min=-99999999999999,,,,
ITR2.Schedule115AD.TotalBalance115AD,Mandatory,integer,Scalar,max=99999999999999; min=-99999999999999,,,,
ITR2.ScheduleVDA,Optional,object,Nested Object,,,,ScheduleVDA,
ITR2.ScheduleVDA.ScheduleVDADtls,Mandatory,array,Array,,,,,items: object
ITR2.ScheduleVDA.TotIncCapGain,Mandatory,integer,Scalar,max=99999999999999; min=0,,,,
ITR2.ScheduleOS,Optional,object,Nested Object,,,,ScheduleOS,
ITR2.ScheduleOS.IncOthThanOwnRaceHorse,Optional,object,Nested Object,,,,,
ITR2.ScheduleOS.TotOthSrcNoRaceHorse,Optional,integer,Scalar,max=99999999999999; min=0; default=0,,,,
ITR2.ScheduleOS.IncFromOwnHorse,Optional,object,Nested Object,,,,,
ITR2.ScheduleOS.IncChargeable,Mandatory,integer,Scalar,max=99999999999999; min=0; default=0,,Income from other sources,,
ITR2.ScheduleOS.IncFrmLottery,Mandatory,object,Nested Object,,,,DateRangeType,
ITR2.ScheduleOS.IncFrmLottery.DateRange,Mandatory,object,Nested Object,,,,,
ITR2.ScheduleOS.IncFrmOnGames,Optional,object,Nested Object,,,,DateRangeType,
ITR2.ScheduleOS.IncFrmOnGames.DateRange,Mandatory,object,Nested Object,,,,,
ITR2.ScheduleOS.DividendIncUs115BBDA,Mandatory,object,Nested Object,,,,DateRangeType,
ITR2.ScheduleOS.DividendIncUs115BBDA.DateRange,Mandatory,object,Nested Object,,,,,
ITR2.ScheduleOS.DividendIncUs115BBDAaiii,Mandatory,object,Nested Object,,,,DateRangeType,
ITR2.ScheduleOS.DividendIncUs115BBDAaiii.DateRange,Mandatory,object,Nested Object,,,,,
ITR2.ScheduleOS.DividendIncUs115A1ai,Mandatory,object,Nested Object,,,,DateRangeType,
ITR2.ScheduleOS.DividendIncUs115A1ai.DateRange,Mandatory,object,Nested Object,,,,,
ITR2.ScheduleOS.DividendIncUs115A1aA,Optional,object,Nested Object,,,,DateRangeType,
ITR2.ScheduleOS.DividendIncUs115A1aA.DateRange,Mandatory,object,Nested Object,,,,,
ITR2.ScheduleOS.DividendIncUs115AC,Mandatory,object,Nested Object,,,,DateRangeType,
ITR2.ScheduleOS.DividendIncUs115AC.DateRange,Mandatory,object,Nested Object,,,,,
ITR2.ScheduleOS.DividendIncUs115ACA,Mandatory,object,Nested Object,,,,DateRangeType,
ITR2.ScheduleOS.DividendIncUs115ACA.DateRange,Mandatory,object,Nested Object,,,,,
ITR2.ScheduleOS.DividendIncUs115AD1i,Mandatory,object,Nested Object,,,,DateRangeType,
ITR2.ScheduleOS.DividendIncUs115AD1i.DateRange,Mandatory,object,Nested Object,,,,,
ITR2.ScheduleOS.DividendDTAA,Mandatory,object,Nested Object,,,,DateRangeType,
ITR2.ScheduleOS.DividendDTAA.DateRange,Mandatory,object,Nested Object,,,,,
ITR2.ScheduleOS.NOT89A,Mandatory,object,Nested Object,,,,DateRangeType,
ITR2.ScheduleOS.NOT89A.DateRange,Mandatory,object,Nested Object,,,,,
ITR2.ScheduleCYLA,Mandatory,object,Nested Object,,,,ScheduleCYLA,
ITR2.ScheduleCYLA.Salary,Optional,object,Nested Object,,,,,
ITR2.ScheduleCYLA.HP,Optional,object,Nested Object,,,,,
ITR2.ScheduleCYLA.STCG20Per,Mandatory,object,Nested Object,,,,,
ITR2.ScheduleCYLA.STCG30Per,Mandatory,object,Nested Object,,,,,
ITR2.ScheduleCYLA.STCGAppRate,Mandatory,object,Nested Object,,,,,
ITR2.ScheduleCYLA.STCGDTAARate,Mandatory,object,Nested Object,,,,,
ITR2.ScheduleCYLA.LTCG12_5Per,Mandatory,object,Nested Object,,,,,
ITR2.ScheduleCYLA.LTCGDTAARate,Mandatory,object,Nested Object,,,,,
ITR2.ScheduleCYLA.OthSrcExclRaceHorse,Optional,object,Nested Object,,,,,
ITR2.ScheduleCYLA.OthSrcRaceHorse,Optional,object,Nested Object,,,,,
ITR2.ScheduleCYLA.IncOSDTAA,Optional,object,Nested Object,,,,,
ITR2.ScheduleCYLA.TotalCurYr,Mandatory,object,Nested Object,,,,,
ITR2.ScheduleCYLA.TotalLossSetOff,Mandatory,object,Nested Object,,,,,
ITR2.ScheduleCYLA.LossRemAftSetOff,Mandatory,object,Nested Object,,,,,
ITR2.ScheduleBFLA,Mandatory,object,Nested Object,,,Details of Income after Set off of Brought forward; losses of earlier years,ScheduleBFLA,
ITR2.ScheduleBFLA.Salary,Mandatory,object,Nested Object,,,,,
ITR2.ScheduleBFLA.HP,Optional,object,Nested Object,,,,,
ITR2.ScheduleBFLA.STCG20Per,Mandatory,object,Nested Object,,,,,
ITR2.ScheduleBFLA.STCG30Per,Mandatory,object,Nested Object,,,,,
ITR2.ScheduleBFLA.STCGAppRate,Mandatory,object,Nested Object,,,,,
ITR2.ScheduleBFLA.STCGDTAARate,Mandatory,object,Nested Object,,,,,
ITR2.ScheduleBFLA.LTCG12_5Per,Mandatory,object,Nested Object,,,,,
ITR2.ScheduleBFLA.LTCGDTAARate,Mandatory,object,Nested Object,,,,,
ITR2.ScheduleBFLA.OthSrcExclRaceHorse,Optional,object,Nested Object,,,,,
ITR2.ScheduleBFLA.OthSrcRaceHorse,Optional,object,Nested Object,,,,,
ITR2.ScheduleBFLA.IncOSDTAA,Optional,object,Nested Object,,,,,
ITR2.ScheduleBFLA.TotalBFLossSetOff,Mandatory,object,Nested Object,,,,,
ITR2.ScheduleBFLA.IncomeOfCurrYrAftCYLABFLA,Mandatory,integer,Scalar,max=99999999999999; min=0; default=0,,,,
ITR2.ScheduleCFL,Optional,object,Nested Object,,,Details of Losses to be carried forward to future; years,ScheduleCFL,
ITR2.ScheduleCFL.LossCFFromPrev8thYearFromAY,Optional,object,Nested Object,,,Carry forward losses for AY2018-19,,
ITR2.ScheduleCFL.LossCFFromPrev7thYearFromAY,Optional,object,Nested Object,,,Carry forward losses for AY2019-20,,
ITR2.ScheduleCFL.LossCFFromPrev6thYearFromAY,Optional,object,Nested Object,,,Carry forward losses for AY2020-21,,
ITR2.ScheduleCFL.LossCFFromPrev5thYearFromAY,Optional,object,Nested Object,,,Carry forward losses for AY2021-22,,
ITR2.ScheduleCFL.LossCFFromPrev4thYearFromAY,Optional,object,Nested Object,,,Carry forward losses for AY2022-23,,
ITR2.ScheduleCFL.LossCFFromPrev3rdYearFromAY,Optional,object,Nested Object,,,Carry forward losses for AY2023-24,,
ITR2.ScheduleCFL.LossCFFromPrev2ndYearFromAY,Optional,object,Nested Object,,,Carry forward losses for AY2024-25,,
ITR2.ScheduleCFL.LossCFFromPrevYrToAY,Optional,object,Nested Object,,,Carry forward losses for AY2025-26,,
ITR2.ScheduleCFL.TotalOfBFLossesEarlierYrs,Mandatory,object,Nested Object,,,,,
ITR2.ScheduleCFL.AdjTotBFLossInBFLA,Optional,object,Nested Object,,,,,
ITR2.ScheduleCFL.CurrentAYloss,Optional,object,Nested Object,,,Current Year Losses,,
ITR2.ScheduleCFL.TotalLossCFSummary,Mandatory,object,Nested Object,,,,,
ITR2.ScheduleVIA,Optional,object,Nested Object,,,,ScheduleVIA,
ITR2.ScheduleVIA.UsrDeductUndChapVIA,Mandatory,object,Nested Object,,,Chapter VI-A Deductions from Gross Total Income,UsrDeductUndChapVIA,
ITR2.ScheduleVIA.UsrDeductUndChapVIA.Section80C,Optional,integer,Scalar,max=99999999999999; min=0; default=0,,,,
ITR2.ScheduleVIA.UsrDeductUndChapVIA.Section80CCC,Optional,integer,Scalar,max=99999999999999; min=0; default=0,,,,
ITR2.ScheduleVIA.UsrDeductUndChapVIA.PensionContribution80CCC,Optional,array,Array,,,,,items: object
ITR2.ScheduleVIA.UsrDeductUndChapVIA.PensionContribution80CCC[].TypeofIdentifier,Mandatory,string,Scalar,,"PRAN, OTHPRAN",PRAN: PRAN; OTHPRAN: Other than PRAN,,
ITR2.ScheduleVIA.UsrDeductUndChapVIA.PensionContribution80CCC[].NameofIdentifier,Mandatory,object,Nested Object,maxLength=125; minLength=1,,, (allOf: nonEmptyString),
ITR2.ScheduleVIA.UsrDeductUndChapVIA.PensionContribution80CCC[].Amount,Mandatory,integer,Scalar,max=99999999999999; min=0,,,,
ITR2.ScheduleVIA.UsrDeductUndChapVIA.Section80CCDEmployeeOrSE,Optional,integer,Scalar,max=99999999999999; min=0; default=0,,For Employee/SelfEmployed,,
ITR2.ScheduleVIA.UsrDeductUndChapVIA.Section80CCD1B,Optional,integer,Scalar,max=99999999999999; min=0; default=0,,,,
ITR2.ScheduleVIA.UsrDeductUndChapVIA.Section80CCDEmployer,Optional,integer,Scalar,max=99999999999999; min=0; default=0,,,,
ITR2.ScheduleVIA.UsrDeductUndChapVIA.PRANDtls,Optional,array,Array,,,,,items: object
ITR2.ScheduleVIA.UsrDeductUndChapVIA.Section80D,Optional,integer,Scalar,max=99999999999999; min=0; default=0,,,,
ITR2.ScheduleVIA.UsrDeductUndChapVIA.Section80DD,Optional,integer,Scalar,max=99999999999999; min=0; default=0,,,,
ITR2.ScheduleVIA.UsrDeductUndChapVIA.Section80DDBUsrType,Optional,object,Nested Object,,"1, 2",1 : Self or dependent; 2 : Self or Dependent (Senior Citizen), (allOf: nonEmptyString),
ITR2.ScheduleVIA.UsrDeductUndChapVIA.Section80DDB,Optional,integer,Scalar,max=99999999999999; min=0; default=0,,,,
ITR2.ScheduleVIA.UsrDeductUndChapVIA.NameOfSpecDisease80DDB,Optional,object,Nested Object,,"a, b, c, d, e, f, g, h, i, j, k, l, m, n",a : Dementia; b : Dystonia Musculorum Deformans; c : Motor Neuron Disease; d : Ataxia; e : Chorea; f : Hemiballismus; g : Aphasia; h: Parkinsons Disease; i : Malignant Cancers; j : Full Blown Acquired, (allOf: nonEmptyString),
ITR2.ScheduleVIA.UsrDeductUndChapVIA.Section80E,Optional,integer,Scalar,max=99999999999999; min=0; default=0,,,,
ITR2.ScheduleVIA.UsrDeductUndChapVIA.Section80EE,Optional,integer,Scalar,max=99999999999999; min=0; default=0,,,,
ITR2.ScheduleVIA.UsrDeductUndChapVIA.Section80EEA,Optional,integer,Scalar,max=99999999999999; min=0; default=0,,,,
ITR2.ScheduleVIA.UsrDeductUndChapVIA.Section80EEB,Optional,integer,Scalar,max=99999999999999; min=0; default=0,,,,
ITR2.ScheduleVIA.UsrDeductUndChapVIA.Section80G,Optional,integer,Scalar,max=99999999999999; min=0; default=0,,,,
ITR2.ScheduleVIA.UsrDeductUndChapVIA.Section80GG,Optional,integer,Scalar,max=99999999999999; min=0; default=0,,,,
ITR2.ScheduleVIA.UsrDeductUndChapVIA.Form10BAAckNum,Optional,string,Scalar,maxLength=15,,,,
ITR2.ScheduleVIA.UsrDeductUndChapVIA.Section80GGA,Optional,integer,Scalar,max=99999999999999; min=0; default=0,,,,
ITR2.ScheduleVIA.UsrDeductUndChapVIA.Section80GGC,Optional,integer,Scalar,max=99999999999999; min=0; default=0,,,,
ITR2.ScheduleVIA.UsrDeductUndChapVIA.Section80U,Optional,integer,Scalar,max=99999999999999; min=0; default=0,,,,
ITR2.ScheduleVIA.UsrDeductUndChapVIA.Section80QQB,Optional,integer,Scalar,max=99999999999999; min=0; default=0,,,,
ITR2.ScheduleVIA.UsrDeductUndChapVIA.Form10CCDAckNum,Optional,string,Scalar,maxLength=15,,,,
ITR2.ScheduleVIA.UsrDeductUndChapVIA.Section80RRB,Optional,integer,Scalar,max=99999999999999; min=0; default=0,,,,
ITR2.ScheduleVIA.UsrDeductUndChapVIA.Form10CCEAckNum,Optional,string,Scalar,maxLength=15,,,,
ITR2.ScheduleVIA.UsrDeductUndChapVIA.Section80TTA,Optional,integer,Scalar,max=99999999999999; min=0; default=0,,,,
ITR2.ScheduleVIA.UsrDeductUndChapVIA.Section80TTB,Optional,integer,Scalar,max=99999999999999; min=0; default=0,,,,
ITR2.ScheduleVIA.UsrDeductUndChapVIA.AnyOthSec80CCH,Optional,integer,Scalar,max=99999999999999; min=0; default=0,,,,
ITR2.ScheduleVIA.UsrDeductUndChapVIA.TotalChapVIADeductions,Optional,integer,Scalar,max=99999999999999; min=0; default=0,,,,
ITR2.ScheduleVIA.DeductUndChapVIA,Mandatory,object,Nested Object,,,Chapter VI-A Deductions from Gross Total Income,DeductUndChapVIA,
ITR2.ScheduleVIA.DeductUndChapVIA.Section80C,Optional,integer,Scalar,max=99999999999999; min=0; default=0,,,,
ITR2.ScheduleVIA.DeductUndChapVIA.Section80CCC,Optional,integer,Scalar,max=99999999999999; min=0; default=0,,,,
ITR2.ScheduleVIA.DeductUndChapVIA.Section80CCDEmployeeOrSE,Optional,integer,Scalar,max=99999999999999; min=0; default=0,,For Employee/SelfEmployed,,
ITR2.ScheduleVIA.DeductUndChapVIA.Section80CCD1B,Optional,integer,Scalar,max=50000; min=0; default=0,,,,
ITR2.ScheduleVIA.DeductUndChapVIA.Section80CCDEmployer,Optional,integer,Scalar,max=99999999999999; min=0; default=0,,,,
ITR2.ScheduleVIA.DeductUndChapVIA.Section80D,Mandatory,integer,Scalar,max=100000; min=0; default=0,,,,
ITR2.ScheduleVIA.DeductUndChapVIA.Section80DD,Optional,integer,Scalar,max=125000; min=0; default=0,,,,
ITR2.ScheduleVIA.DeductUndChapVIA.Section80DDB,Optional,integer,Scalar,max=100000; min=0; default=0,,,,
ITR2.ScheduleVIA.DeductUndChapVIA.Section80E,Optional,integer,Scalar,max=99999999999999; min=0; default=0,,,,
ITR2.ScheduleVIA.DeductUndChapVIA.Section80EE,Optional,integer,Scalar,max=50000; min=0; default=0,,,,
ITR2.ScheduleVIA.DeductUndChapVIA.Section80EEA,Optional,integer,Scalar,max=150000; min=0; default=0,,,,
ITR2.ScheduleVIA.DeductUndChapVIA.Section80EEB,Optional,integer,Scalar,max=150000; min=0; default=0,,,,
ITR2.ScheduleVIA.DeductUndChapVIA.Section80G,Mandatory,integer,Scalar,max=99999999999999; min=0; default=0,,,,
ITR2.ScheduleVIA.DeductUndChapVIA.Section80GG,Optional,integer,Scalar,max=60000; min=0; default=0,,,,
ITR2.ScheduleVIA.DeductUndChapVIA.Section80GGA,Mandatory,integer,Scalar,max=99999999999999; min=0; default=0,,,,
ITR2.ScheduleVIA.DeductUndChapVIA.Section80GGC,Optional,integer,Scalar,max=99999999999999; min=0; default=0,,,,
ITR2.ScheduleVIA.DeductUndChapVIA.Section80U,Optional,integer,Scalar,max=125000; min=0; default=0,,,,
ITR2.ScheduleVIA.DeductUndChapVIA.Section80RRB,Optional,integer,Scalar,max=300000; min=0; default=0,,,,
ITR2.ScheduleVIA.DeductUndChapVIA.Section80QQB,Optional,integer,Scalar,max=300000; min=0; default=0,,,,
ITR2.ScheduleVIA.DeductUndChapVIA.Section80TTA,Optional,integer,Scalar,max=10000; min=0; default=0,,,,
ITR2.ScheduleVIA.DeductUndChapVIA.Section80TTB,Optional,integer,Scalar,max=50000; min=0; default=0,,,,
ITR2.ScheduleVIA.DeductUndChapVIA.AnyOthSec80CCH,Optional,integer,Scalar,max=288000; min=0; default=0,,,,
ITR2.ScheduleVIA.DeductUndChapVIA.TotalChapVIADeductions,Mandatory,integer,Scalar,max=99999999999999; min=0; default=0,,,,
ITR2.Schedule80C,Optional,object,Nested Object,,,,Schedule80C,
ITR2.Schedule80C.Schedule80CDtls,Mandatory,array,Array,,,,,items: object
ITR2.Schedule80C.TotalAmt,Mandatory,integer,Scalar,max=99999999999999; min=0; default=0,,,,
ITR2.Schedule80D,Optional,object,Nested Object,,,,Schedule80D,
ITR2.Schedule80D.Sec80DSelfFamSrCtznHealth,Optional,object,Nested Object,,,,,
ITR2.Schedule80G,Optional,object,Nested Object,,,,Schedule80G,
ITR2.Schedule80G.Don100Percent,Optional,object,Nested Object,,,,,
ITR2.Schedule80G.Don50PercentNoApprReqd,Optional,object,Nested Object,,,,,
ITR2.Schedule80G.Don100PercentApprReqd,Optional,object,Nested Object,,,,,
ITR2.Schedule80G.Don50PercentApprReqd,Optional,object,Nested Object,,,,,
ITR2.Schedule80G.TotalDonationsUs80GCash,Mandatory,integer,Scalar,max=99999999999999; min=0; default=0,,,,
ITR2.Schedule80G.TotalDonationsUs80GOtherMode,Mandatory,integer,Scalar,max=99999999999999; min=0; default=0,,,,
ITR2.Schedule80G.TotalDonationsUs80G,Mandatory,integer,Scalar,max=99999999999999; min=0; default=0,,,,
ITR2.Schedule80G.TotalEligibleDonationsUs80G,Mandatory,integer,Scalar,max=99999999999999; min=0; default=0,,,,
ITR2.Schedule80GGC,Optional,object,Nested Object,,,,Schedule80GGC,
ITR2.Schedule80GGC.Schedule80GGCDetails,Optional,array,Array,,,,,items: object
ITR2.Schedule80GGC.TotalDonationAmtCash80GGC,Mandatory,integer,Scalar,max=99999999999999; min=0; default=0,,,,
ITR2.Schedule80GGC.TotalDonationAmtOtherMode80GGC,Mandatory,integer,Scalar,max=99999999999999; min=0; default=0,,,,
ITR2.Schedule80GGC.TotalDonationsUs80GGC,Mandatory,integer,Scalar,max=99999999999999; min=0; default=0,,,,
ITR2.Schedule80GGC.TotalEligibleDonationAmt80GGC,Mandatory,integer,Scalar,max=99999999999999; min=0; default=0,,,,
ITR2.Schedule80DD,Optional,object,Nested Object,,,,Schedule80DD,
ITR2.Schedule80DD.NatureOfDisability,Mandatory,object,Nested Object,,"1, 2",1 : Dependent person with disability  ; 2 : Dependent person with severe disability, (allOf: nonEmptyString),
ITR2.Schedule80DD.TypeOfDisability,Mandatory,object,Nested Object,,"1, 2","1 : autism, cerebral palsy, or multiple disabilities; 2 : others;", (allOf: nonEmptyString),
ITR2.Schedule80DD.DeductionAmount,Mandatory,integer,Scalar,maxLength=14,,,,
ITR2.Schedule80DD.DependentType,Mandatory,object,Nested Object,,"1, 2, 3, 4, 5, 6, 7, 8",1. Spouse; 2. Son; 3. Daughter; 4. Father; 5. Mother; 6. Brother; 7. Sister; 8. Member of the HUF (in case of HUF), (allOf: nonEmptyString),
ITR2.Schedule80DD.DependentPan,Optional,object,Nested Object,pattern=[A-Z]{5}[0-9]{4}[A-Z],,, (allOf: nonEmptyString),
ITR2.Schedule80DD.DependentAadhaar,Optional,object,Nested Object,pattern=[0-9]{12},,, (allOf: nonEmptyString),
ITR2.Schedule80DD.Form10IAFilingDate,Optional,string,Scalar,pattern=([12]\d{3}-(0[1-9]|1[0-2])-(0[1-9]|[12]\d|3[01])),,,,
ITR2.Schedule80DD.Form10IAAckNum,Optional,string,Scalar,maxLength=15,,,,
ITR2.Schedule80DD.FormAckNum11A,Optional,string,Scalar,maxLength=15,,,,
ITR2.Schedule80DD.UDIDNum,Optional,string,Scalar,maxLength=18,,,,
ITR2.Schedule80U,Optional,object,Nested Object,,,,Schedule80U,
ITR2.Schedule80U.NatureOfDisability,Mandatory,object,Nested Object,,"1, 2",1 : Self with disability; 2 : Self with severe disability , (allOf: nonEmptyString),
ITR2.Schedule80U.TypeOfDisability,Mandatory,object,Nested Object,,"1, 2","1 : autism, cerebral palsy, or multiple disabilities; 2 : others;", (allOf: nonEmptyString),
ITR2.Schedule80U.DeductionAmount,Mandatory,integer,Scalar,maxLength=14,,,,
ITR2.Schedule80U.Form10IAFilingDate,Optional,string,Scalar,pattern=([12]\d{3}-(0[1-9]|1[0-2])-(0[1-9]|[12]\d|3[01])),,,,
ITR2.Schedule80U.Form10IAAckNum,Optional,string,Scalar,maxLength=15,,,,
ITR2.Schedule80U.FormAckNum11A,Optional,string,Scalar,maxLength=15,,,,
ITR2.Schedule80U.UDIDNum,Optional,string,Scalar,maxLength=18,,,,
ITR2.Schedule80E,Optional,object,Nested Object,,,,Schedule80E,
ITR2.Schedule80E.Schedule80EDtls,Mandatory,array,Array,,,,,items: object
ITR2.Schedule80E.TotalInterest80E,Mandatory,integer,Scalar,max=99999999999999; min=0; default=0,,,,
ITR2.Schedule80EE,Optional,object,Nested Object,,,,Schedule80EE,
ITR2.Schedule80EE.Schedule80EEDtls,Mandatory,array,Array,,,,,items: object
ITR2.Schedule80EE.TotalInterest80EE,Mandatory,integer,Scalar,max=99999999999999; min=0; default=0,,,,
ITR2.Schedule80EEA,Optional,object,Nested Object,,,,Schedule80EEA,
ITR2.Schedule80EEA.PropStmpDtyVal,Mandatory,integer,Scalar,max=4500000; min=0; default=0,,,,
ITR2.Schedule80EEA.Schedule80EEADtls,Mandatory,array,Array,,,,,items: object
ITR2.Schedule80EEA.TotalInterest80EEA,Mandatory,integer,Scalar,max=99999999999999; min=0; default=0,,,,
ITR2.Schedule80EEB,Optional,object,Nested Object,,,,Schedule80EEB,
ITR2.Schedule80EEB.Schedule80EEBDtls,Mandatory,array,Array,,,,,items: object
ITR2.Schedule80EEB.TotalInterest80EEB,Mandatory,integer,Scalar,max=99999999999999; min=0; default=0,,,,
ITR2.Schedule80GGA,Optional,object,Nested Object,,,,Schedule80GGA,
ITR2.Schedule80GGA.DonationDtlsSciRsrchRuralDev,Optional,array,Array,,,,,items: object
ITR2.Schedule80GGA.TotalDonationAmtCash80GGA,Mandatory,integer,Scalar,max=99999999999999; min=0; default=0,,,,
ITR2.Schedule80GGA.TotalDonationAmtOtherMode80GGA,Mandatory,integer,Scalar,max=99999999999999; min=0; default=0,,,,
ITR2.Schedule80GGA.TotalDonationsUs80GGA,Mandatory,integer,Scalar,max=99999999999999; min=0; default=0,,,,
ITR2.Schedule80GGA.TotalEligibleDonationAmt80GGA,Mandatory,integer,Scalar,max=99999999999999; min=0; default=0,,,,
ITR2.ScheduleAMT,Optional,object,Nested Object,,,,ScheduleAMT,
ITR2.ScheduleAMT.TotalIncItemPartBTI,Mandatory,integer,Scalar,max=99999999999999; min=-99999999999999; default=0,,,,
ITR2.ScheduleAMT.DeductionClaimUndrAnySec,Mandatory,integer,Scalar,max=99999999999999; min=-99999999999999; default=0,,,,
ITR2.ScheduleAMT.AdjustedUnderSec115JC,Mandatory,integer,Scalar,max=99999999999999; min=0; default=0,,,,
ITR2.ScheduleAMT.TaxPayableUnderSec115JC,Mandatory,integer,Scalar,max=99999999999999; min=0; default=0,,,,
ITR2.ScheduleAMTC,Optional,object,Nested Object,,,,ScheduleAMTC,
ITR2.ScheduleAMTC.TaxSection115JC,Mandatory,integer,Scalar,max=99999999999999; min=0; default=0,,,,
ITR2.ScheduleAMTC.TaxOthProvisions,Mandatory,integer,Scalar,max=99999999999999; min=0; default=0,,,,
ITR2.ScheduleAMTC.AmtTaxCreditAvailable,Mandatory,integer,Scalar,max=99999999999999; min=0; default=0,,,,
ITR2.ScheduleAMTC.ScheduleAMTCDtls,Optional,array,Array,maxItems=13; minItems=1,,,,items: object
ITR2.ScheduleAMTC.ScheduleAMTCDtls[].AssYr,Mandatory,object,Nested Object,,"2013-14, 2014-15, 2015-16, 2016-17, 2017-18, 2018-19, 2019-20, 2020-21, 2021-22, 2022-23, 2023-24, 2024-25, 2025-26",, (allOf: nonEmptyString),
ITR2.ScheduleAMTC.ScheduleAMTCDtls[].Gross,Mandatory,integer,Scalar,max=99999999999999; min=0; default=0,,,,
ITR2.ScheduleAMTC.ScheduleAMTCDtls[].AmtCreditSetOfEy,Mandatory,integer,Scalar,max=99999999999999; min=0; default=0,,,,
ITR2.ScheduleAMTC.ScheduleAMTCDtls[].AmtCreditBalBroughtFwd,Mandatory,integer,Scalar,max=99999999999999; min=0; default=0,,,,
ITR2.ScheduleAMTC.ScheduleAMTCDtls[].AmtCreditUtilized,Mandatory,integer,Scalar,max=99999999999999; min=0; default=0,,,,
ITR2.ScheduleAMTC.ScheduleAMTCDtls[].BalAmtCreditCarryFwd,Mandatory,integer,Scalar,max=99999999999999; min=0; default=0,,,,
ITR2.ScheduleAMTC.CurrAssYr,Optional,object,Nested Object,,2026-27,, (allOf: nonEmptyString),
ITR2.ScheduleAMTC.CurrYrAmtCreditFwd,Mandatory,integer,Scalar,max=99999999999999; min=0; default=0,,,,
ITR2.ScheduleAMTC.CurrYrCreditCarryFwd,Mandatory,integer,Scalar,max=99999999999999; min=0; default=0,,,,
ITR2.ScheduleAMTC.TotAMTGross,Mandatory,integer,Scalar,max=99999999999999; min=0; default=0,,,,
ITR2.ScheduleAMTC.TotSetOffEys,Mandatory,integer,Scalar,max=99999999999999; min=0; default=0,,,,
ITR2.ScheduleAMTC.TotBalBF,Mandatory,integer,Scalar,max=99999999999999; min=0; default=0,,,,
ITR2.ScheduleAMTC.TotAmtCreditUtilisedCY,Optional,integer,Scalar,max=99999999999999; min=0; default=0,,,,
ITR2.ScheduleAMTC.TotBalAMTCreditCF,Mandatory,integer,Scalar,max=99999999999999; min=0; default=0,,,,
ITR2.ScheduleAMTC.TaxSection115JD,Mandatory,integer,Scalar,max=99999999999999; min=0; default=0,,,,
ITR2.ScheduleAMTC.AmtLiabilityAvailable,Mandatory,integer,Scalar,max=99999999999999; min=0; default=0,,,,
ITR2.ScheduleSPI,Optional,object,Nested Object,,,"Income of specified persons (Spouse,minor child etc) includable in income of the assessee",ScheduleSPI,
ITR2.ScheduleSPI.SpecifiedPerson,Optional,array,Array,minItems=1,,,,items: object
ITR2.ScheduleSPI.SpecifiedPerson[].SpecifiedPersonName,Mandatory,object,Nested Object,maxLength=125; minLength=1,,, (allOf: nonEmptyString),
ITR2.ScheduleSPI.SpecifiedPerson[].PANofSpecPerson,Optional,object,Nested Object,pattern=[A-Z]{5}[0-9]{4}[A-Z],,, (allOf: nonEmptyString),
ITR2.ScheduleSPI.SpecifiedPerson[].AaadhaarOfSpecPerson,Optional,object,Nested Object,pattern=[0-9]{12},,, (allOf: nonEmptyString),
ITR2.ScheduleSPI.SpecifiedPerson[].ReltnShip,Mandatory,object,Nested Object,maxLength=50; minLength=1,,, (allOf: nonEmptyString),
ITR2.ScheduleSPI.SpecifiedPerson[].AmtIncluded,Mandatory,integer,Scalar,max=99999999999999; min=-99999999999999,,,,
ITR2.ScheduleSPI.SpecifiedPerson[].HeadIncIncluded,Mandatory,object,Nested Object,,"SA, HP, CG, OS, EI",SA - Salary; HP - House Property; CG - Capital Gain; OS - Other sources; EI - Exempt Income, (allOf: nonEmptyString),
ITR2.ScheduleSI,Optional,object,Nested Object,,,Income chargeable to Income Tax at special rates,ScheduleSI,
ITR2.ScheduleSI.SplCodeRateTax,Optional,array,Array,minItems=1,,,,items: object
ITR2.ScheduleSI.TotSplRateInc,Mandatory,integer,Scalar,max=99999999999999; min=0; default=0,,,,
ITR2.ScheduleSI.TotSplRateIncTax,Mandatory,integer,Scalar,max=99999999999999; min=0; default=0,,,,
ITR2.ScheduleEI,Optional,object,Nested Object,,,,ScheduleEI,
ITR2.ScheduleEI.InterestInc,Optional,integer,Scalar,max=99999999999999; min=0; default=0,,,,
ITR2.ScheduleEI.GrossAgriRecpt,Optional,integer,Scalar,max=99999999999999; min=0; default=0,,,,
ITR2.ScheduleEI.ExpIncAgri,Optional,integer,Scalar,max=99999999999999; min=0; default=0,,,,
ITR2.ScheduleEI.UnabAgriLossPrev8,Optional,integer,Scalar,max=99999999999999; min=0; default=0,,,,
ITR2.ScheduleEI.NetAgriIncOrOthrIncRule7,Mandatory,integer,Scalar,max=99999999999999; min=0; default=0,,,,
ITR2.ScheduleEI.ExcNetAgriInc,Optional,object,Nested Object,,,,,
ITR2.ScheduleEI.OthersInc,Optional,object,Nested Object,,,,,
ITR2.ScheduleEI.Others,Mandatory,integer,Scalar,max=99999999999999; min=0; default=0,,,,
ITR2.ScheduleEI.IncNotChrgblAsPerDTAA,Optional,object,Nested Object,,,,,
ITR2.ScheduleEI.IncNotChrgblToTax,Mandatory,integer,Scalar,max=99999999999999; min=0; default=0,,,,
ITR2.ScheduleEI.PassThrIncNotChrgblTax,Optional,integer,Scalar,max=99999999999999; min=0; default=0,,,,
ITR2.ScheduleEI.TotalExemptInc,Mandatory,integer,Scalar,max=99999999999999; min=0; default=0,,,,
ITR2.SchedulePTI,Optional,object,Nested Object,,,,SchedulePTI,
ITR2.SchedulePTI.SchedulePTIDtls,Optional,array,Array,minItems=1,,,,items: object
ITR2.SchedulePTI.SchedulePTIDtls[].InvstmntCvrdUs115UA115UB,Mandatory,object,Nested Object,pattern=A|B|C,,A - 115UA; B - 115UB; C - 115U, (allOf: nonEmptyString),
ITR2.SchedulePTI.SchedulePTIDtls[].BusinessName,Mandatory,object,Nested Object,maxLength=125; minLength=1,,, (allOf: nonEmptyString),
ITR2.SchedulePTI.SchedulePTIDtls[].BusinessPAN,Mandatory,object,Nested Object,pattern=[A-Z]{5}[0-9]{4}[A-Z],,, (allOf: nonEmptyString),
ITR2.SchedulePTI.SchedulePTIDtls[].IncFromHP,Mandatory,object,Nested Object,,,,SchedulePTIType,
ITR2.SchedulePTI.SchedulePTIDtls[].IncFromHP.AmountOfInc,Mandatory,integer,Scalar,max=99999999999999; min=0,,,,
ITR2.SchedulePTI.SchedulePTIDtls[].IncFromHP.CurrYrLossShareByInvstFund,Mandatory,integer,Scalar,max=99999999999999; min=0,,,,
ITR2.SchedulePTI.SchedulePTIDtls[].IncFromHP.NetIncomeLoss,Mandatory,integer,Scalar,max=99999999999999; min=-99999999999999,,,,
ITR2.SchedulePTI.SchedulePTIDtls[].IncFromHP.TDSAmount,Mandatory,integer,Scalar,max=99999999999999; min=0,,,,
ITR2.SchedulePTI.SchedulePTIDtls[].CapitalGainsPTI,Mandatory,object,Nested Object,,,,,
ITR2.SchedulePTI.SchedulePTIDtls[].IncClmdPTI,Mandatory,object,Nested Object,,,,,
ITR2.SchedulePTI.SchedulePTIDtls[].IncOthSrc,Mandatory,object,Nested Object,,,,SchedulePTITypeOS23FBB,
ITR2.SchedulePTI.SchedulePTIDtls[].IncOthSrc.AmountOfInc,Mandatory,integer,Scalar,max=99999999999999; min=-99999999999999,,,,
ITR2.SchedulePTI.SchedulePTIDtls[].IncOthSrc.NetIncomeLoss,Mandatory,integer,Scalar,max=99999999999999; min=-99999999999999,,,,
ITR2.SchedulePTI.SchedulePTIDtls[].IncOthSrc.TDSAmount,Mandatory,integer,Scalar,max=99999999999999; min=0,,,,
ITR2.SchedulePTI.SchedulePTIDtls[].OS_Dividend,Mandatory,object,Nested Object,,,,SchedulePTITypeOS23FBB,
ITR2.SchedulePTI.SchedulePTIDtls[].OS_Dividend.AmountOfInc,Mandatory,integer,Scalar,max=99999999999999; min=-99999999999999,,,,
ITR2.SchedulePTI.SchedulePTIDtls[].OS_Dividend.NetIncomeLoss,Mandatory,integer,Scalar,max=99999999999999; min=-99999999999999,,,,
ITR2.SchedulePTI.SchedulePTIDtls[].OS_Dividend.TDSAmount,Mandatory,integer,Scalar,max=99999999999999; min=0,,,,
ITR2.SchedulePTI.SchedulePTIDtls[].OS_Others,Mandatory,object,Nested Object,,,,SchedulePTITypeOS23FBB,
ITR2.SchedulePTI.SchedulePTIDtls[].OS_Others.AmountOfInc,Mandatory,integer,Scalar,max=99999999999999; min=-99999999999999,,,,
ITR2.SchedulePTI.SchedulePTIDtls[].OS_Others.NetIncomeLoss,Mandatory,integer,Scalar,max=99999999999999; min=-99999999999999,,,,
ITR2.SchedulePTI.SchedulePTIDtls[].OS_Others.TDSAmount,Mandatory,integer,Scalar,max=99999999999999; min=0,,,,
ITR2.ScheduleFSI,Optional,object,Nested Object,,,,ScheduleFSI,
ITR2.ScheduleFSI.ScheduleFSIDtls,Optional,array,Array,minItems=1,,,,items: object
ITR2.ScheduleFSI.ScheduleFSIDtls[].CountryName,Mandatory,object,Nested Object,maxLength=55; minLength=1,,, (allOf: nonEmptyString),
ITR2.ScheduleFSI.ScheduleFSIDtls[].CountryCodeExcludingIndia,Mandatory,object,Nested Object,,"93, 1001, 355, 213, 684, 376, 244, 1264, 1010, 1268, 54, 374, 297, 61, 43, 994, 1242, 973, 880, 1246 ... (+229 more)",93:AFGHANISTAN; 1001:ÅLAND ISLANDS; 355:ALBANIA; 213:ALGERIA; 684:AMERICAN SAMOA; 376:ANDORRA; 244:ANGOLA; 1264:ANGUILLA; 1010:ANTARCTICA; 1268:ANTIGUA AND BARBUDA; 54:ARGENTINA; 374:ARMENIA; 297:ARUB,CountryCodeExcludingIndia (allOf: nonEmptyString),
ITR2.ScheduleFSI.ScheduleFSIDtls[].TaxIdentificationNo,Mandatory,object,Nested Object,maxLength=75; minLength=1,,, (allOf: nonEmptyString),
ITR2.ScheduleFSI.ScheduleFSIDtls[].IncFromSal,Mandatory,object,Nested Object,,,,ScheduleFSIIncType,
ITR2.ScheduleFSI.ScheduleFSIDtls[].IncFromSal.IncFrmOutsideInd,Mandatory,integer,Scalar,max=99999999999999; min=0,,,,
ITR2.ScheduleFSI.ScheduleFSIDtls[].IncFromSal.TaxPaidOutsideInd,Mandatory,integer,Scalar,max=99999999999999; min=0,,,,
ITR2.ScheduleFSI.ScheduleFSIDtls[].IncFromSal.TaxPayableinInd,Mandatory,integer,Scalar,max=99999999999999; min=0,,,,
ITR2.ScheduleFSI.ScheduleFSIDtls[].IncFromSal.TaxReliefinInd,Mandatory,integer,Scalar,max=99999999999999; min=0,,,,
ITR2.ScheduleFSI.ScheduleFSIDtls[].IncFromSal.DTAAReliefUs90or90A,Optional,object,Nested Object,maxLength=16,,, (allOf: nonEmptyString),
ITR2.ScheduleFSI.ScheduleFSIDtls[].IncFromHP,Mandatory,object,Nested Object,,,,ScheduleFSIIncType,
ITR2.ScheduleFSI.ScheduleFSIDtls[].IncFromHP.IncFrmOutsideInd,Mandatory,integer,Scalar,max=99999999999999; min=0,,,,
ITR2.ScheduleFSI.ScheduleFSIDtls[].IncFromHP.TaxPaidOutsideInd,Mandatory,integer,Scalar,max=99999999999999; min=0,,,,
ITR2.ScheduleFSI.ScheduleFSIDtls[].IncFromHP.TaxPayableinInd,Mandatory,integer,Scalar,max=99999999999999; min=0,,,,
ITR2.ScheduleFSI.ScheduleFSIDtls[].IncFromHP.TaxReliefinInd,Mandatory,integer,Scalar,max=99999999999999; min=0,,,,
ITR2.ScheduleFSI.ScheduleFSIDtls[].IncFromHP.DTAAReliefUs90or90A,Optional,object,Nested Object,maxLength=16,,, (allOf: nonEmptyString),
ITR2.ScheduleFSI.ScheduleFSIDtls[].IncCapGain,Mandatory,object,Nested Object,,,,ScheduleFSIIncType,
ITR2.ScheduleFSI.ScheduleFSIDtls[].IncCapGain.IncFrmOutsideInd,Mandatory,integer,Scalar,max=99999999999999; min=0,,,,
ITR2.ScheduleFSI.ScheduleFSIDtls[].IncCapGain.TaxPaidOutsideInd,Mandatory,integer,Scalar,max=99999999999999; min=0,,,,
ITR2.ScheduleFSI.ScheduleFSIDtls[].IncCapGain.TaxPayableinInd,Mandatory,integer,Scalar,max=99999999999999; min=0,,,,
ITR2.ScheduleFSI.ScheduleFSIDtls[].IncCapGain.TaxReliefinInd,Mandatory,integer,Scalar,max=99999999999999; min=0,,,,
ITR2.ScheduleFSI.ScheduleFSIDtls[].IncCapGain.DTAAReliefUs90or90A,Optional,object,Nested Object,maxLength=16,,, (allOf: nonEmptyString),
ITR2.ScheduleFSI.ScheduleFSIDtls[].IncOthSrc,Mandatory,object,Nested Object,,,,ScheduleFSIIncType,
ITR2.ScheduleFSI.ScheduleFSIDtls[].IncOthSrc.IncFrmOutsideInd,Mandatory,integer,Scalar,max=99999999999999; min=0,,,,
ITR2.ScheduleFSI.ScheduleFSIDtls[].IncOthSrc.TaxPaidOutsideInd,Mandatory,integer,Scalar,max=99999999999999; min=0,,,,
ITR2.ScheduleFSI.ScheduleFSIDtls[].IncOthSrc.TaxPayableinInd,Mandatory,integer,Scalar,max=99999999999999; min=0,,,,
ITR2.ScheduleFSI.ScheduleFSIDtls[].IncOthSrc.TaxReliefinInd,Mandatory,integer,Scalar,max=99999999999999; min=0,,,,
ITR2.ScheduleFSI.ScheduleFSIDtls[].IncOthSrc.DTAAReliefUs90or90A,Optional,object,Nested Object,maxLength=16,,, (allOf: nonEmptyString),
ITR2.ScheduleFSI.ScheduleFSIDtls[].TotalCountryWise,Mandatory,object,Nested Object,,,,TotalScheduleFSIIncType,
ITR2.ScheduleFSI.ScheduleFSIDtls[].TotalCountryWise.IncFrmOutsideInd,Mandatory,integer,Scalar,max=99999999999999; min=0,,,,
ITR2.ScheduleFSI.ScheduleFSIDtls[].TotalCountryWise.TaxPaidOutsideInd,Mandatory,integer,Scalar,max=99999999999999; min=0,,,,
ITR2.ScheduleFSI.ScheduleFSIDtls[].TotalCountryWise.TaxPayableinInd,Mandatory,integer,Scalar,max=99999999999999; min=0,,,,
ITR2.ScheduleFSI.ScheduleFSIDtls[].TotalCountryWise.TaxReliefinInd,Mandatory,integer,Scalar,max=99999999999999; min=0,,,,
ITR2.ScheduleTR1,Optional,object,Nested Object,,,,ScheduleTR1,
ITR2.ScheduleTR1.ScheduleTR,Optional,array,Array,,,,,items: object
ITR2.ScheduleTR1.ScheduleTR[].CountryName,Mandatory,object,Nested Object,maxLength=55; minLength=1,,, (allOf: nonEmptyString),
ITR2.ScheduleTR1.ScheduleTR[].CountryCodeExcludingIndia,Mandatory,object,Nested Object,,"93, 1001, 355, 213, 684, 376, 244, 1264, 1010, 1268, 54, 374, 297, 61, 43, 994, 1242, 973, 880, 1246 ... (+229 more)",93:AFGHANISTAN; 1001:ÅLAND ISLANDS; 355:ALBANIA; 213:ALGERIA; 684:AMERICAN SAMOA; 376:ANDORRA; 244:ANGOLA; 1264:ANGUILLA; 1010:ANTARCTICA; 1268:ANTIGUA AND BARBUDA; 54:ARGENTINA; 374:ARMENIA; 297:ARUB,CountryCodeExcludingIndia (allOf: nonEmptyString),
ITR2.ScheduleTR1.ScheduleTR[].TaxIdentificationNo,Mandatory,object,Nested Object,maxLength=75; minLength=1,,, (allOf: nonEmptyString),
ITR2.ScheduleTR1.ScheduleTR[].TaxPaidOutsideIndia,Mandatory,integer,Scalar,max=99999999999999; min=0,,,,
ITR2.ScheduleTR1.ScheduleTR[].TaxReliefOutsideIndia,Mandatory,integer,Scalar,max=99999999999999; min=0,,,,
ITR2.ScheduleTR1.ScheduleTR[].ReliefClaimedUsSection,Optional,object,Nested Object,,"90, 90A, 91",90 - 90; 90A - 90A; 91 - 91, (allOf: nonEmptyString),
ITR2.ScheduleTR1.TotalTaxPaidOutsideIndia,Mandatory,integer,Scalar,max=99999999999999; min=0,,,,
ITR2.ScheduleTR1.TotalTaxReliefOutsideIndia,Mandatory,integer,Scalar,max=99999999999999; min=0,,,,
ITR2.ScheduleTR1.TaxReliefOutsideIndiaDTAA,Mandatory,integer,Scalar,max=99999999999999; min=0,,,,
ITR2.ScheduleTR1.TaxReliefOutsideIndiaNotDTAA,Mandatory,integer,Scalar,max=99999999999999; min=0,,,,
ITR2.ScheduleTR1.TaxPaidOutsideIndFlg,Optional,object,Nested Object,,"YES, NO",, (allOf: nonEmptyString),
ITR2.ScheduleTR1.AmtTaxRefunded,Optional,integer,Scalar,max=99999999999999; min=-99999999999999,,,,
ITR2.ScheduleTR1.AssmtYrTaxRelief,Optional,object,Nested Object,pattern=[0-9][0-9][0-9][0-9]-[0-9][0-9],,Assessment year in which tax relief allowed in India, (allOf: nonEmptyString),
ITR2.ScheduleFA,Optional,object,Nested Object,,,Details of Foreign Assets,ScheduleFA,
ITR2.ScheduleFA.DetailsForiegnBank,Optional,array,Array,,,,,items: object
ITR2.ScheduleFA.DetailsForiegnBank[].CountryName,Mandatory,object,Nested Object,maxLength=55; minLength=1,,, (allOf: nonEmptyString),
ITR2.ScheduleFA.DetailsForiegnBank[].CountryCodeExcludingIndia,Mandatory,object,Nested Object,,"93, 1001, 355, 213, 684, 376, 244, 1264, 1010, 1268, 54, 374, 297, 61, 43, 994, 1242, 973, 880, 1246 ... (+229 more)",93:AFGHANISTAN; 1001:ÅLAND ISLANDS; 355:ALBANIA; 213:ALGERIA; 684:AMERICAN SAMOA; 376:ANDORRA; 244:ANGOLA; 1264:ANGUILLA; 1010:ANTARCTICA; 1268:ANTIGUA AND BARBUDA; 54:ARGENTINA; 374:ARMENIA; 297:ARUB,CountryCodeExcludingIndia (allOf: nonEmptyString),
ITR2.ScheduleFA.DetailsForiegnBank[].Bankname,Mandatory,object,Nested Object,maxLength=125; minLength=1,,, (allOf: nonEmptyString),
ITR2.ScheduleFA.DetailsForiegnBank[].AddressOfBank,Mandatory,object,Nested Object,maxLength=200; minLength=1,,, (allOf: nonEmptyString),
ITR2.ScheduleFA.DetailsForiegnBank[].ZipCode,Mandatory,object,Nested Object,maxLength=8; minLength=1,,, (allOf: nonEmptyString),
ITR2.ScheduleFA.DetailsForiegnBank[].ForeignAccountNumber,Mandatory,object,Nested Object,maxLength=34; minLength=1,,, (allOf: nonEmptyString),
ITR2.ScheduleFA.DetailsForiegnBank[].OwnerStatus,Mandatory,object,Nested Object,,"OWNER, BENEFICIAL_OWNER, BENIFICIARY",, (allOf: nonEmptyString),
ITR2.ScheduleFA.DetailsForiegnBank[].AccOpenDate,Mandatory,string,Scalar,pattern=([12]\d{3}-(0[1-9]|1[0-2])-(0[1-9]|[12]\d|3[01])),,Date in YYYY-MM-DD format,,
ITR2.ScheduleFA.DetailsForiegnBank[].PeakBalanceDuringYear,Mandatory,integer,Scalar,max=99999999999999; min=-99999999999999; default=0,,,,
ITR2.ScheduleFA.DetailsForiegnBank[].ClosingBalance,Mandatory,integer,Scalar,max=99999999999999; min=-99999999999999; default=0,,,,
ITR2.ScheduleFA.DetailsForiegnBank[].IntrstAccured,Mandatory,integer,Scalar,max=99999999999999; min=-99999999999999; default=0,,,,
ITR2.ScheduleFA.DtlsForeignCustodialAcc,Optional,array,Array,,,,,items: object
ITR2.ScheduleFA.DtlsForeignCustodialAcc[].CountryName,Mandatory,object,Nested Object,maxLength=55; minLength=1,,, (allOf: nonEmptyString),
ITR2.ScheduleFA.DtlsForeignCustodialAcc[].CountryCodeExcludingIndia,Mandatory,object,Nested Object,,"93, 1001, 355, 213, 684, 376, 244, 1264, 1010, 1268, 54, 374, 297, 61, 43, 994, 1242, 973, 880, 1246 ... (+229 more)",93:AFGHANISTAN; 1001:ÅLAND ISLANDS; 355:ALBANIA; 213:ALGERIA; 684:AMERICAN SAMOA; 376:ANDORRA; 244:ANGOLA; 1264:ANGUILLA; 1010:ANTARCTICA; 1268:ANTIGUA AND BARBUDA; 54:ARGENTINA; 374:ARMENIA; 297:ARUB,CountryCodeExcludingIndia (allOf: nonEmptyString),
ITR2.ScheduleFA.DtlsForeignCustodialAcc[].FinancialInstName,Mandatory,object,Nested Object,maxLength=125; minLength=1,,, (allOf: nonEmptyString),
ITR2.ScheduleFA.DtlsForeignCustodialAcc[].FinancialInstAddress,Mandatory,object,Nested Object,maxLength=200; minLength=1,,, (allOf: nonEmptyString),
ITR2.ScheduleFA.DtlsForeignCustodialAcc[].ZipCode,Mandatory,object,Nested Object,maxLength=8; minLength=1,,, (allOf: nonEmptyString),
ITR2.ScheduleFA.DtlsForeignCustodialAcc[].AccountNumber,Mandatory,object,Nested Object,maxLength=34; minLength=1,,, (allOf: nonEmptyString),
ITR2.ScheduleFA.DtlsForeignCustodialAcc[].Status,Mandatory,object,Nested Object,,"OWNER, BENEFICIAL_OWNER, BENIFICIARY",, (allOf: nonEmptyString),
ITR2.ScheduleFA.DtlsForeignCustodialAcc[].AccOpenDate,Mandatory,string,Scalar,pattern=([12]\d{3}-(0[1-9]|1[0-2])-(0[1-9]|[12]\d|3[01])),,Date in YYYY-MM-DD format,,
ITR2.ScheduleFA.DtlsForeignCustodialAcc[].PeakBalanceDuringPeriod,Mandatory,integer,Scalar,max=99999999999999; min=-99999999999999,,,,
ITR2.ScheduleFA.DtlsForeignCustodialAcc[].ClosingBalance,Mandatory,integer,Scalar,max=99999999999999; min=-99999999999999,,,,
ITR2.ScheduleFA.DtlsForeignCustodialAcc[].GrossAmtPaidCredited,Mandatory,integer,Scalar,max=99999999999999; min=0,,,,
ITR2.ScheduleFA.DtlsForeignCustodialAcc[].NatureOfAmount,Mandatory,object,Nested Object,,"I, D, S, O, N",I - Interest; D - Dividend; S - Proceeds from sale or redemption of financial assets; O - Other income; N - No Amount paid/credited, (allOf: nonEmptyString),
ITR2.ScheduleFA.DtlsForeignEquityDebtInterest,Optional,array,Array,,,,,items: object
ITR2.ScheduleFA.DtlsForeignEquityDebtInterest[].CountryName,Mandatory,object,Nested Object,maxLength=55; minLength=1,,, (allOf: nonEmptyString),
ITR2.ScheduleFA.DtlsForeignEquityDebtInterest[].CountryCodeExcludingIndia,Mandatory,object,Nested Object,,"93, 1001, 355, 213, 684, 376, 244, 1264, 1010, 1268, 54, 374, 297, 61, 43, 994, 1242, 973, 880, 1246 ... (+229 more)",93:AFGHANISTAN; 1001:ÅLAND ISLANDS; 355:ALBANIA; 213:ALGERIA; 684:AMERICAN SAMOA; 376:ANDORRA; 244:ANGOLA; 1264:ANGUILLA; 1010:ANTARCTICA; 1268:ANTIGUA AND BARBUDA; 54:ARGENTINA; 374:ARMENIA; 297:ARUB,CountryCodeExcludingIndia (allOf: nonEmptyString),
ITR2.ScheduleFA.DtlsForeignEquityDebtInterest[].NameOfEntity,Mandatory,object,Nested Object,maxLength=125; minLength=1,,, (allOf: nonEmptyString),
ITR2.ScheduleFA.DtlsForeignEquityDebtInterest[].AddressOfEntity,Mandatory,object,Nested Object,maxLength=200; minLength=1,,, (allOf: nonEmptyString),
ITR2.ScheduleFA.DtlsForeignEquityDebtInterest[].ZipCode,Mandatory,object,Nested Object,maxLength=8; minLength=1,,, (allOf: nonEmptyString),
ITR2.ScheduleFA.DtlsForeignEquityDebtInterest[].NatureOfEntity,Mandatory,object,Nested Object,maxLength=34; minLength=1,,, (allOf: nonEmptyString),
ITR2.ScheduleFA.DtlsForeignEquityDebtInterest[].InterestAcquiringDate,Mandatory,string,Scalar,pattern=([12]\d{3}-(0[1-9]|1[0-2])-(0[1-9]|[12]\d|3[01])),,Date in YYYY-MM-DD format,,
ITR2.ScheduleFA.DtlsForeignEquityDebtInterest[].InitialValOfInvstmnt,Mandatory,integer,Scalar,max=99999999999999; min=-99999999999999,,,,
ITR2.ScheduleFA.DtlsForeignEquityDebtInterest[].PeakBalanceDuringPeriod,Mandatory,integer,Scalar,max=99999999999999; min=-99999999999999,,,,
ITR2.ScheduleFA.DtlsForeignEquityDebtInterest[].ClosingBalance,Mandatory,integer,Scalar,max=99999999999999; min=-99999999999999,,,,
ITR2.ScheduleFA.DtlsForeignEquityDebtInterest[].TotGrossAmtPaidCredited,Mandatory,integer,Scalar,max=99999999999999; min=-99999999999999,,,,
ITR2.ScheduleFA.DtlsForeignEquityDebtInterest[].TotGrossProceeds,Mandatory,integer,Scalar,max=99999999999999; min=-99999999999999,,,,
ITR2.ScheduleFA.DtlsForeignCashValueInsurance,Optional,array,Array,,,,,items: object
ITR2.ScheduleFA.DtlsForeignCashValueInsurance[].CountryName,Mandatory,object,Nested Object,maxLength=55; minLength=1,,, (allOf: nonEmptyString),
ITR2.ScheduleFA.DtlsForeignCashValueInsurance[].CountryCodeExcludingIndia,Mandatory,object,Nested Object,,"93, 1001, 355, 213, 684, 376, 244, 1264, 1010, 1268, 54, 374, 297, 61, 43, 994, 1242, 973, 880, 1246 ... (+229 more)",93:AFGHANISTAN; 1001:ÅLAND ISLANDS; 355:ALBANIA; 213:ALGERIA; 684:AMERICAN SAMOA; 376:ANDORRA; 244:ANGOLA; 1264:ANGUILLA; 1010:ANTARCTICA; 1268:ANTIGUA AND BARBUDA; 54:ARGENTINA; 374:ARMENIA; 297:ARUB,CountryCodeExcludingIndia (allOf: nonEmptyString),
ITR2.ScheduleFA.DtlsForeignCashValueInsurance[].FinancialInstName,Mandatory,object,Nested Object,maxLength=125; minLength=1,,, (allOf: nonEmptyString),
ITR2.ScheduleFA.DtlsForeignCashValueInsurance[].FinancialInstAddress,Mandatory,object,Nested Object,maxLength=200; minLength=1,,, (allOf: nonEmptyString),
ITR2.ScheduleFA.DtlsForeignCashValueInsurance[].ZipCode,Mandatory,object,Nested Object,maxLength=8; minLength=1,,, (allOf: nonEmptyString),
ITR2.ScheduleFA.DtlsForeignCashValueInsurance[].ContractDate,Mandatory,string,Scalar,pattern=([12]\d{3}-(0[1-9]|1[0-2])-(0[1-9]|[12]\d|3[01])),,Date in YYYY-MM-DD format,,
ITR2.ScheduleFA.DtlsForeignCashValueInsurance[].CashValOrSurrenderVal,Mandatory,integer,Scalar,max=99999999999999; min=-99999999999999,,,,
ITR2.ScheduleFA.DtlsForeignCashValueInsurance[].TotGrossAmtPaidCredited,Mandatory,integer,Scalar,max=99999999999999; min=-99999999999999,,,,
ITR2.ScheduleFA.DetailsFinancialInterest,Optional,array,Array,,,,,items: object
ITR2.ScheduleFA.DetailsFinancialInterest[].CountryName,Mandatory,object,Nested Object,maxLength=55; minLength=1,,, (allOf: nonEmptyString),
ITR2.ScheduleFA.DetailsFinancialInterest[].CountryCodeExcludingIndia,Mandatory,object,Nested Object,,"93, 1001, 355, 213, 684, 376, 244, 1264, 1010, 1268, 54, 374, 297, 61, 43, 994, 1242, 973, 880, 1246 ... (+229 more)",93:AFGHANISTAN; 1001:ÅLAND ISLANDS; 355:ALBANIA; 213:ALGERIA; 684:AMERICAN SAMOA; 376:ANDORRA; 244:ANGOLA; 1264:ANGUILLA; 1010:ANTARCTICA; 1268:ANTIGUA AND BARBUDA; 54:ARGENTINA; 374:ARMENIA; 297:ARUB,CountryCodeExcludingIndia (allOf: nonEmptyString),
ITR2.ScheduleFA.DetailsFinancialInterest[].ZipCode,Mandatory,object,Nested Object,maxLength=8; minLength=1,,, (allOf: nonEmptyString),
ITR2.ScheduleFA.DetailsFinancialInterest[].NatureOfEntity,Optional,object,Nested Object,maxLength=100,,, (allOf: nonEmptyString),
ITR2.ScheduleFA.DetailsFinancialInterest[].NameOfEntity,Mandatory,object,Nested Object,maxLength=125; minLength=1,,, (allOf: nonEmptyString),
ITR2.ScheduleFA.DetailsFinancialInterest[].AddressOfEntity,Mandatory,object,Nested Object,maxLength=200; minLength=1,,, (allOf: nonEmptyString),
ITR2.ScheduleFA.DetailsFinancialInterest[].NatureOfInt,Mandatory,object,Nested Object,,"DIRECT, BENEFICIAL_OWNER, BENIFICIARY",, (allOf: nonEmptyString),
ITR2.ScheduleFA.DetailsFinancialInterest[].DateHeld,Mandatory,string,Scalar,pattern=([12]\d{3}-(0[1-9]|1[0-2])-(0[1-9]|[12]\d|3[01])),,Date in YYYY-MM-DD format,,
ITR2.ScheduleFA.DetailsFinancialInterest[].TotalInvestment,Mandatory,integer,Scalar,max=99999999999999; min=0; default=0,,,,
ITR2.ScheduleFA.DetailsFinancialInterest[].IncFromInt,Mandatory,integer,Scalar,max=99999999999999; min=-99999999999999,,,,
ITR2.ScheduleFA.DetailsFinancialInterest[].NatureOfInc,Mandatory,object,Nested Object,maxLength=100; minLength=1,,, (allOf: nonEmptyString),
ITR2.ScheduleFA.DetailsFinancialInterest[].IncTaxAmt,Mandatory,integer,Scalar,max=99999999999999; min=-99999999999999; default=0,,,,
ITR2.ScheduleFA.DetailsFinancialInterest[].IncTaxSch,Mandatory,object,Nested Object,,"SA, HP, CG, OS, EI, NI",SA - Salary; HP - House Property; CG - Capital Gains; OS - Other Sources; EI - Exempt Income; NI - No Income during the year, (allOf: nonEmptyString),
ITR2.ScheduleFA.DetailsFinancialInterest[].IncTaxSchNo,Mandatory,object,Nested Object,maxLength=50; minLength=1,,, (allOf: nonEmptyString),
ITR2.ScheduleFA.DetailsImmovableProperty,Optional,array,Array,,,,,items: object
ITR2.ScheduleFA.DetailsImmovableProperty[].CountryName,Mandatory,object,Nested Object,maxLength=55; minLength=1,,, (allOf: nonEmptyString),
ITR2.ScheduleFA.DetailsImmovableProperty[].CountryCodeExcludingIndia,Mandatory,object,Nested Object,,"93, 1001, 355, 213, 684, 376, 244, 1264, 1010, 1268, 54, 374, 297, 61, 43, 994, 1242, 973, 880, 1246 ... (+229 more)",93:AFGHANISTAN; 1001:ÅLAND ISLANDS; 355:ALBANIA; 213:ALGERIA; 684:AMERICAN SAMOA; 376:ANDORRA; 244:ANGOLA; 1264:ANGUILLA; 1010:ANTARCTICA; 1268:ANTIGUA AND BARBUDA; 54:ARGENTINA; 374:ARMENIA; 297:ARUB,CountryCodeExcludingIndia (allOf: nonEmptyString),
ITR2.ScheduleFA.DetailsImmovableProperty[].ZipCode,Mandatory,object,Nested Object,maxLength=8; minLength=1,,, (allOf: nonEmptyString),
ITR2.ScheduleFA.DetailsImmovableProperty[].AddressOfProperty,Optional,object,Nested Object,maxLength=200,,, (allOf: nonEmptyString),
ITR2.ScheduleFA.DetailsImmovableProperty[].Ownership,Mandatory,object,Nested Object,,"DIRECT, BENEFICIAL_OWNER, BENIFICIARY",, (allOf: nonEmptyString),
ITR2.ScheduleFA.DetailsImmovableProperty[].DateOfAcq,Mandatory,string,Scalar,pattern=([12]\d{3}-(0[1-9]|1[0-2])-(0[1-9]|[12]\d|3[01])),,Date in YYYY-MM-DD format,,
ITR2.ScheduleFA.DetailsImmovableProperty[].TotalInvestment,Mandatory,integer,Scalar,max=99999999999999; min=0; default=0,,,,
ITR2.ScheduleFA.DetailsImmovableProperty[].IncDrvProperty,Mandatory,integer,Scalar,max=99999999999999; min=-99999999999999,,,,
ITR2.ScheduleFA.DetailsImmovableProperty[].NatureOfInc,Mandatory,object,Nested Object,maxLength=100; minLength=1,,, (allOf: nonEmptyString),
ITR2.ScheduleFA.DetailsImmovableProperty[].IncTaxAmt,Mandatory,integer,Scalar,max=99999999999999; min=-99999999999999; default=0,,,,
ITR2.ScheduleFA.DetailsImmovableProperty[].IncTaxSch,Mandatory,object,Nested Object,,"SA, HP, CG, OS, EI, NI",SA - Salary; HP - House Property; CG - Capital Gains; OS - Other Sources; EI - Exempt Income; NI - No Income during the year, (allOf: nonEmptyString),
ITR2.ScheduleFA.DetailsImmovableProperty[].IncTaxSchNo,Mandatory,object,Nested Object,maxLength=50; minLength=1,,, (allOf: nonEmptyString),
ITR2.ScheduleFA.DetailsOthAssets,Optional,array,Array,,,,,items: object
ITR2.ScheduleFA.DetailsOthAssets[].CountryName,Mandatory,object,Nested Object,maxLength=55; minLength=1,,, (allOf: nonEmptyString),
ITR2.ScheduleFA.DetailsOthAssets[].CountryCodeExcludingIndia,Mandatory,object,Nested Object,,"93, 1001, 355, 213, 684, 376, 244, 1264, 1010, 1268, 54, 374, 297, 61, 43, 994, 1242, 973, 880, 1246 ... (+229 more)",93:AFGHANISTAN; 1001:ÅLAND ISLANDS; 355:ALBANIA; 213:ALGERIA; 684:AMERICAN SAMOA; 376:ANDORRA; 244:ANGOLA; 1264:ANGUILLA; 1010:ANTARCTICA; 1268:ANTIGUA AND BARBUDA; 54:ARGENTINA; 374:ARMENIA; 297:ARUB,CountryCodeExcludingIndia (allOf: nonEmptyString),
ITR2.ScheduleFA.DetailsOthAssets[].ZipCode,Mandatory,object,Nested Object,maxLength=8; minLength=1,,, (allOf: nonEmptyString),
ITR2.ScheduleFA.DetailsOthAssets[].NatureOfAsset,Mandatory,object,Nested Object,maxLength=100; minLength=1,,, (allOf: nonEmptyString),
ITR2.ScheduleFA.DetailsOthAssets[].Ownership,Mandatory,object,Nested Object,,"DIRECT, BENEFICIAL_OWNER, BENIFICIARY",, (allOf: nonEmptyString),
ITR2.ScheduleFA.DetailsOthAssets[].DateOfAcq,Mandatory,string,Scalar,pattern=([12]\d{3}-(0[1-9]|1[0-2])-(0[1-9]|[12]\d|3[01])),,Date in YYYY-MM-DD format,,
ITR2.ScheduleFA.DetailsOthAssets[].TotalInvestment,Mandatory,integer,Scalar,max=99999999999999; min=0; default=0,,,,
ITR2.ScheduleFA.DetailsOthAssets[].IncDrvAsset,Mandatory,integer,Scalar,max=99999999999999; min=-99999999999999,,,,
ITR2.ScheduleFA.DetailsOthAssets[].NatureOfInc,Mandatory,object,Nested Object,maxLength=100; minLength=1,,, (allOf: nonEmptyString),
ITR2.ScheduleFA.DetailsOthAssets[].IncTaxAmt,Mandatory,integer,Scalar,max=99999999999999; min=-99999999999999; default=0,,,,
ITR2.ScheduleFA.DetailsOthAssets[].IncTaxSch,Mandatory,object,Nested Object,,"SA, HP, CG, OS, EI, NI",SA - Salary; HP - House Property; CG - Capital Gains; OS - Other Sources; EI - Exempt Income; NI - No Income during the year, (allOf: nonEmptyString),
ITR2.ScheduleFA.DetailsOthAssets[].IncTaxSchNo,Mandatory,object,Nested Object,maxLength=50; minLength=1,,, (allOf: nonEmptyString),
ITR2.ScheduleFA.DetailsOfAccntsHvngSigningAuth,Optional,array,Array,,,,,items: object
ITR2.ScheduleFA.DetailsOfAccntsHvngSigningAuth[].NameOfInstitution,Mandatory,object,Nested Object,maxLength=125; minLength=1,,, (allOf: nonEmptyString),
ITR2.ScheduleFA.DetailsOfAccntsHvngSigningAuth[].AddressOfInstitution,Mandatory,object,Nested Object,maxLength=200; minLength=1,,, (allOf: nonEmptyString),
ITR2.ScheduleFA.DetailsOfAccntsHvngSigningAuth[].CountryName,Mandatory,object,Nested Object,maxLength=55; minLength=1,,, (allOf: nonEmptyString),
ITR2.ScheduleFA.DetailsOfAccntsHvngSigningAuth[].CountryCodeExcludingIndia,Mandatory,object,Nested Object,,"93, 1001, 355, 213, 684, 376, 244, 1264, 1010, 1268, 54, 374, 297, 61, 43, 994, 1242, 973, 880, 1246 ... (+229 more)",93:AFGHANISTAN; 1001:ÅLAND ISLANDS; 355:ALBANIA; 213:ALGERIA; 684:AMERICAN SAMOA; 376:ANDORRA; 244:ANGOLA; 1264:ANGUILLA; 1010:ANTARCTICA; 1268:ANTIGUA AND BARBUDA; 54:ARGENTINA; 374:ARMENIA; 297:ARUB,CountryCodeExcludingIndia (allOf: nonEmptyString),
ITR2.ScheduleFA.DetailsOfAccntsHvngSigningAuth[].ZipCode,Mandatory,object,Nested Object,maxLength=8; minLength=1,,, (allOf: nonEmptyString),
ITR2.ScheduleFA.DetailsOfAccntsHvngSigningAuth[].NameMentionedInAccnt,Mandatory,object,Nested Object,maxLength=125; minLength=1,,, (allOf: nonEmptyString),
ITR2.ScheduleFA.DetailsOfAccntsHvngSigningAuth[].InstitutionAccountNumber,Mandatory,object,Nested Object,maxLength=34; minLength=1,,, (allOf: nonEmptyString),
ITR2.ScheduleFA.DetailsOfAccntsHvngSigningAuth[].PeakBalanceOrInvestment,Mandatory,integer,Scalar,max=99999999999999; min=-99999999999999; default=0,,,,
ITR2.ScheduleFA.DetailsOfAccntsHvngSigningAuth[].IncAccuredTaxFlag,Mandatory,object,Nested Object,,"Y, N",Y - Yes; N - No, (allOf: nonEmptyString),
ITR2.ScheduleFA.DetailsOfAccntsHvngSigningAuth[].IncAccuredInAcc,Optional,integer,Scalar,max=99999999999999; min=-99999999999999,,,,
ITR2.ScheduleFA.DetailsOfAccntsHvngSigningAuth[].IncOfferedAmt,Optional,integer,Scalar,max=99999999999999; min=-99999999999999,,,,
ITR2.ScheduleFA.DetailsOfAccntsHvngSigningAuth[].IncOfferedSch,Optional,object,Nested Object,,"SA, HP, CG, OS, EI, NI",SA - Salary; HP - House Property; CG - Capital Gains; OS - Other Sources; EI - Exempt Income; NI - No Income during the year, (allOf: nonEmptyString),
ITR2.ScheduleFA.DetailsOfAccntsHvngSigningAuth[].IncOfferedSchNo,Optional,object,Nested Object,maxLength=50,,, (allOf: nonEmptyString),
ITR2.ScheduleFA.DetailsOfTrustOutIndiaTrustee,Optional,array,Array,,,,,items: object
ITR2.ScheduleFA.DetailsOfTrustOutIndiaTrustee[].CountryName,Mandatory,object,Nested Object,maxLength=55; minLength=1,,, (allOf: nonEmptyString),
ITR2.ScheduleFA.DetailsOfTrustOutIndiaTrustee[].CountryCodeExcludingIndia,Mandatory,object,Nested Object,,"93, 1001, 355, 213, 684, 376, 244, 1264, 1010, 1268, 54, 374, 297, 61, 43, 994, 1242, 973, 880, 1246 ... (+229 more)",93:AFGHANISTAN; 1001:ÅLAND ISLANDS; 355:ALBANIA; 213:ALGERIA; 684:AMERICAN SAMOA; 376:ANDORRA; 244:ANGOLA; 1264:ANGUILLA; 1010:ANTARCTICA; 1268:ANTIGUA AND BARBUDA; 54:ARGENTINA; 374:ARMENIA; 297:ARUB,CountryCodeExcludingIndia (allOf: nonEmptyString),
ITR2.ScheduleFA.DetailsOfTrustOutIndiaTrustee[].ZipCode,Mandatory,object,Nested Object,maxLength=8; minLength=1,,, (allOf: nonEmptyString),
ITR2.ScheduleFA.DetailsOfTrustOutIndiaTrustee[].NameOfTrust,Mandatory,object,Nested Object,maxLength=125; minLength=1,,, (allOf: nonEmptyString),
ITR2.ScheduleFA.DetailsOfTrustOutIndiaTrustee[].AddressOfTrust,Mandatory,object,Nested Object,maxLength=200; minLength=1,,, (allOf: nonEmptyString),
ITR2.ScheduleFA.DetailsOfTrustOutIndiaTrustee[].NameOfOtherTrustees,Mandatory,object,Nested Object,maxLength=125; minLength=1,,, (allOf: nonEmptyString),
ITR2.ScheduleFA.DetailsOfTrustOutIndiaTrustee[].AddressOfOtherTrustees,Mandatory,object,Nested Object,maxLength=200; minLength=1,,, (allOf: nonEmptyString),
ITR2.ScheduleFA.DetailsOfTrustOutIndiaTrustee[].NameOfSettlor,Mandatory,object,Nested Object,maxLength=125; minLength=1,,, (allOf: nonEmptyString),
ITR2.ScheduleFA.DetailsOfTrustOutIndiaTrustee[].AddressOfSettlor,Mandatory,object,Nested Object,maxLength=200; minLength=1,,, (allOf: nonEmptyString),
ITR2.ScheduleFA.DetailsOfTrustOutIndiaTrustee[].NameOfBeneficiaries,Mandatory,object,Nested Object,maxLength=125; minLength=1,,, (allOf: nonEmptyString),
ITR2.ScheduleFA.DetailsOfTrustOutIndiaTrustee[].AddressOfBeneficiaries,Mandatory,object,Nested Object,maxLength=200; minLength=1,,, (allOf: nonEmptyString),
ITR2.ScheduleFA.DetailsOfTrustOutIndiaTrustee[].DateHeld,Mandatory,string,Scalar,pattern=([12]\d{3}-(0[1-9]|1[0-2])-(0[1-9]|[12]\d|3[01])),,Date in YYYY-MM-DD format,,
ITR2.ScheduleFA.DetailsOfTrustOutIndiaTrustee[].IncDrvTaxFlag,Mandatory,object,Nested Object,,"Y, N",Y - Yes; N - No, (allOf: nonEmptyString),
ITR2.ScheduleFA.DetailsOfTrustOutIndiaTrustee[].IncDrvFromTrust,Optional,integer,Scalar,max=99999999999999; min=-99999999999999,,,,
ITR2.ScheduleFA.DetailsOfTrustOutIndiaTrustee[].IncOfferedAmt,Optional,integer,Scalar,max=99999999999999; min=-99999999999999,,,,
ITR2.ScheduleFA.DetailsOfTrustOutIndiaTrustee[].IncOfferedSch,Optional,object,Nested Object,,"SA, HP, CG, OS, EI, NI",SA - Salary; HP - House Property; CG - Capital Gains; OS - Other Sources; EI - Exempt Income; NI - No Income during the year, (allOf: nonEmptyString),
ITR2.ScheduleFA.DetailsOfTrustOutIndiaTrustee[].IncOfferedSchNo,Optional,object,Nested Object,maxLength=50,,, (allOf: nonEmptyString),
ITR2.ScheduleFA.DetailsOfOthSourcesIncOutsideIndia,Optional,array,Array,,,,,items: object
ITR2.ScheduleFA.DetailsOfOthSourcesIncOutsideIndia[].CountryName,Mandatory,object,Nested Object,maxLength=55; minLength=1,,, (allOf: nonEmptyString),
ITR2.ScheduleFA.DetailsOfOthSourcesIncOutsideIndia[].CountryCodeExcludingIndia,Mandatory,object,Nested Object,,"93, 1001, 355, 213, 684, 376, 244, 1264, 1010, 1268, 54, 374, 297, 61, 43, 994, 1242, 973, 880, 1246 ... (+229 more)",93:AFGHANISTAN; 1001:ÅLAND ISLANDS; 355:ALBANIA; 213:ALGERIA; 684:AMERICAN SAMOA; 376:ANDORRA; 244:ANGOLA; 1264:ANGUILLA; 1010:ANTARCTICA; 1268:ANTIGUA AND BARBUDA; 54:ARGENTINA; 374:ARMENIA; 297:ARUB,CountryCodeExcludingIndia (allOf: nonEmptyString),
ITR2.ScheduleFA.DetailsOfOthSourcesIncOutsideIndia[].ZipCode,Mandatory,object,Nested Object,maxLength=8; minLength=1,,, (allOf: nonEmptyString),
ITR2.ScheduleFA.DetailsOfOthSourcesIncOutsideIndia[].NameOfPerson,Mandatory,object,Nested Object,maxLength=125; minLength=1,,, (allOf: nonEmptyString),
ITR2.ScheduleFA.DetailsOfOthSourcesIncOutsideIndia[].AddressOfPerson,Mandatory,object,Nested Object,maxLength=200; minLength=1,,, (allOf: nonEmptyString),
ITR2.ScheduleFA.DetailsOfOthSourcesIncOutsideIndia[].IncDerived,Optional,integer,Scalar,max=99999999999999; min=-99999999999999,,,,
ITR2.ScheduleFA.DetailsOfOthSourcesIncOutsideIndia[].NatureOfInc,Mandatory,object,Nested Object,maxLength=100; minLength=1,,, (allOf: nonEmptyString),
ITR2.ScheduleFA.DetailsOfOthSourcesIncOutsideIndia[].IncDrvTaxFlag,Mandatory,object,Nested Object,,"Y, N",Y - Yes; N - No, (allOf: nonEmptyString),
ITR2.ScheduleFA.DetailsOfOthSourcesIncOutsideIndia[].IncOfferedAmt,Optional,integer,Scalar,max=99999999999999; min=-99999999999999,,,,
ITR2.ScheduleFA.DetailsOfOthSourcesIncOutsideIndia[].IncOfferedSch,Optional,object,Nested Object,,"SA, HP, CG, OS, EI, NI",SA - Salary; HP - House Property; CG - Capital Gains; OS - Other Sources; EI - Exempt Income; NI - No Income during the year, (allOf: nonEmptyString),
ITR2.ScheduleFA.DetailsOfOthSourcesIncOutsideIndia[].IncOfferedSchNo,Optional,object,Nested Object,maxLength=50,,, (allOf: nonEmptyString),
ITR2.Schedule5A2014,Optional,object,Nested Object,,,Schedule 5A Information regarding apportionment of income between spouses governed by Portuguese Civil Code,Schedule5A2014,
ITR2.Schedule5A2014.NameOfSpouse,Mandatory,object,Nested Object,maxLength=125; minLength=1,,, (allOf: nonEmptyString),
ITR2.Schedule5A2014.PANOfSpouse,Mandatory,object,Nested Object,pattern=[A-Z]{5}[0-9]{4}[A-Z],,, (allOf: nonEmptyString),
ITR2.Schedule5A2014.AadhaarOfSpouse,Optional,object,Nested Object,pattern=[0-9]{12},,, (allOf: nonEmptyString),
ITR2.Schedule5A2014.HPHeadIncome,Mandatory,object,Nested Object,,,,Sch5AIncType,
ITR2.Schedule5A2014.HPHeadIncome.IncRecvdUndHead,Mandatory,integer,Scalar,max=99999999999999; min=0,,,,
ITR2.Schedule5A2014.HPHeadIncome.AmtApprndOfSpouse,Mandatory,integer,Scalar,max=99999999999999; min=-99999999999999,,,,
ITR2.Schedule5A2014.HPHeadIncome.AmtTDSDeducted,Mandatory,integer,Scalar,max=99999999999999; min=-99999999999999,,,,
ITR2.Schedule5A2014.HPHeadIncome.TDSApprndOfSpouse,Mandatory,integer,Scalar,max=99999999999999; min=-99999999999999,,,,
ITR2.Schedule5A2014.CapGainHeadIncome,Mandatory,object,Nested Object,,,,Sch5AIncType,
ITR2.Schedule5A2014.CapGainHeadIncome.IncRecvdUndHead,Mandatory,integer,Scalar,max=99999999999999; min=0,,,,
ITR2.Schedule5A2014.CapGainHeadIncome.AmtApprndOfSpouse,Mandatory,integer,Scalar,max=99999999999999; min=-99999999999999,,,,
ITR2.Schedule5A2014.CapGainHeadIncome.AmtTDSDeducted,Mandatory,integer,Scalar,max=99999999999999; min=-99999999999999,,,,
ITR2.Schedule5A2014.CapGainHeadIncome.TDSApprndOfSpouse,Mandatory,integer,Scalar,max=99999999999999; min=-99999999999999,,,,
ITR2.Schedule5A2014.OtherSourcesHeadIncome,Mandatory,object,Nested Object,,,,Sch5AIncType,
ITR2.Schedule5A2014.OtherSourcesHeadIncome.IncRecvdUndHead,Mandatory,integer,Scalar,max=99999999999999; min=0,,,,
ITR2.Schedule5A2014.OtherSourcesHeadIncome.AmtApprndOfSpouse,Mandatory,integer,Scalar,max=99999999999999; min=-99999999999999,,,,
ITR2.Schedule5A2014.OtherSourcesHeadIncome.AmtTDSDeducted,Mandatory,integer,Scalar,max=99999999999999; min=-99999999999999,,,,
ITR2.Schedule5A2014.OtherSourcesHeadIncome.TDSApprndOfSpouse,Mandatory,integer,Scalar,max=99999999999999; min=-99999999999999,,,,
ITR2.Schedule5A2014.TotalHeadIncome,Mandatory,object,Nested Object,,,,Sch5AIncType,
ITR2.Schedule5A2014.TotalHeadIncome.IncRecvdUndHead,Mandatory,integer,Scalar,max=99999999999999; min=0,,,,
ITR2.Schedule5A2014.TotalHeadIncome.AmtApprndOfSpouse,Mandatory,integer,Scalar,max=99999999999999; min=-99999999999999,,,,
ITR2.Schedule5A2014.TotalHeadIncome.AmtTDSDeducted,Mandatory,integer,Scalar,max=99999999999999; min=-99999999999999,,,,
ITR2.Schedule5A2014.TotalHeadIncome.TDSApprndOfSpouse,Mandatory,integer,Scalar,max=99999999999999; min=-99999999999999,,,,
ITR2.ScheduleAL,Optional,object,Nested Object,,,,ScheduleAL,
ITR2.ScheduleAL.ImmovableDetails,Optional,array,Array,,,,,items: object
ITR2.ScheduleAL.ImmovableDetails[].Description,Mandatory,object,Nested Object,maxLength=25; minLength=1,,, (allOf: nonEmptyString),
ITR2.ScheduleAL.ImmovableDetails[].AddressAL,Mandatory,object,Nested Object,,,Address of immovable property in Sch AL,AddressAL,
ITR2.ScheduleAL.ImmovableDetails[].AddressAL.ResidenceNo,Mandatory,object,Nested Object,maxLength=50; minLength=1,,, (allOf: nonEmptyString),
ITR2.ScheduleAL.ImmovableDetails[].AddressAL.ResidenceName,Optional,object,Nested Object,maxLength=50; minLength=1,,, (allOf: nonEmptyString),
ITR2.ScheduleAL.ImmovableDetails[].AddressAL.RoadOrStreet,Optional,object,Nested Object,maxLength=50; minLength=1,,, (allOf: nonEmptyString),
ITR2.ScheduleAL.ImmovableDetails[].AddressAL.LocalityOrArea,Mandatory,object,Nested Object,maxLength=50; minLength=1,,, (allOf: nonEmptyString),
ITR2.ScheduleAL.ImmovableDetails[].AddressAL.CityOrTownOrDistrict,Mandatory,object,Nested Object,maxLength=50; minLength=1,,, (allOf: nonEmptyString),
ITR2.ScheduleAL.ImmovableDetails[].AddressAL.StateCode,Mandatory,object,Nested Object,,"01, 02, 03, 04, 05, 06, 07, 08, 09, 10, 11, 12, 13, 14, 15, 16, 17, 18, 19, 20 ... (+18 more)",01-Andaman and Nicobar islands; 02-Andhra Pradesh; 03-Arunachal Pradesh; 04-Assam; 05-Bihar; 06-Chandigarh; 07-Dadra Nagar and Haveli; 08-Daman and Diu; 09- Delhi; 10- Goa; 11-Gujarat; 12- Haryana; 13,StateCode (allOf: nonEmptyString),
ITR2.ScheduleAL.ImmovableDetails[].AddressAL.CountryCode,Mandatory,object,Nested Object,,"93, 1001, 355, 213, 684, 376, 244, 1264, 1010, 1268, 54, 374, 297, 61, 43, 994, 1242, 973, 880, 1246 ... (+230 more)",93:AFGHANISTAN; 1001:ÅLAND ISLANDS; 355:ALBANIA; 213:ALGERIA; 684:AMERICAN SAMOA; 376:ANDORRA; 244:ANGOLA; 1264:ANGUILLA; 1010:ANTARCTICA; 1268:ANTIGUA AND BARBUDA; 54:ARGENTINA; 374:ARMENIA; 297:ARUB,CountryCode (allOf: nonEmptyString),
ITR2.ScheduleAL.ImmovableDetails[].AddressAL.PinCode,Optional,integer,Scalar,pattern=[1-9]{1}[0-9]{5}; max=999999; min=100000,,,,
ITR2.ScheduleAL.ImmovableDetails[].AddressAL.ZipCode,Optional,object,Nested Object,maxLength=8,,, (allOf: nonEmptyString),
ITR2.ScheduleAL.ImmovableDetails[].Amount,Mandatory,integer,Scalar,max=99999999999999; min=0,,,,
ITR2.ScheduleAL.MovableAsset,Mandatory,object,Nested Object,,,,MovableAsset,
ITR2.ScheduleAL.MovableAsset.DepositsInBank,Mandatory,integer,Scalar,max=99999999999999; min=0,,,,
ITR2.ScheduleAL.MovableAsset.SharesAndSecurities,Mandatory,integer,Scalar,max=99999999999999; min=0,,,,
ITR2.ScheduleAL.MovableAsset.InsurancePolicies,Mandatory,integer,Scalar,max=99999999999999; min=0,,,,
ITR2.ScheduleAL.MovableAsset.LoansAndAdvancesGiven,Mandatory,integer,Scalar,max=99999999999999; min=0,,,,
ITR2.ScheduleAL.MovableAsset.CashInHand,Mandatory,integer,Scalar,max=99999999999999; min=0,,,,
ITR2.ScheduleAL.MovableAsset.JewelleryBullionEtc,Mandatory,integer,Scalar,max=99999999999999; min=0,,,,
ITR2.ScheduleAL.MovableAsset.ArchCollDrawPaintSulpArt,Mandatory,integer,Scalar,max=99999999999999; min=0,,,,
ITR2.ScheduleAL.MovableAsset.VehiclYachtsBoatsAircrafts,Mandatory,integer,Scalar,max=99999999999999; min=0,,,,
ITR2.ScheduleAL.LiabilityInRelatAssets,Mandatory,integer,Scalar,max=99999999999999; min=0,,,,
ITR2.PartB-TI,Mandatory,object,Nested Object,,,Computation of Total Income,PartB-TI,
ITR2.PartB-TI.Salaries,Mandatory,integer,Scalar,max=99999999999999; min=0,,Income from Salary,,
ITR2.PartB-TI.IncomeFromHP,Mandatory,integer,Scalar,max=99999999999999; min=0,,Income from house property,,
ITR2.PartB-TI.CapGain,Mandatory,object,Nested Object,,,capital gains,CapGain,
ITR2.PartB-TI.CapGain.ShortTerm,Mandatory,object,Nested Object,,,Short term gains,ShortTerm,
ITR2.PartB-TI.CapGain.ShortTerm.ShortTerm20Per,Mandatory,integer,Scalar,max=99999999999999; min=0,,Short-term chargeable @ 20%,,
ITR2.PartB-TI.CapGain.ShortTerm.ShortTerm30Per,Mandatory,integer,Scalar,max=99999999999999; min=0,,Short-term chargeable @ 30%,,
ITR2.PartB-TI.CapGain.ShortTerm.ShortTermAppRate,Mandatory,integer,Scalar,max=99999999999999; min=0,,Short-term chargeable at applicable rate,,
ITR2.PartB-TI.CapGain.ShortTerm.ShortTermSplRateDTAA,Mandatory,integer,Scalar,max=99999999999999; min=0,,Short-term chargeable at special rates in India as per DTAA,,
ITR2.PartB-TI.CapGain.ShortTerm.TotalShortTerm,Mandatory,integer,Scalar,max=99999999999999; min=0,,,,
ITR2.PartB-TI.CapGain.LongTerm,Mandatory,object,Nested Object,,,Long term gains,LongTerm,
ITR2.PartB-TI.CapGain.LongTerm.LongTerm12_5Per,Mandatory,integer,Scalar,max=99999999999999; min=0,,,,
ITR2.PartB-TI.CapGain.LongTerm.LongTermSplRateDTAA,Mandatory,integer,Scalar,max=99999999999999; min=0,,,,
ITR2.PartB-TI.CapGain.LongTerm.TotalLongTerm,Mandatory,integer,Scalar,max=99999999999999; min=0,,,,
ITR2.PartB-TI.CapGain.ShortTermLongTermTotal,Mandatory,integer,Scalar,max=99999999999999; min=0,,,,
ITR2.PartB-TI.CapGain.CapGains30Per115BBH,Mandatory,integer,Scalar,max=99999999999999; min=0,,,,
ITR2.PartB-TI.CapGain.TotalCapGains,Mandatory,integer,Scalar,max=99999999999999; min=0,,,,
ITR2.PartB-TI.IncFromOS,Mandatory,object,Nested Object,,,Income of other sources,IncFromOS,
ITR2.PartB-TI.IncFromOS.OtherSrcThanOwnRaceHorse,Mandatory,integer,Scalar,max=99999999999999; min=0,,,,
ITR2.PartB-TI.IncFromOS.IncChargblSplRate,Mandatory,integer,Scalar,max=99999999999999; min=0,,,,
ITR2.PartB-TI.IncFromOS.FromOwnRaceHorse,Mandatory,integer,Scalar,max=99999999999999; min=0,,,,
ITR2.PartB-TI.IncFromOS.TotIncFromOS,Mandatory,integer,Scalar,max=99999999999999; min=0,,,,
ITR2.PartB-TI.TotalTI,Mandatory,integer,Scalar,max=99999999999999; min=0; default=0,,,,
ITR2.PartB-TI.CurrentYearLoss,Mandatory,integer,Scalar,max=99999999999999; min=0,,Losses of current year set off from CYLA,,
ITR2.PartB-TI.BalanceAfterSetoffLosses,Mandatory,integer,Scalar,max=99999999999999; min=0; default=0,,Balance after set-off current year losses,,
ITR2.PartB-TI.BroughtFwdLossesSetoff,Mandatory,integer,Scalar,max=99999999999999; min=0,,Brought forward losses set off from BFLA,,
ITR2.PartB-TI.GrossTotalIncome,Mandatory,integer,Scalar,max=99999999999999; min=0; default=0,,Gross Total income,,
ITR2.PartB-TI.IncChargeTaxSplRate111A112,Mandatory,integer,Scalar,max=99999999999999; min=0; default=0,,,,
ITR2.PartB-TI.DeductionsUnderScheduleVIA,Mandatory,integer,Scalar,max=99999999999999; min=0,,From Schedule VIA,,
ITR2.PartB-TI.TotalIncome,Mandatory,integer,Scalar,max=99999999999999; min=0; default=0,,,,
ITR2.PartB-TI.IncChargeableTaxSplRates,Mandatory,integer,Scalar,max=99999999999999; min=0,,From total of (i) of schedule SI,,
ITR2.PartB-TI.NetAgricultureIncomeOrOtherIncomeForRate,Mandatory,integer,Scalar,max=99999999999999; min=0,,From Schedule EI,,
ITR2.PartB-TI.AggregateIncome,Mandatory,integer,Scalar,max=99999999999999; min=0; default=0,,,,
ITR2.PartB-TI.LossesOfCurrentYearCarriedFwd,Mandatory,integer,Scalar,max=99999999999999; min=0,,Losses of current year to be carried forward from CFL,,
ITR2.PartB-TI.DeemedIncomeUs115JC,Mandatory,integer,Scalar,max=99999999999999; min=0; default=0,,,,
ITR2.PartB_TTI,Mandatory,object,Nested Object,,,Computation of tax liability on total income,PartB_TTI,
ITR2.PartB_TTI.TaxPayDeemedTotIncUs115JC,Mandatory,integer,Scalar,max=99999999999999; min=0; default=0,,,,
ITR2.PartB_TTI.Surcharge,Mandatory,integer,Scalar,max=99999999999999; min=0; default=0,,,,
ITR2.PartB_TTI.HealthEduCess,Mandatory,integer,Scalar,max=99999999999999; min=0; default=0,,,,
ITR2.PartB_TTI.TotalTaxPayablDeemedTotInc,Mandatory,integer,Scalar,max=99999999999999; min=0; default=0,,,,
ITR2.PartB_TTI.ComputationOfTaxLiability,Mandatory,object,Nested Object,,,,ComputationOfTaxLiability,
ITR2.PartB_TTI.ComputationOfTaxLiability.TaxPayableOnTI,Mandatory,object,Nested Object,,,,TaxPayableOnTI,
ITR2.PartB_TTI.ComputationOfTaxLiability.TaxPayableOnTI.TaxAtNormalRatesOnAggrInc,Mandatory,integer,Scalar,max=99999999999999; min=0; default=0,,,,
ITR2.PartB_TTI.ComputationOfTaxLiability.TaxPayableOnTI.TaxAtSpecialRates,Mandatory,integer,Scalar,max=99999999999999; min=0; default=0,,,,
ITR2.PartB_TTI.ComputationOfTaxLiability.TaxPayableOnTI.RebateOnAgriInc,Mandatory,integer,Scalar,max=99999999999999; min=0,,,,
ITR2.PartB_TTI.ComputationOfTaxLiability.TaxPayableOnTI.TaxPayableOnTotInc,Mandatory,integer,Scalar,max=99999999999999; min=0; default=0,,,,
ITR2.PartB_TTI.ComputationOfTaxLiability.Rebate87A,Mandatory,integer,Scalar,min=0; default=0,,,,
ITR2.PartB_TTI.ComputationOfTaxLiability.TaxPayableOnRebate,Mandatory,integer,Scalar,max=99999999999999; min=0; default=0,,,,
ITR2.PartB_TTI.ComputationOfTaxLiability.Surcharge25ofSI,Mandatory,integer,Scalar,max=99999999999999; min=0,,115BBE Surcharge after marginal relief,,
ITR2.PartB_TTI.ComputationOfTaxLiability.SurchargeOnAboveCrore,Mandatory,integer,Scalar,max=99999999999999; min=0,,Surcharge other than 115BBE after marginal relief,,
ITR2.PartB_TTI.ComputationOfTaxLiability.Surcharge25ofSIBeforeMarginal,Mandatory,integer,Scalar,max=99999999999999; min=0,,115BBE Surcharge before marginal relief,,
ITR2.PartB_TTI.ComputationOfTaxLiability.SurchargeOnAboveCroreBeforeMarginal,Mandatory,integer,Scalar,max=99999999999999; min=0,,Surcharge other than 115BBE before marginal relief,,
ITR2.PartB_TTI.ComputationOfTaxLiability.TotalSurcharge,Mandatory,integer,Scalar,max=99999999999999; min=0,,,,
ITR2.PartB_TTI.ComputationOfTaxLiability.EducationCess,Mandatory,integer,Scalar,max=99999999999999; min=0; default=0,,Education Cess,,
ITR2.PartB_TTI.ComputationOfTaxLiability.GrossTaxLiability,Mandatory,integer,Scalar,max=99999999999999; min=0; default=0,,,,
ITR2.PartB_TTI.ComputationOfTaxLiability.GrossTaxPayable,Mandatory,integer,Scalar,max=99999999999999; min=0; default=0,,,,
ITR2.PartB_TTI.ComputationOfTaxLiability.GrossTaxPay,Optional,object,Nested Object,,,Gross tax payable,GrossTaxPay,
ITR2.PartB_TTI.ComputationOfTaxLiability.GrossTaxPay.TaxInc17,Mandatory,integer,Scalar,max=99999999999999; min=0,,"Tax on income without including income on perquisites referred in section 17(2)(vi) received from employer, being an eligible start-up referred to in section 80-IAC ( Schedule Salary)",,
ITR2.PartB_TTI.ComputationOfTaxLiability.GrossTaxPay.TaxDeferred17,Mandatory,integer,Scalar,max=99999999999999; min=0,,"Tax deferred - relatable to income on perquisites referred in section 17(2)(vi) received from employer, being an eligible start-up referred to in section 80-IAC",,
ITR2.PartB_TTI.ComputationOfTaxLiability.GrossTaxPay.TaxDeferredPayableCY,Mandatory,integer,Scalar,max=99999999999999; min=0,,Tax deferred from earlier years but payable during current AY (Total of col. 7 of schedule Tax Deferred on ESOP),,
ITR2.PartB_TTI.ComputationOfTaxLiability.CreditUS115JD,Mandatory,integer,Scalar,max=99999999999999; min=0; default=0,,,,
ITR2.PartB_TTI.ComputationOfTaxLiability.TaxPayAfterCreditUs115JD,Mandatory,integer,Scalar,max=99999999999999; min=0; default=0,,,,
ITR2.PartB_TTI.ComputationOfTaxLiability.TaxRelief,Optional,object,Nested Object,,,Tax relief,TaxRelief,
ITR2.PartB_TTI.ComputationOfTaxLiability.TaxRelief.Section89,Optional,integer,Scalar,max=99999999999999; min=0; default=0,,,,
ITR2.PartB_TTI.ComputationOfTaxLiability.TaxRelief.Section90,Optional,integer,Scalar,max=99999999999999; min=0; default=0,,,,
ITR2.PartB_TTI.ComputationOfTaxLiability.TaxRelief.Section91,Optional,integer,Scalar,max=99999999999999; min=0; default=0,,,,
ITR2.PartB_TTI.ComputationOfTaxLiability.TaxRelief.TotTaxRelief,Mandatory,integer,Scalar,max=99999999999999; min=0; default=0,,,,
ITR2.PartB_TTI.ComputationOfTaxLiability.NetTaxLiability,Mandatory,integer,Scalar,max=99999999999999; min=0; default=0,,,,
ITR2.PartB_TTI.ComputationOfTaxLiability.IntrstPay,Mandatory,object,Nested Object,,,,IntrstPay,
ITR2.PartB_TTI.ComputationOfTaxLiability.IntrstPay.IntrstPayUs234A,Mandatory,integer,Scalar,max=99999999999999; min=0; default=0,,,,
ITR2.PartB_TTI.ComputationOfTaxLiability.IntrstPay.IntrstPayUs234B,Mandatory,integer,Scalar,max=99999999999999; min=0; default=0,,,,
ITR2.PartB_TTI.ComputationOfTaxLiability.IntrstPay.IntrstPayUs234C,Mandatory,integer,Scalar,max=99999999999999; min=0; default=0,,,,
ITR2.PartB_TTI.ComputationOfTaxLiability.IntrstPay.LateFilingFee234F,Mandatory,integer,Scalar,max=5000; min=0; default=0,,,,
ITR2.PartB_TTI.ComputationOfTaxLiability.IntrstPay.TotalIntrstPay,Mandatory,integer,Scalar,max=99999999999999; min=0; default=0,,,,
ITR2.PartB_TTI.ComputationOfTaxLiability.IntrstPay.FeeFurnish234I,Optional,integer,Scalar,max=5000; min=0; default=0,,,,
ITR2.PartB_TTI.ComputationOfTaxLiability.AggregateTaxInterestLiability,Mandatory,integer,Scalar,max=99999999999999; min=0; default=0,,,,
ITR2.PartB_TTI.TaxPaid,Mandatory,object,Nested Object,,,Tax paid details,TaxPaid,
ITR2.PartB_TTI.TaxPaid.TaxesPaid,Mandatory,object,Nested Object,,,,TaxesPaid,
ITR2.PartB_TTI.TaxPaid.TaxesPaid.AdvanceTax,Mandatory,integer,Scalar,max=99999999999999; min=0,,,,
ITR2.PartB_TTI.TaxPaid.TaxesPaid.TDS,Mandatory,integer,Scalar,max=99999999999999; min=0,,,,
ITR2.PartB_TTI.TaxPaid.TaxesPaid.TCS,Mandatory,integer,Scalar,max=99999999999999; min=0,,,,
ITR2.PartB_TTI.TaxPaid.TaxesPaid.SelfAssessmentTax,Mandatory,integer,Scalar,max=99999999999999; min=0,,,,
ITR2.PartB_TTI.TaxPaid.TaxesPaid.TotalTaxesPaid,Mandatory,integer,Scalar,max=99999999999999; min=0; default=0,,,,
ITR2.PartB_TTI.TaxPaid.BalTaxPayable,Optional,integer,Scalar,max=99999999999999; min=0; default=0,,,,
ITR2.PartB_TTI.Refund,Mandatory,object,Nested Object,,,Refund details,Refund,
ITR2.PartB_TTI.Refund.RefundDue,Mandatory,integer,Scalar,max=99999999999999; min=0; default=0,,Total Taxes Paid is greater than Aggregate Liability,,
ITR2.PartB_TTI.Refund.BankAccountDtls,Mandatory,object,Nested Object,,,Bank details,BankAccountDtls,
ITR2.PartB_TTI.Refund.BankAccountDtls.BankDtlsFlag,Mandatory,object,Nested Object,default=Y,"Y, N",, (allOf: nonEmptyString),
ITR2.PartB_TTI.Refund.BankAccountDtls.AddtnlBankDetails,Optional,array,Array,,,,,items: object
ITR2.PartB_TTI.Refund.BankAccountDtls.AddtnlBankDetails[].IFSCCode,Mandatory,object,Nested Object,pattern=[A-Z]{4}[0][A-Z0-9]{6},,, (allOf: nonEmptyString),
ITR2.PartB_TTI.Refund.BankAccountDtls.AddtnlBankDetails[].BankName,Mandatory,object,Nested Object,maxLength=125; minLength=1,,, (allOf: nonEmptyString),
ITR2.PartB_TTI.Refund.BankAccountDtls.AddtnlBankDetails[].BankAccountNo,Mandatory,object,Nested Object,pattern=[a-zA-Z0-9]([/-]?(((\d*[1-9]\d*)*[a-zA-Z/-])|(\d*[1-9]\d*[a-zA-Z]*))+)*[0-9]*; maxLength=20; minLength=1,,, (allOf: nonZeroString),
ITR2.PartB_TTI.Refund.BankAccountDtls.AddtnlBankDetails[].AccountType,Mandatory,string,Scalar,,"SB, CA, CC, OD, NRO, CGAS, OTH","SB: Savings Account, CA: Current Account,CC: Cash Credit Account, OD: Over draft account, NRO: Non Resident Account, CGAS - Capital Gain Account Scheme,OTH: Other",,
ITR2.PartB_TTI.Refund.BankAccountDtls.AddtnlBankDetails[].UseForRefund,Mandatory,object,Nested Object,default=false,"true, false",, (allOf: nonEmptyString),
ITR2.PartB_TTI.Refund.BankAccountDtls.ForeignBankDetails,Optional,array,Array,,,,,items: object
ITR2.PartB_TTI.Refund.BankAccountDtls.ForeignBankDetails[].SWIFTCode,Mandatory,object,Nested Object,maxLength=30; minLength=1,,, (allOf: nonEmptyString),
ITR2.PartB_TTI.Refund.BankAccountDtls.ForeignBankDetails[].BankName,Mandatory,object,Nested Object,maxLength=125; minLength=1,,, (allOf: nonEmptyString),
ITR2.PartB_TTI.Refund.BankAccountDtls.ForeignBankDetails[].IBAN,Mandatory,object,Nested Object,maxLength=40; minLength=1,,, (allOf: nonEmptyString),
ITR2.PartB_TTI.Refund.BankAccountDtls.ForeignBankDetails[].CountryCode,Mandatory,object,Nested Object,,"93, 1001, 355, 213, 684, 376, 244, 1264, 1010, 1268, 54, 374, 297, 61, 43, 994, 1242, 973, 880, 1246 ... (+230 more)",93:AFGHANISTAN; 1001:ÅLAND ISLANDS; 355:ALBANIA; 213:ALGERIA; 684:AMERICAN SAMOA; 376:ANDORRA; 244:ANGOLA; 1264:ANGUILLA; 1010:ANTARCTICA; 1268:ANTIGUA AND BARBUDA; 54:ARGENTINA; 374:ARMENIA; 297:ARUB,CountryCode (allOf: nonEmptyString),
ITR2.PartB_TTI.AssetOutIndiaFlag,Mandatory,object,Nested Object,default=NO,"YES, NO",This field is applicable only in case of resident assessee. It is to know if the assessee has any interest in any asset/signing authority in any account located outside India., (allOf: nonEmptyString),
ITR2.ScheduleIT,Optional,object,Nested Object,,,Details of Advance Tax and Self Assessment Tax Payments of Income Tax,ScheduleIT,
ITR2.ScheduleIT.TaxPayment,Optional,array,Array,minItems=1,,,,items: object
ITR2.ScheduleIT.TaxPayment[].BSRCode,Mandatory,object,Nested Object,pattern=[0-9]{3}[0-9A-Z]{4},,, (allOf: nonEmptyString),
ITR2.ScheduleIT.TaxPayment[].DateDep,Mandatory,string,Scalar,pattern=([12]\d{3}-(0[1-9]|1[0-2])-(0[1-9]|[12]\d|3[01])),,Date in YYYY-MM-DD format  on or after 2025-04-01,,
ITR2.ScheduleIT.TaxPayment[].SrlNoOfChaln,Mandatory,integer,Scalar,max=99999; min=0,,,,
ITR2.ScheduleIT.TaxPayment[].Amt,Mandatory,integer,Scalar,max=99999999999999; min=0; default=0,,,,
ITR2.ScheduleIT.TotalTaxPayments,Mandatory,integer,Scalar,max=99999999999999; min=0; default=0,,,,
ITR2.ScheduleTDS1,Optional,object,Nested Object,,,,ScheduleTDS1,
ITR2.ScheduleTDS1.TDSonSalary,Optional,array,Array,minItems=1,,,,items: object
ITR2.ScheduleTDS1.TDSonSalary[].EmployerOrDeductorOrCollectDetl,Mandatory,object,Nested Object,,,Dedcutor or Collector Details,EmployerOrDeductorOrCollectDetl,
ITR2.ScheduleTDS1.TDSonSalary[].EmployerOrDeductorOrCollectDetl.TAN,Mandatory,object,Nested Object,pattern=HYD[A-Z][0-9]{5}[A-Z]|VPN[A-Z][0-9]{5}[A-Z]|BBN[A-Z][0-9]{5}[A-Z]|BPL[A-Z][0-9]{5}[A-Z]|JBP[A-Z][0-9]{5}[A-Z]|CHE[A-Z][0-9]{5}[A-Z]|CMB[A-Z][0-9]{5}[A-Z]|MRI[A-Z][0-9]{5}[A-Z]|DEL[A-Z][0-9]{5}[A-Z]|CAL[A-Z][0-9]{5}[A-Z]|MRT[A-Z][0-9]{5}[A-Z]|AHM[A-Z][0-9]{5}[A-Z]|BRD[A-Z][0-9]{5}[A-Z]|RKT[A-Z][0-9]{5}[A-Z]|SRT[A-Z][0-9]{5}[A-Z]|BLR[A-Z][0-9]{5}[A-Z]|AGR[A-Z][0-9]{5}[A-Z]|KNP[A-Z][0-9]{5}[A-Z]|CHN[A-Z][0-9]{5}[A-Z]|TVD[A-Z][0-9]{5}[A-Z]|ALD[A-Z][0-9]{5}[A-Z]|LKN[A-Z][0-9]{5}[A-Z]|MUM[A-Z][0-9]{5}[A-Z]|NGP[A-Z][0-9]{5}[A-Z]|AMR[A-Z][0-9]{5}[A-Z]|JLD[A-Z][0-9]{5}[A-Z]|PTL[A-Z][0-9]{5}[A-Z]|RTK[A-Z][0-9]{5}[A-Z]|KLP[A-Z][0-9]{5}[A-Z]|NSK[A-Z][0-9]{5}[A-Z]|PNE[A-Z][0-9]{5}[A-Z]|PTN[A-Z][0-9]{5}[A-Z]|RCH[A-Z][0-9]{5}[A-Z]|JDH[A-Z][0-9]{5}[A-Z]|JPR[A-Z][0-9]{5}[A-Z]|SHL[A-Z][0-9]{5}[A-Z],,, (allOf: nonEmptyString),
ITR2.ScheduleTDS1.TDSonSalary[].EmployerOrDeductorOrCollectDetl.EmployerOrDeductorOrCollecterName,Mandatory,object,Nested Object,maxLength=125; minLength=1,,, (allOf: nonEmptyString),
ITR2.ScheduleTDS1.TDSonSalary[].IncChrgSal,Mandatory,integer,Scalar,max=99999999999999; min=0; default=0,,,,
ITR2.ScheduleTDS1.TDSonSalary[].TotalTDSSal,Mandatory,integer,Scalar,max=99999999999999; min=0; default=0,,,,
ITR2.ScheduleTDS1.TotalTDSonSalaries,Mandatory,integer,Scalar,max=99999999999999; min=0; default=0,,,,
ITR2.ScheduleTDS2,Optional,object,Nested Object,,,,ScheduleTDS2,
ITR2.ScheduleTDS2.TDSOthThanSalaryDtls,Optional,array,Array,minItems=1,,,,items: object
ITR2.ScheduleTDS2.TDSOthThanSalaryDtls[].TDSCreditName,Mandatory,string,Scalar,,"S, O",S - Self; O - Other Person,,
ITR2.ScheduleTDS2.TDSOthThanSalaryDtls[].PANofOtherPerson,Optional,object,Nested Object,pattern=[A-Z]{5}[0-9]{4}[A-Z],,, (allOf: nonEmptyString),
ITR2.ScheduleTDS2.TDSOthThanSalaryDtls[].AadhaarOfOtherPerson,Optional,object,Nested Object,pattern=[0-9]{12},,, (allOf: nonEmptyString),
ITR2.ScheduleTDS2.TDSOthThanSalaryDtls[].TANOfDeductor,Mandatory,object,Nested Object,pattern=HYD[A-Z][0-9]{5}[A-Z]|VPN[A-Z][0-9]{5}[A-Z]|BBN[A-Z][0-9]{5}[A-Z]|BPL[A-Z][0-9]{5}[A-Z]|JBP[A-Z][0-9]{5}[A-Z]|CHE[A-Z][0-9]{5}[A-Z]|CMB[A-Z][0-9]{5}[A-Z]|MRI[A-Z][0-9]{5}[A-Z]|DEL[A-Z][0-9]{5}[A-Z]|CAL[A-Z][0-9]{5}[A-Z]|MRT[A-Z][0-9]{5}[A-Z]|AHM[A-Z][0-9]{5}[A-Z]|BRD[A-Z][0-9]{5}[A-Z]|RKT[A-Z][0-9]{5}[A-Z]|SRT[A-Z][0-9]{5}[A-Z]|BLR[A-Z][0-9]{5}[A-Z]|AGR[A-Z][0-9]{5}[A-Z]|KNP[A-Z][0-9]{5}[A-Z]|CHN[A-Z][0-9]{5}[A-Z]|TVD[A-Z][0-9]{5}[A-Z]|ALD[A-Z][0-9]{5}[A-Z]|LKN[A-Z][0-9]{5}[A-Z]|MUM[A-Z][0-9]{5}[A-Z]|NGP[A-Z][0-9]{5}[A-Z]|AMR[A-Z][0-9]{5}[A-Z]|JLD[A-Z][0-9]{5}[A-Z]|PTL[A-Z][0-9]{5}[A-Z]|RTK[A-Z][0-9]{5}[A-Z]|KLP[A-Z][0-9]{5}[A-Z]|NSK[A-Z][0-9]{5}[A-Z]|PNE[A-Z][0-9]{5}[A-Z]|PTN[A-Z][0-9]{5}[A-Z]|RCH[A-Z][0-9]{5}[A-Z]|JDH[A-Z][0-9]{5}[A-Z]|JPR[A-Z][0-9]{5}[A-Z]|SHL[A-Z][0-9]{5}[A-Z],,, (allOf: nonEmptyString),
ITR2.ScheduleTDS2.TDSOthThanSalaryDtls[].TDSSection,Mandatory,object,Nested Object,,"92A, 92B, 92C, 192A, 193, 194, 94A, 94B, 94BA, 4BB, 94C, 94D, 4DA, 94E, 4EE, 4F, 4G, 4H, 4-IA, 4-IB ... (+39 more)",92A:192- Salary-Payment to Government employees other than Indian Government employees; 92B:192- Salary-Payment to employees other than Government employees; 92C:192- Salary-Payment to Indian Governme, (allOf: nonEmptyString),
ITR2.ScheduleTDS2.TDSOthThanSalaryDtls[].DeductedYr,Optional,integer,Scalar,max=2024; min=2008,"2024, 2023, 2022, 2021, 2020, 2019, 2018, 2017, 2016, 2015, 2014, 2013, 2012, 2011, 2010, 2009, 2008",,DeductedYr,
ITR2.ScheduleTDS2.TDSOthThanSalaryDtls[].BroughtFwdTDSAmt,Optional,integer,Scalar,max=99999999999999; min=0; default=0,,,BroughtFwdTDSAmt,
ITR2.ScheduleTDS2.TDSOthThanSalaryDtls[].TaxDeductCreditDtls,Mandatory,object,Nested Object,,,,TaxDeductCreditDtls,
ITR2.ScheduleTDS2.TDSOthThanSalaryDtls[].TaxDeductCreditDtls.TaxDeductedOwnHands,Optional,integer,Scalar,max=99999999999999; min=0,,,,
ITR2.ScheduleTDS2.TDSOthThanSalaryDtls[].TaxDeductCreditDtls.TaxDeductedIncome,Optional,integer,Scalar,max=99999999999999; min=0,,,,
ITR2.ScheduleTDS2.TDSOthThanSalaryDtls[].TaxDeductCreditDtls.TaxDeductedTDS,Optional,integer,Scalar,max=99999999999999; min=0,,,,
ITR2.ScheduleTDS2.TDSOthThanSalaryDtls[].TaxDeductCreditDtls.TaxClaimedOwnHands,Mandatory,integer,Scalar,max=99999999999999; min=0,,,,
ITR2.ScheduleTDS2.TDSOthThanSalaryDtls[].TaxDeductCreditDtls.TaxClaimedIncome,Optional,integer,Scalar,max=99999999999999; min=0,,,,
ITR2.ScheduleTDS2.TDSOthThanSalaryDtls[].TaxDeductCreditDtls.TaxClaimedTDS,Optional,integer,Scalar,max=99999999999999; min=0,,,,
ITR2.ScheduleTDS2.TDSOthThanSalaryDtls[].TaxDeductCreditDtls.TaxClaimedSpouseOthPrsnPAN,Optional,object,Nested Object,pattern=[A-Z]{5}[0-9]{4}[A-Z],,, (allOf: nonEmptyString),
ITR2.ScheduleTDS2.TDSOthThanSalaryDtls[].TaxDeductCreditDtls.SpouseOthPrsnAadhaar,Optional,object,Nested Object,pattern=[0-9]{12},,, (allOf: nonEmptyString),
ITR2.ScheduleTDS2.TDSOthThanSalaryDtls[].GrossAmount,Optional,integer,Scalar,max=99999999999999; min=0,,,,
ITR2.ScheduleTDS2.TDSOthThanSalaryDtls[].HeadOfIncome,Optional,string,Scalar,,"HP, CG, OS, EI, NA",HP - Income from House Property; CG - Income from Capital Gains; OS - Income from Other Sources; EI - Exempt Income; NA - Not Applicable,,
ITR2.ScheduleTDS2.TDSOthThanSalaryDtls[].AmtCarriedFwd,Mandatory,integer,Scalar,max=99999999999999; min=0; default=0,,,AmtCarriedFwd,
ITR2.ScheduleTDS2.TotalTDSonOthThanSals,Mandatory,integer,Scalar,max=99999999999999; min=0; default=0,,,,
ITR2.ScheduleTDS3,Optional,object,Nested Object,,,,ScheduleTDS3,
ITR2.ScheduleTDS3.TDS3onOthThanSalDtls,Optional,array,Array,minItems=1,,,,items: object
ITR2.ScheduleTDS3.TDS3onOthThanSalDtls[].TDSCreditName,Mandatory,string,Scalar,,"S, O",S - Self; O - Other Person,,
ITR2.ScheduleTDS3.TDS3onOthThanSalDtls[].PANofOtherPerson,Optional,object,Nested Object,pattern=[A-Z]{5}[0-9]{4}[A-Z],,, (allOf: nonEmptyString),
ITR2.ScheduleTDS3.TDS3onOthThanSalDtls[].AadhaarOfOtherPerson,Optional,object,Nested Object,pattern=[0-9]{12},,, (allOf: nonEmptyString),
ITR2.ScheduleTDS3.TDS3onOthThanSalDtls[].PANOfBuyerTenant,Mandatory,object,Nested Object,pattern=[A-Z]{5}[0-9]{4}[A-Z],,, (allOf: nonEmptyString),
ITR2.ScheduleTDS3.TDS3onOthThanSalDtls[].AadhaarOfBuyerTenant,Optional,object,Nested Object,pattern=[0-9]{12},,, (allOf: nonEmptyString),
ITR2.ScheduleTDS3.TDS3onOthThanSalDtls[].TDSSection,Mandatory,object,Nested Object,,"92A, 92B, 92C, 192A, 193, 194, 94A, 94B, 94BA, 4BB, 94C, 94D, 4DA, 94E, 4EE, 4F, 4G, 4H, 4-IA, 4-IB ... (+39 more)",92A:192- Salary-Payment to Government employees other than Indian Government employees; 92B:192- Salary-Payment to employees other than Government employees; 92C:192- Salary-Payment to Indian Governme, (allOf: nonEmptyString),
ITR2.ScheduleTDS3.TDS3onOthThanSalDtls[].DeductedYr,Optional,integer,Scalar,max=2024; min=2008,"2024, 2023, 2022, 2021, 2020, 2019, 2018, 2017, 2016, 2015, 2014, 2013, 2012, 2011, 2010, 2009, 2008",,DeductedYr,
ITR2.ScheduleTDS3.TDS3onOthThanSalDtls[].BroughtFwdTDSAmt,Optional,integer,Scalar,max=99999999999999; min=0; default=0,,,BroughtFwdTDSAmt,
ITR2.ScheduleTDS3.TDS3onOthThanSalDtls[].TaxDeductCreditDtls,Mandatory,object,Nested Object,,,,TaxDeductCreditDtls,
ITR2.ScheduleTDS3.TDS3onOthThanSalDtls[].TaxDeductCreditDtls.TaxDeductedOwnHands,Optional,integer,Scalar,max=99999999999999; min=0,,,,
ITR2.ScheduleTDS3.TDS3onOthThanSalDtls[].TaxDeductCreditDtls.TaxDeductedIncome,Optional,integer,Scalar,max=99999999999999; min=0,,,,
ITR2.ScheduleTDS3.TDS3onOthThanSalDtls[].TaxDeductCreditDtls.TaxDeductedTDS,Optional,integer,Scalar,max=99999999999999; min=0,,,,
ITR2.ScheduleTDS3.TDS3onOthThanSalDtls[].TaxDeductCreditDtls.TaxClaimedOwnHands,Mandatory,integer,Scalar,max=99999999999999; min=0,,,,
ITR2.ScheduleTDS3.TDS3onOthThanSalDtls[].TaxDeductCreditDtls.TaxClaimedIncome,Optional,integer,Scalar,max=99999999999999; min=0,,,,
ITR2.ScheduleTDS3.TDS3onOthThanSalDtls[].TaxDeductCreditDtls.TaxClaimedTDS,Optional,integer,Scalar,max=99999999999999; min=0,,,,
ITR2.ScheduleTDS3.TDS3onOthThanSalDtls[].TaxDeductCreditDtls.TaxClaimedSpouseOthPrsnPAN,Optional,object,Nested Object,pattern=[A-Z]{5}[0-9]{4}[A-Z],,, (allOf: nonEmptyString),
ITR2.ScheduleTDS3.TDS3onOthThanSalDtls[].TaxDeductCreditDtls.SpouseOthPrsnAadhaar,Optional,object,Nested Object,pattern=[0-9]{12},,, (allOf: nonEmptyString),
ITR2.ScheduleTDS3.TDS3onOthThanSalDtls[].GrossAmount,Optional,integer,Scalar,max=99999999999999; min=0,,,,
ITR2.ScheduleTDS3.TDS3onOthThanSalDtls[].HeadOfIncome,Optional,string,Scalar,,"HP, CG, OS, EI",HP - Income from House Property; CG - Income from Capital Gains; OS - Income from Other Sources; EI - Exempt Income,,
ITR2.ScheduleTDS3.TDS3onOthThanSalDtls[].AmtCarriedFwd,Mandatory,integer,Scalar,max=99999999999999; min=0; default=0,,,AmtCarriedFwd,
ITR2.ScheduleTDS3.TotalTDS3OnOthThanSal,Mandatory,integer,Scalar,max=99999999999999; min=0; default=0,,,,
ITR2.ScheduleTCS,Optional,object,Nested Object,,,,ScheduleTCS,
ITR2.ScheduleTCS.TCS,Optional,array,Array,minItems=1,,,,items: object
ITR2.ScheduleTCS.TotalSchTCS,Mandatory,integer,Scalar,max=99999999999999; min=0; default=0,,,,
ITR2.Verification,Mandatory,object,Nested Object,,,Verification declaration details,Verification,
ITR2.Verification.Declaration,Mandatory,object,Nested Object,,,,,
ITR2.Verification.Capacity,Mandatory,string,Scalar,,"S, R, K, A",S : Self; R : Representative; K : Karta; A : Authorised Signatory,,
ITR2.Verification.Date,Optional,string,Scalar,pattern=([12]\d{3}-(0[1-9]|1[0-2])-(0[1-9]|[12]\d|3[01])),,Date in YYYY-MM-DD format,,
ITR2.Verification.Place,Optional,object,Nested Object,maxLength=50; minLength=1,,, (allOf: nonEmptyString),
ITR2.TaxReturnPreparer,Optional,object,Nested Object,,,TRP details,TaxReturnPreparer,
ITR2.TaxReturnPreparer.IdentificationNoOfTRP,Mandatory,object,Nested Object,pattern=[T][0-9]{9}|[0-9]{6},,, (allOf: nonEmptyString),
ITR2.TaxReturnPreparer.NameOfTRP,Mandatory,object,Nested Object,maxLength=125; minLength=1,,, (allOf: nonEmptyString),
ITR2.TaxReturnPreparer.ReImbFrmGov,Mandatory,integer,Scalar,max=99999999999999; min=0; default=0,,,,
ITR2.ScheduleESOP,Optional,object,Nested Object,,,"Tax deferred on ESOP : Information related to Tax deferred - relatable to income on perquisites referred in section 17(2)(vi) received from employer, being an eligible start-up referred to in section ",ScheduleESOP,
ITR2.ScheduleESOP.PanofStartUp,Mandatory,object,Nested Object,pattern=[A-Z]{5}[0-9]{4}[A-Z],,, (allOf: nonEmptyString),
ITR2.ScheduleESOP.DPIITRegNo,Mandatory,string,Scalar,"pattern=DIPP[0-9]{3,5}",,,,
ITR2.ScheduleESOP.ScheduleESOP2122_Type,Optional,object,Nested Object,,,,,
ITR2.ScheduleESOP.ScheduleESOP2223_Type,Optional,object,Nested Object,,,,,
ITR2.ScheduleESOP.ScheduleESOP2324_Type,Optional,object,Nested Object,,,,,
ITR2.ScheduleESOP.ScheduleESOP2425_Type,Optional,object,Nested Object,,,,,
ITR2.ScheduleESOP.ScheduleESOP2526_Type,Optional,object,Nested Object,,,,,
ITR2.ScheduleESOP.ScheduleESOP2627_Type,Optional,object,Nested Object,,,,,
ITR2.ScheduleESOP.TotalTaxAttributedAmt,Mandatory,integer,Scalar,max=99999999999999; min=0,,,,
